History,Stock,% of Portfolio,RecentActivity,Shares,ReportedPrice*,Value,Unnamed: 7,Current Price,+/-Reported Price,52Week Low,52Week High,Investor,Page
≡,MSFT - Microsoft Corp.,4.15,Add 32.45%,3217642,$483.62,"$1,556,116,000",,$396.86,-17.94%,$342.95,$553.50,Viking Global Investors,1
≡,PNC - PNC Financial Services,4.06,Reduce 8.42%,7287068,$208.73,"$1,521,030,000",,$231.24,10.78%,$140.02,$243.94,Viking Global Investors,1
≡,TSM - Taiwan Semiconductor S.A.,3.99,Add 24.61%,4914896,$303.89,"$1,493,588,000",,$364.20,19.85%,$133.00,$380.00,Viking Global Investors,1
≡,V - Visa Inc.,3.73,Add 37.53%,3984205,$350.71,"$1,397,301,000",,$319.50,-8.90%,$296.78,$373.34,Viking Global Investors,1
≡,SCHW - Charles Schwab Corp.,3.7,Reduce 16.34%,13872905,$99.91,"$1,386,042,000",,$93.08,-6.84%,$65.08,$107.14,Viking Global Investors,1
≡,DIS - Walt Disney Co.,3.4,Add 7.12%,11193504,$113.77,"$1,273,485,000",,$105.44,-7.32%,$79.22,$123.85,Viking Global Investors,1
≡,APD - Air Products & Chemicals,3.15,Add 30.42%,4782534,$247.02,"$1,181,382,000",,$277.69,12.42%,$227.45,$313.12,Viking Global Investors,1
≡,MCD - McDonald's Corp.,2.95,Add 7.24%,3619215,$305.63,"$1,106,141,000",,$327.62,7.19%,$280.19,$335.67,Viking Global Investors,1
≡,BBIO - BridgeBio Pharma Inc.,2.94,Reduce 9.91%,14393934,$76.49,"$1,100,992,000",,$75.85,-0.84%,$28.33,$84.94,Viking Global Investors,1
≡,FTV - Fortive Corp.,2.83,Reduce 6.13%,19228265,$55.21,"$1,061,593,000",,$56.81,2.90%,$46.10,$63.54,Viking Global Investors,1
≡,SHW - Sherwin-Williams,2.74,Add 10.11%,3172308,$324.03,"$1,027,923,000",,$367.94,13.55%,$306.78,$378.76,Viking Global Investors,1
≡,BA - Boeing Co.,2.29,Add 31.31%,3953087,$217.12,"$858,294,000",,$244.04,12.40%,$128.88,$254.35,Viking Global Investors,1
≡,GOOGL - Alphabet Inc.,2.23,Buy,2666272,$313.00,"$834,543,000",,$302.02,-3.51%,$140.14,$349.00,Viking Global Investors,1
≡,AMD - Advanced Micro Devices,2.14,Reduce 10.50%,3742191,$214.16,"$801,428,000",,$203.08,-5.17%,$76.48,$267.08,Viking Global Investors,1
≡,ICE - Intercontinental Exchange Inc.,2.08,Buy,4803197,$161.96,"$777,926,000",,$153.44,-5.26%,$142.74,$188.26,Viking Global Investors,1
≡,TSLA - Tesla Inc.,2.04,Add 5.59%,1699741,$449.72,"$764,408,000",,$410.63,-8.69%,$214.25,$498.83,Viking Global Investors,1
≡,TMUS - T-Mobile US Inc.,2.03,Add 15.07%,3754218,$203.04,"$762,256,000",,$219.61,8.16%,$181.36,$273.15,Viking Global Investors,1
≡,AMZN - Amazon.com Inc.,1.93,Buy,3126816,$230.82,"$721,732,000",,$201.15,-12.85%,$161.38,$258.60,Viking Global Investors,1
≡,COF - Capital One Financial,1.91,Reduce 60.04%,2952317,$242.36,"$715,524,000",,$206.74,-14.70%,$141.84,$259.64,Viking Global Investors,1
≡,JCI - Johnson Controls Intl. plc,1.89,Reduce 12.92%,5918707,$119.75,"$708,765,000",,$142.21,18.76%,$67.31,$143.17,Viking Global Investors,1
≡,DKNG - DraftKings Inc.,1.76,Add 27.44%,19119912,$34.46,"$658,872,000",,$22.59,-34.45%,$21.01,$53.50,Viking Global Investors,1
≡,JPM - JPMorgan Chase & Co.,1.64,Reduce 62.33%,1905982,$322.22,"$614,146,000",,$307.13,-4.68%,$199.32,$335.87,Viking Global Investors,1
≡,ROST - Ross Stores Inc.,1.52,Add 56.51%,3167479,$180.14,"$570,590,000",,$198.21,10.03%,$121.41,$198.98,Viking Global Investors,1
≡,GM - General Motors,1.48,Reduce 47.75%,6806095,$81.32,"$553,472,000",,$81.22,-0.12%,$41.28,$87.62,Viking Global Investors,1
≡,MAA - Mid-America Apt Communties,1.44,Add 46.69%,3880048,$138.91,"$538,977,000",,$134.41,-3.24%,$124.34,$166.19,Viking Global Investors,1
≡,CPT - Camden Property Trust,1.4,Add 23.86%,4764495,$110.08,"$524,476,000",,$108.37,-1.55%,$96.20,$121.85,Viking Global Investors,1
≡,DKS - Dick's Sporting Goods Inc.,1.36,Buy,2572969,$197.97,"$509,371,000",,$206.15,4.13%,$163.49,$235.99,Viking Global Investors,1
≡,CLS - Celestica Inc,1.34,Reduce 1.37%,1699236,$295.61,"$502,311,000",,$286.66,-3.03%,$58.05,$363.40,Viking Global Investors,1
≡,CSX - CSX Corp.,1.34,Reduce 13.36%,13817539,$36.25,"$500,886,000",,$41.03,13.19%,$25.91,$41.79,Viking Global Investors,1
≡,ADPT - Adaptive Biotechnologies Corp.,1.3,,29993708,$16.24,"$487,098,000",,$15.79,-2.77%,$6.26,$20.76,Viking Global Investors,1
≡,SE - Sea Ltd,1.25,Add 20.81%,3671545,$127.57,"$468,379,000",,$108.51,-14.94%,$99.50,$199.30,Viking Global Investors,1
≡,HCA - HCA Healthcare Inc.,1.24,Reduce 27.63%,999180,$466.86,"$466,477,000",,$534.78,14.55%,$292.80,$552.90,Viking Global Investors,1
≡,TMO - Thermo Fisher Scientific,1.23,Buy,793187,$579.45,"$459,612,000",,$501.59,-13.44%,$384.82,$643.99,Viking Global Investors,1
≡,RRX - Regal Rexnord Corp.,1.21,Add 3.22%,3223940,$140.32,"$452,383,000",,$219.05,56.11%,$89.90,$229.30,Viking Global Investors,1
≡,CVNA - Carvana Co.,1.2,Reduce 49.48%,1061533,$422.02,"$447,988,000",,$350.94,-16.84%,$148.25,$486.89,Viking Global Investors,1
≡,CHWY - Chewy Inc.,1.19,Add 146.85%,13536645,$33.05,"$447,386,000",,$23.80,-27.99%,$23.06,$48.62,Viking Global Investors,1
≡,APG - APi Group Corp.,1.18,Reduce 6.25%,11537518,$38.26,"$441,425,000",,$44.43,16.13%,$20.50,$46.11,Viking Global Investors,1
≡,STLA - Stellantis N.V.,1.16,Buy,39062551,$11.12,"$434,320,000",,$7.83,-29.59%,$7.03,$13.12,Viking Global Investors,1
≡,CCL - Carnival Corp.,1.15,Buy,14061827,$30.54,"$429,448,000",,$32.68,7.01%,$15.00,$34.03,Viking Global Investors,1
≡,UBS - UBS AG,1.14,Reduce 30.30%,9128817,$46.66,"$425,958,000",,$42.32,-9.30%,$24.95,$49.36,Viking Global Investors,1
≡,UNH - United Health Group Inc.,1.05,Buy,1197273,$330.11,"$395,232,000",,$289.09,-12.43%,$231.57,$594.32,Viking Global Investors,1
≡,BMRN - BioMarin Pharmaceutical Inc.,0.96,Reduce 27.46%,6036936,$59.43,"$358,775,000",,$59.95,0.87%,$50.76,$73.51,Viking Global Investors,1
≡,SAIA - Saia Inc.,0.95,Reduce 21.34%,1088582,$326.52,"$355,444,000",,$388.35,18.94%,$229.12,$507.39,Viking Global Investors,1
≡,TIC - Acuren Corporation,0.93,,34360000,$10.11,"$347,380,000",,$9.34,-7.62%,$8.76,$14.94,Viking Global Investors,1
≡,CB - Chubb Limited,0.84,Buy,1013839,$312.12,"$316,439,000",,$331.89,6.33%,$259.71,$335.60,Viking Global Investors,1
≡,LII - Lennox International,0.81,Buy,621311,$485.58,"$301,696,000",,$565.50,16.46%,$442.02,$685.91,Viking Global Investors,1
≡,PGR - Progressive Corp.,0.81,Buy,1331538,$227.72,"$303,218,000",,$207.90,-8.70%,$187.97,$275.18,Viking Global Investors,1
≡,TW - Tradeweb Markets Inc.,0.79,Buy,2768659,$107.54,"$297,742,000",,$114.32,6.30%,$97.06,$152.21,Viking Global Investors,1
≡,MDLN - Medline Inc Cl A,0.78,Buy,6959157,$42.00,"$292,285,000",,$46.16,9.90%,$34.89,$47.99,Viking Global Investors,1
≡,AON - Aon Plc,0.74,Reduce 44.60%,783650,$352.88,"$276,534,000",,$325.96,-7.63%,$304.59,$409.47,Viking Global Investors,1
≡,AJG - Arthur J. Gallagher & Co.,0.72,Buy,1040977,$258.79,"$269,394,000",,$214.00,-17.31%,$195.00,$348.84,Viking Global Investors,1
≡,BAC - Bank of America Corp.,0.66,Reduce 60.92%,4494629,$55.00,"$247,205,000",,$52.74,-4.11%,$32.52,$57.55,Viking Global Investors,1
≡,BSX - Boston Scientific,0.64,Reduce 4.99%,2509808,$95.35,"$239,310,000",,$76.29,-19.99%,$72.69,$109.50,Viking Global Investors,1
≡,DLR - Digital Realty Trust Inc.,0.62,Buy,1507988,$154.71,"$233,301,000",,$179.89,16.28%,$127.13,$184.79,Viking Global Investors,1
≡,LOW - Lowe's Cos.,0.59,Buy,912040,$241.16,"$219,948,000",,$281.16,16.59%,$202.31,$293.06,Viking Global Investors,1
≡,FIG - Figma Inc Cl A,0.57,Buy,5752388,$37.37,"$214,967,000",,$23.10,-38.19%,$19.85,$142.92,Viking Global Investors,1
≡,AS - Amer Sports Inc,0.48,Reduce 24.11%,4814290,$37.35,"$179,814,000",,$40.26,7.79%,$20.21,$42.36,Viking Global Investors,1
≡,RAL - Ralliant Corp.,0.43,Reduce 37.77%,3162630,$50.91,"$161,009,000",,$44.50,-12.59%,$37.27,$57.02,Viking Global Investors,1
≡,RIOT - Riot Blockchain Inc.,0.42,Buy,12428894,$12.67,"$157,474,000",,$14.65,15.63%,$6.19,$23.94,Viking Global Investors,1
≡,NAMS - Newamsterdam Pharma Co Nv,0.39,Reduce 35.09%,4203567,$35.08,"$147,461,000",,$35.24,0.46%,$14.06,$42.00,Viking Global Investors,1
≡,IQV - IQVIA Holdings Inc.,0.37,Buy,619236,$225.41,"$139,582,000",,$164.44,-27.05%,$134.65,$247.05,Viking Global Investors,1
≡,ROIV - Roivant Sciences Ltd,0.37,Reduce 72.69%,6443191,$21.70,"$139,817,000",,$27.09,24.84%,$8.73,$27.94,Viking Global Investors,1
≡,SION - Sionna Therapeutics Inc,0.35,,3195181,$41.14,"$131,450,000",,$38.03,-7.56%,$7.26,$45.00,Viking Global Investors,1
≡,INBX - Inhibrx,0.3,Reduce 19.58%,1437705,$79.00,"$113,579,000",,$78.77,-0.29%,$10.81,$94.57,Viking Global Investors,1
≡,PHVS - Pharvaris NV,0.27,,3653310,$27.75,"$101,379,000",,$26.61,-4.11%,$11.51,$29.80,Viking Global Investors,1
≡,CSGP - CoStar Group Inc.,0.26,Reduce 22.01%,1442582,$67.24,"$96,999,000",,$45.74,-31.98%,$43.80,$97.43,Viking Global Investors,1
≡,ORKA - Oruka Therapeutics Inc,0.22,,2666690,$30.31,"$80,827,000",,$32.68,7.82%,$5.49,$36.51,Viking Global Investors,1
≡,WST - West Pharmaceutical Services,0.22,Buy,295028,$275.14,"$81,174,000",,$243.19,-11.61%,$186.77,$321.79,Viking Global Investors,1
≡,LAB - Standard Biotools Inc,0.2,,58651170,$1.28,"$75,073,000",,$1.12,-12.50%,$0.92,$1.72,Viking Global Investors,1
≡,MASI - Masimo Corp.,0.18,Reduce 52.08%,514340,$130.06,"$66,895,000",,$174.69,34.31%,$125.94,$194.88,Viking Global Investors,1
≡,ORIC - ORIC Pharmaceuticals Inc.,0.14,Reduce 0.00%,6572691,$8.18,"$53,765,000",,$10.09,23.35%,$3.90,$14.93,Viking Global Investors,1
≡,TRVI - Trevi Therapeutics Inc.,0.11,Reduce 37.63%,3198644,$12.52,"$40,047,000",,$10.15,-18.93%,$3.96,$14.39,Viking Global Investors,1
≡,DNA - Ginkgo Bioworks Holdings Inc.,0.08,,3577128,$8.31,"$29,726,000",,$9.00,8.30%,$5.00,$17.58,Viking Global Investors,1
≡,PEPG - Pepgen Inc,0.06,,3482434,$6.51,"$22,671,000",,$6.79,4.30%,$0.88,$7.80,Viking Global Investors,1
≡,RLYB - Rallybio Corp.,0.01,,524347,$5.49,"$2,878,000",,$4.33,-21.13%,$1.76,$6.75,Viking Global Investors,1
≡,JHG - Janus Henderson Group,38.05,,31867800,$47.57,"$1,515,951,000",,$49.50,4.06%,$27.44,$49.68,Nelson Peltz - Trian Fund Management,1
≡,GE - GE Aerospace,31.16,Add 0.01%,4030765,$308.03,"$1,241,597,000",,$327.08,6.18%,$158.75,$332.79,Nelson Peltz - Trian Fund Management,1
≡,SOLV - Solventum Corp,16.38,Reduce 2.67%,8236753,$79.24,"$652,680,000",,$73.73,-6.95%,$60.70,$88.20,Nelson Peltz - Trian Fund Management,1
≡,WEN - Wendy's Co.,6.36,Add 0.01%,30440318,$8.33,"$253,568,000",,$7.00,-15.97%,$6.73,$15.28,Nelson Peltz - Trian Fund Management,1
≡,FERG - Ferguson Enterprises Inc.,6.07,,1086357,$222.63,"$241,856,000",,$259.67,16.64%,$144.32,$271.64,Nelson Peltz - Trian Fund Management,1
≡,IVZ - Invesco Ltd,1.96,Reduce 79.69%,2970944,$26.27,"$78,047,000",,$26.40,0.49%,$11.14,$29.37,Nelson Peltz - Trian Fund Management,1
≡,GEHC - GE HealthCare Technologies Inc.,0.01,Add 0.37%,4044,$82.10,"$332,000",,$81.61,-0.60%,$57.54,$93.09,Nelson Peltz - Trian Fund Management,1
≡,PCG - PG&E Corp.,7.59,Reduce 31.54%,34300000,$16.07,"$551,201,000",,$18.02,12.13%,$12.91,$18.38,Daniel Loeb - Third Point,1
≡,NVDA - NVIDIA Corp.,7.58,Add 3.51%,2950000,$186.50,"$550,175,000",,$184.97,-0.82%,$86.60,$212.18,Daniel Loeb - Third Point,1
≡,AMZN - Amazon.com Inc.,6.88,Reduce 22.95%,2165000,$230.82,"$499,725,000",,$201.15,-12.85%,$161.38,$258.60,Daniel Loeb - Third Point,1
≡,MSFT - Microsoft Corp.,6.16,Reduce 15.91%,925000,$483.62,"$447,349,000",,$396.86,-17.94%,$342.95,$553.50,Daniel Loeb - Third Point,1
≡,UNP - Union Pacific,5.77,Add 106.86%,1810000,$231.32,"$418,689,000",,$262.80,13.61%,$200.99,$265.37,Daniel Loeb - Third Point,1
≡,CRH - CRH plc,4.47,Add 20.09%,2600000,$124.80,"$324,480,000",,$122.02,-2.23%,$75.94,$131.55,Daniel Loeb - Third Point,1
≡,SGI - Somnigroup International Inc.,4.18,Add 13.33%,3400000,$89.28,"$303,552,000",,$87.78,-1.68%,$52.78,$98.56,Daniel Loeb - Third Point,1
≡,BN - Brookfield Corp.,3.92,Reduce 11.59%,6200000,$45.89,"$284,518,000",,$47.78,4.12%,$28.95,$49.57,Daniel Loeb - Third Point,1
≡,NSC - Norfolk Southern Corp.,3.88,Reduce 40.91%,975000,$288.72,"$281,502,000",,$316.12,9.49%,$197.60,$319.94,Daniel Loeb - Third Point,1
≡,TDS - Telephone & Data Systems,3.77,Reduce 0.48%,6675000,$41.00,"$273,675,000",,$46.54,13.51%,$30.97,$47.80,Daniel Loeb - Third Point,1
≡,COF - Capital One Financial,3.67,Reduce 20.58%,1100000,$242.36,"$266,596,000",,$206.74,-14.70%,$141.84,$259.64,Daniel Loeb - Third Point,1
≡,CASY - Casey's Gen'l Stores,3.46,Reduce 9.00%,455000,$552.71,"$251,483,000",,$661.53,19.69%,$370.52,$678.67,Daniel Loeb - Third Point,1
≡,CRS - Carpenter Technology,3.4,Reduce 7.65%,785000,$314.84,"$247,149,000",,$374.88,19.07%,$138.14,$390.70,Daniel Loeb - Third Point,1
≡,LYV - Live Nation Inc.,3.39,Add 27.78%,1725000,$142.50,"$245,813,000",,$157.53,10.55%,$112.88,$175.25,Daniel Loeb - Third Point,1
≡,CSGP - CoStar Group Inc.,2.93,Add 4.91%,3165000,$67.24,"$212,815,000",,$45.74,-31.98%,$43.80,$97.43,Daniel Loeb - Third Point,1
≡,MTZ - MasTec Inc.,2.77,Add 27.59%,925000,$217.37,"$201,067,000",,$267.93,23.26%,$99.70,$276.79,Daniel Loeb - Third Point,1
≡,RKT - Rocket Companies Inc.,2.54,Add 137.88%,9515000,$19.36,"$184,210,000",,$18.37,-5.11%,$10.94,$24.36,Daniel Loeb - Third Point,1
≡,LPLA - LPL Financial Holdings Inc.,2.51,Reduce 14.16%,510000,$357.17,"$182,157,000",,$322.19,-9.79%,$262.20,$402.91,Daniel Loeb - Third Point,1
≡,CMG - Chipotle Mexican Grill Inc.,2.41,Buy,4725000,$37.00,"$174,825,000",,$37.88,2.38%,$29.75,$58.42,Daniel Loeb - Third Point,1
≡,CEG - Constellation Energy Corp.,2.31,Buy,475000,$353.27,"$167,803,000",,$303.01,-14.23%,$160.75,$412.23,Daniel Loeb - Third Point,1
≡,VST - Vistra Corp.,2.23,Add 7.49%,1005000,$161.33,"$162,137,000",,$173.68,7.66%,$90.17,$219.51,Daniel Loeb - Third Point,1
≡,DHR - Danaher Corp.,1.89,Add 1100.00%,600000,$228.92,"$137,352,000",,$206.36,-9.85%,$170.19,$242.80,Daniel Loeb - Third Point,1
≡,SN - Sharkninja Inc,1.85,Reduce 33.33%,1200000,$111.90,"$134,280,000",,$131.45,17.47%,$60.50,$133.99,Daniel Loeb - Third Point,1
≡,TSM - Taiwan Semiconductor S.A.,1.78,Reduce 61.36%,425000,$303.89,"$129,153,000",,$364.20,19.85%,$133.00,$380.00,Daniel Loeb - Third Point,1
≡,BABA - Alibaba Group Holdings,1.67,Buy,825000,$146.58,"$120,929,000",,$155.43,6.04%,$94.15,$192.67,Daniel Loeb - Third Point,1
≡,APG - APi Group Corp.,1.58,Buy,3000000,$38.26,"$114,780,000",,$44.43,16.13%,$20.50,$46.11,Daniel Loeb - Third Point,1
≡,FIX - Comfort Systems USA Inc.,1.35,Reduce 47.50%,105000,$933.29,"$97,995,000",,$1337.75,43.34%,$275.80,$1399.00,Daniel Loeb - Third Point,1
≡,SPOT - Spotify Technology S.A.,0.8,Buy,100000,$580.71,"$58,071,000",,$462.82,-20.30%,$405.00,$785.00,Daniel Loeb - Third Point,1
≡,KVUE - Kenvue Inc,0.77,Reduce 63.89%,3250000,$17.25,"$56,063,000",,$18.41,6.72%,$13.69,$24.13,Daniel Loeb - Third Point,1
≡,PGR - Progressive Corp.,0.69,Buy,220000,$227.72,"$50,098,000",,$207.90,-8.70%,$187.97,$275.18,Daniel Loeb - Third Point,1
≡,TMO - Thermo Fisher Scientific,0.4,Buy,50000,$579.46,"$28,973,000",,$501.59,-13.44%,$384.82,$643.99,Daniel Loeb - Third Point,1
≡,SRTA - Strata Critical Medical Inc.,0.33,,5000000,$4.81,"$24,050,000",,$4.47,-7.07%,$2.35,$6.02,Daniel Loeb - Third Point,1
≡,WIX - Wix.com Ltd.,0.32,Buy,225000,$103.89,"$23,375,000",,$68.07,-34.48%,$66.20,$239.73,Daniel Loeb - Third Point,1
≡,CSX - CSX Corp.,0.25,Buy,500000,$36.25,"$18,125,000",,$41.03,13.19%,$25.91,$41.79,Daniel Loeb - Third Point,1
≡,HTZWW - Hertz Global Hldgs Inc. WTS,0.15,,3970000,$2.68,"$10,640,000",,$2.52,-5.97%,$0.90,$4.99,Daniel Loeb - Third Point,1
≡,CTEV - Claritev Corp.,0.09,Buy,145000,$42.75,"$6,199,000",,$23.10,-45.96%,$12.86,$74.07,Daniel Loeb - Third Point,1
≡,SPRY - Ars Pharmaceuticals Inc,0.09,Buy,556237,$11.65,"$6,480,000",,$9.38,-19.48%,$6.66,$18.90,Daniel Loeb - Third Point,1
≡,FLYX - Flyexclusive Inc,0.06,,1022000,$4.11,"$4,200,000",,$2.34,-43.07%,$1.90,$8.88,Daniel Loeb - Third Point,1
≡,AUR - Aurora Innovation Inc.,0.05,,1032463,$3.84,"$3,965,000",,$4.53,17.97%,$3.60,$9.52,Daniel Loeb - Third Point,1
≡,BHC - Bausch Health,0.03,Add 250.00%,350000,$6.95,"$2,433,000",,$5.99,-13.81%,$4.25,$8.69,Daniel Loeb - Third Point,1
≡,AUROW - Aurora Innovation Inc. WTS,0.01,,1835000,$0.23,"$413,000",,$0.28,21.74%,$0.16,$2.57,Daniel Loeb - Third Point,1
≡,FLYX.WS - Eg Acquisition Corp A WTS28,0.0,,367499,$0.29,"$105,000",,,,,,Daniel Loeb - Third Point,1
≡,IEP - Icahn Enterprises,49.12,Add 5.87%,549400539,$7.55,"$4,147,974,000",,$7.99,5.83%,$6.16,$8.79,Carl Icahn - Icahn Capital Management,1
≡,CVI - CVR Energy Inc.,21.21,,70418471,$25.44,"$1,791,446,000",,$22.52,-11.48%,$15.10,$41.67,Carl Icahn - Icahn Capital Management,1
≡,SWX - Southwest Gas Holdings Inc.,5.72,,6032604,$80.02,"$482,729,000",,$88.24,10.27%,$62.67,$88.74,Carl Icahn - Icahn Capital Management,1
≡,UAN - CVR Partners LP,5.05,,4164274,$102.50,"$426,838,000",,$107.00,4.39%,$56.84,$119.90,Carl Icahn - Icahn Capital Management,1
≡,SATS - EchoStar Corp.,4.32,Reduce 22.96%,3354542,$108.70,"$364,639,000",,$113.00,3.96%,$14.90,$132.25,Carl Icahn - Icahn Capital Management,1
≡,CTRI - Centuri Holdings Inc,4.29,Add 32.16%,14336044,$25.25,"$361,985,000",,$31.29,23.92%,$14.46,$32.05,Carl Icahn - Icahn Capital Management,1
≡,IFF - International Flavors & Fragrances Inc.,3.41,Reduce 10.00%,4275000,$67.39,"$288,092,000",,$82.74,22.78%,$58.78,$84.47,Carl Icahn - Icahn Capital Management,1
≡,JBLU - JetBlue Airways Corp.,1.81,,33621735,$4.55,"$152,979,000",,$6.07,33.41%,$3.34,$7.83,Carl Icahn - Icahn Capital Management,1
≡,AEP - American Electric Power,1.65,,1205300,$115.31,"$138,983,000",,$130.24,12.95%,$95.15,$132.78,Carl Icahn - Icahn Capital Management,1
≡,MNRO - Monro Inc.,1.21,Add 246.66%,5078573,$20.04,"$101,775,000",,$22.46,12.08%,$11.61,$23.91,Carl Icahn - Icahn Capital Management,1
≡,SD - SandRidge Energy Inc.,0.84,Add 0.85%,4911564,$14.43,"$70,874,000",,$17.00,17.81%,$8.55,$17.34,Carl Icahn - Icahn Capital Management,1
≡,BLCO - Bausch + Lomb Corp,0.71,,3500000,$17.08,"$59,780,000",,$17.73,3.81%,$10.45,$17.91,Carl Icahn - Icahn Capital Management,1
≡,CZR - Caesars Entertainment,0.68,,2440109,$23.39,"$57,074,000",,$18.95,-18.98%,$17.86,$39.86,Carl Icahn - Icahn Capital Management,1
≡,GRBK - Green Brick Partners,20.82,,9467383,$62.66,"$593,226,000",,$79.49,26.86%,$50.57,$80.97,David Einhorn - Greenlight Capital,1
≡,FLR - Fluor Corp.,7.73,Add 0.77%,5555900,$39.63,"$220,181,000",,$48.57,22.56%,$29.20,$57.50,David Einhorn - Greenlight Capital,1
≡,CNR - Core Natural Resources Inc.,6.52,Reduce 2.56%,2100480,$88.51,"$185,913,000",,$86.61,-2.15%,$57.95,$103.50,David Einhorn - Greenlight Capital,1
≡,BHF - Brighthouse Financial Inc.,6.35,,2792100,$64.79,"$180,900,000",,$63.91,-1.36%,$42.07,$66.33,David Einhorn - Greenlight Capital,1
≡,GPK - Graphic Packaging Hldg Co.,4.45,Add 78.82%,8415110,$15.06,"$126,731,000",,$12.37,-17.86%,$11.83,$27.58,David Einhorn - Greenlight Capital,1
≡,PCG - PG&E Corp.,4.39,Add 21.99%,7784103,$16.07,"$125,090,000",,$18.02,12.13%,$12.91,$18.38,David Einhorn - Greenlight Capital,1
≡,CPRI - Capri Holdings Ltd,4.08,Add 77.41%,4768007,$24.40,"$116,340,000",,$20.38,-16.48%,$11.86,$28.27,David Einhorn - Greenlight Capital,1
≡,CNC - Centene Corp.,3.81,Add 69.14%,2639420,$41.15,"$108,612,000",,$41.23,0.19%,$25.08,$66.03,David Einhorn - Greenlight Capital,1
≡,KD - Kyndryl Holdings Inc,3.56,Reduce 12.14%,3816353,$26.56,"$101,363,000",,$13.59,-48.83%,$10.10,$44.20,David Einhorn - Greenlight Capital,1
≡,TEVA - Teva Pharmaceutical Industries Ltd.,3.35,Reduce 19.05%,3058734,$31.21,"$95,463,000",,$34.41,10.25%,$12.47,$37.35,David Einhorn - Greenlight Capital,1
≡,VSCO - Victoria's Secret & Co.,3.3,Reduce 10.07%,1737869,$54.17,"$94,140,000",,$60.36,11.43%,$13.76,$66.89,David Einhorn - Greenlight Capital,1
≡,DHT - DHT Holdings Inc.,3.16,Reduce 3.34%,7366664,$12.21,"$89,947,000",,$16.27,33.25%,$8.57,$16.33,David Einhorn - Greenlight Capital,1
≡,PENN - Penn National Gaming Inc.,3.13,Reduce 10.71%,6044440,$14.75,"$89,156,000",,$12.05,-18.31%,$11.65,$22.76,David Einhorn - Greenlight Capital,1
≡,GLD - SPDR Gold Trust,2.37,Reduce 2.59%,170561,$396.31,"$67,595,000",,$448.20,13.09%,$261.25,$509.70,David Einhorn - Greenlight Capital,1
≡,ACHC - Acadia Healthcare Co.,2.05,Add 150.88%,4121203,$14.19,"$58,480,000",,$16.42,15.72%,$11.43,$42.85,David Einhorn - Greenlight Capital,1
≡,WFRD - Weatherford International plc,2.04,Reduce 22.60%,743620,$78.26,"$58,196,000",,$102.23,30.63%,$36.14,$106.41,David Einhorn - Greenlight Capital,1
≡,LBTYA - Liberty Global Ltd CL A,1.96,Reduce 4.14%,5004432,$11.14,"$55,749,000",,$11.16,0.18%,$9.03,$12.09,David Einhorn - Greenlight Capital,1
≡,CNH - CNH Industrial NV,1.87,Reduce 2.32%,5767540,$9.22,"$53,177,000",,$13.09,41.97%,$9.00,$14.27,David Einhorn - Greenlight Capital,1
≡,ROIV - Roivant Sciences Ltd,1.58,Reduce 9.06%,2069309,$21.70,"$44,904,000",,$27.09,24.84%,$8.73,$27.94,David Einhorn - Greenlight Capital,1
≡,WBD - Warner Bros. Discovery Inc.,1.55,Buy,1533080,$28.82,"$44,184,000",,$28.75,-0.24%,$7.52,$30.00,David Einhorn - Greenlight Capital,1
≡,SPB - Spectrum Brands Holdings Inc.,1.38,Buy,663890,$59.08,"$39,223,000",,$77.36,30.94%,$49.27,$77.90,David Einhorn - Greenlight Capital,1
≡,HSIC - Henry Schein Inc.,1.24,Buy,469250,$75.58,"$35,466,000",,$77.21,2.16%,$60.56,$82.80,David Einhorn - Greenlight Capital,1
≡,AR - Antero Resources,1.23,Buy,1014070,$34.46,"$34,945,000",,$33.63,-2.41%,$29.10,$44.02,David Einhorn - Greenlight Capital,1
≡,BKV - Bkv Corporation,1.23,Buy,1287943,$27.15,"$34,968,000",,$29.96,10.35%,$15.00,$31.50,David Einhorn - Greenlight Capital,1
≡,GPN - Global Payments Inc.,1.23,Buy,452730,$77.40,"$35,042,000",,$69.77,-9.86%,$65.33,$106.01,David Einhorn - Greenlight Capital,1
≡,DECK - Deckers Outdoor,1.09,Buy,298778,$103.67,"$30,975,000",,$117.35,13.20%,$78.91,$156.61,David Einhorn - Greenlight Capital,1
≡,CI - Cigna Group,0.91,,93750,$275.23,"$25,803,000",,$290.71,5.62%,$238.17,$344.64,David Einhorn - Greenlight Capital,1
≡,SLDE - Slide Insurance Holdings Inc,0.79,Buy,1149880,$19.48,"$22,399,000",,$17.18,-11.81%,$12.53,$25.90,David Einhorn - Greenlight Capital,1
≡,PRKS - United Parks and Resorts Inc.,0.73,Add 21.99%,574620,$36.30,"$20,859,000",,$34.79,-4.16%,$29.62,$58.51,David Einhorn - Greenlight Capital,1
≡,GLPG - Galapagos NV SP ADR,0.55,,482746,$32.70,"$15,786,000",,$33.93,3.76%,$22.59,$37.78,David Einhorn - Greenlight Capital,1
≡,COYA - Coya Therapeutics Inc,0.41,Add 23.05%,2025940,$5.80,"$11,751,000",,$4.65,-19.83%,$3.94,$8.29,David Einhorn - Greenlight Capital,1
≡,SNX - SYNNEX Corp.,0.3,Add 44.73%,56490,$150.22,"$8,486,000",,$159.86,6.42%,$91.00,$175.56,David Einhorn - Greenlight Capital,1
≡,SHC - Sotera Health Co,0.29,Add 155.44%,461270,$17.64,"$8,137,000",,$17.09,-3.12%,$9.53,$19.85,David Einhorn - Greenlight Capital,1
≡,GDX - VanEck Vectors Gold Miners ETF,0.2,Reduce 15.04%,64960,$85.78,"$5,572,000",,$100.25,16.87%,$38.30,$113.50,David Einhorn - Greenlight Capital,1
≡,KWEB - Kraneshares Csi China Intern,0.16,Add 52.26%,131510,$34.05,"$4,478,000",,$32.72,-3.91%,$26.23,$40.87,David Einhorn - Greenlight Capital,1
≡,GPRO - GoPro Inc.,0.08,,1693860,$1.41,"$2,388,000",,$0.81,-42.55%,$0.40,$3.05,David Einhorn - Greenlight Capital,1
≡,GANX - Gain Therapeutics Inc.,0.06,,566130,$3.22,"$1,823,000",,$1.81,-43.79%,$1.41,$4.34,David Einhorn - Greenlight Capital,1
≡,PTON - Peloton Interactive Inc.,0.05,,246460,$6.16,"$1,518,000",,$4.19,-31.98%,$4.08,$10.02,David Einhorn - Greenlight Capital,1
≡,NUVB - Nuvation Bio Inc.,0.01,,34995,$8.97,"$314,000",,$5.88,-34.45%,$1.54,$9.75,David Einhorn - Greenlight Capital,1
≡,KPLTW - Katapult Holdings WTS 060926,0.0,,262227,$0.00,"$1,000",,$0.00,%,$0.00,$0.02,David Einhorn - Greenlight Capital,1
≡,NUVB.WS - Nuvation Bio Inc. WTS,0.0,,100000,$0.33,"$33,000",,,,,,David Einhorn - Greenlight Capital,1
≡,CRM - Salesforce.com,11.29,Add 3.31%,2994509,$264.91,"$793,275,000",,$184.29,-30.43%,$180.24,$327.60,ValueAct Capital,1
≡,AMZN - Amazon.com Inc.,11.15,Reduce 3.03%,3394300,$230.82,"$783,472,000",,$201.15,-12.85%,$161.38,$258.60,ValueAct Capital,1
≡,RKT - Rocket Companies Inc.,10.85,Add 55.07%,39380652,$19.36,"$762,409,000",,$18.37,-5.11%,$10.94,$24.36,ValueAct Capital,1
≡,BLK - BlackRock Inc.,10.59,Buy,695000,$1070.34,"$743,886,000",,$1072.67,0.22%,$762.34,$1214.03,ValueAct Capital,1
≡,META - Meta Platforms Inc.,9.85,Add 36.34%,1047974,$660.09,"$691,757,000",,$639.29,-3.15%,$478.72,$795.06,ValueAct Capital,1
≡,V - Visa Inc.,8.58,Add 9.73%,1718250,$350.71,"$602,607,000",,$319.50,-8.90%,$296.78,$373.34,ValueAct Capital,1
≡,MDB - MongoDB Inc.,8.4,Reduce 33.59%,1406800,$419.69,"$590,420,000",,$354.36,-15.57%,$140.78,$444.72,ValueAct Capital,1
≡,RBLX - Roblox Corp.,6.89,Add 39.52%,5975821,$81.03,"$484,221,000",,$63.00,-22.25%,$50.10,$150.59,ValueAct Capital,1
≡,DIS - Walt Disney Co.,4.98,Reduce 29.92%,3077931,$113.77,"$350,176,000",,$105.44,-7.32%,$79.22,$123.85,ValueAct Capital,1
≡,LLYVK - Liberty Media Corp. Series C Live,4.27,Add 2.51%,3603988,$83.16,"$299,708,000",,$94.21,13.29%,$78.68,$94.71,ValueAct Capital,1
≡,TOST - Toast Inc.,4.05,Add 135.94%,8015277,$35.51,"$284,622,000",,$27.66,-22.11%,$25.91,$49.66,ValueAct Capital,1
≡,SSD - Simpson Manufacturing,3.38,Add 21.87%,1472142,$161.47,"$237,707,000",,$206.03,27.60%,$136.62,$211.98,ValueAct Capital,1
≡,LLYVA - Liberty Media Corp. Series A Live,2.09,Add 4.64%,1799319,$81.50,"$146,644,000",,$91.79,12.63%,$77.12,$92.28,ValueAct Capital,1
≡,LYV - Live Nation Inc.,1.67,Add 28.43%,823066,$142.50,"$117,287,000",,$157.53,10.55%,$112.88,$175.25,ValueAct Capital,1
≡,NSIT - Insight Enterprises Inc.,1.41,Reduce 46.45%,1216592,$81.47,"$99,116,000",,$83.00,1.88%,$77.10,$168.82,ValueAct Capital,1
≡,CBRE - CBRE Group,0.54,,234591,$160.79,"$37,720,000",,$141.24,-12.16%,$108.45,$174.27,ValueAct Capital,1
≡,BRK.B - Berkshire Hathaway CL B,27.59,Reduce 10.84%,19406764,$502.65,"$9,754,810,000",,$503.41,0.15%,$455.19,$542.07,Bill & Melinda Gates Foundation Trust,1
≡,WM - Waste Management Inc.,17.98,,28934344,$219.71,"$6,357,165,000",,$235.22,7.06%,$193.36,$239.91,Bill & Melinda Gates Foundation Trust,1
≡,CNI - Canadian Natl Railway Co.,14.49,,51826786,$98.85,"$5,123,078,000",,$108.47,9.73%,$89.89,$109.90,Bill & Melinda Gates Foundation Trust,1
≡,MSFT - Microsoft Corp.,10.52,Reduce 16.32%,7691207,$483.62,"$3,719,622,000",,$396.86,-17.94%,$342.95,$553.50,Bill & Melinda Gates Foundation Trust,1
≡,CAT - Caterpillar Inc.,10.29,,6353614,$572.87,"$3,639,795,000",,$764.76,33.50%,$263.67,$789.81,Bill & Melinda Gates Foundation Trust,1
≡,DE - Deere & Co.,4.68,,3557378,$465.57,"$1,656,208,000",,$600.84,29.05%,$400.36,$626.25,Bill & Melinda Gates Foundation Trust,1
≡,ECL - Ecolab Inc.,3.87,,5218044,$262.52,"$1,369,841,000",,$303.80,15.72%,$219.93,$306.52,Bill & Melinda Gates Foundation Trust,1
≡,WMT - Walmart Inc.,2.64,,8390477,$111.41,"$934,783,000",,$128.85,15.65%,$79.27,$134.69,Bill & Melinda Gates Foundation Trust,1
≡,FDX - FedEx Corp.,1.95,,2384362,$288.86,"$688,747,000",,$375.30,29.92%,$190.84,$381.99,Bill & Melinda Gates Foundation Trust,1
≡,KOF - Coca-Cola FEMSA S A CV,1.66,,6214719,$94.71,"$588,596,000",,$112.75,19.05%,$78.46,$116.36,Bill & Melinda Gates Foundation Trust,1
≡,WCN - Waste Connections,1.01,,2039175,$175.36,"$357,590,000",,$161.28,-8.03%,$155.65,$200.58,Bill & Melinda Gates Foundation Trust,1
≡,CPNG - Coupang Inc.,0.62,,9248045,$23.59,"$218,161,000",,$17.43,-26.11%,$16.74,$34.08,Bill & Melinda Gates Foundation Trust,1
≡,MSGS - Madison Square Garden Sports Corp.,0.43,,592406,$258.65,"$153,226,000",,$293.78,13.58%,$173.26,$299.01,Bill & Melinda Gates Foundation Trust,1
≡,SDGR - SCHRODINGER Inc.,0.35,,6981664,$17.88,"$124,832,000",,$11.63,-34.96%,$11.15,$28.47,Bill & Melinda Gates Foundation Trust,1
≡,WST - West Pharmaceutical Services,0.35,,444500,$275.14,"$122,300,000",,$243.19,-11.61%,$186.77,$321.79,Bill & Melinda Gates Foundation Trust,1
≡,BUD - Anheuser-Busch InBev,0.31,,1703000,$64.04,"$109,060,000",,$79.29,23.81%,$51.43,$81.56,Bill & Melinda Gates Foundation Trust,1
≡,PCAR - PACCAR Inc.,0.31,,1000000,$109.51,"$109,510,000",,$126.52,15.53%,$82.53,$131.53,Bill & Melinda Gates Foundation Trust,1
≡,MCD - McDonald's Corp.,0.29,,334900,$305.63,"$102,355,000",,$327.62,7.19%,$280.19,$335.67,Bill & Melinda Gates Foundation Trust,1
≡,DHR - Danaher Corp.,0.24,,373000,$228.92,"$85,387,000",,$206.36,-9.85%,$170.19,$242.80,Bill & Melinda Gates Foundation Trust,1
≡,KHC - Kraft Heinz Co.,0.17,,2472600,$24.25,"$59,961,000",,$23.78,-1.94%,$21.99,$31.87,Bill & Melinda Gates Foundation Trust,1
≡,HRL - Hormel Foods Corp.,0.14,,2085290,$23.70,"$49,421,000",,$23.44,-1.10%,$20.77,$30.78,Bill & Melinda Gates Foundation Trust,1
≡,ONON - On Holding AG,0.07,,500000,$46.48,"$23,240,000",,$46.66,0.39%,$34.38,$61.29,Bill & Melinda Gates Foundation Trust,1
≡,VLTO - Veralto Corp.,0.04,,124333,$99.78,"$12,406,000",,$92.20,-7.60%,$83.58,$109.85,Bill & Melinda Gates Foundation Trust,1
≡,BN - Brookfield Corp.,18.15,Reduce 0.21%,61403089,$45.89,"$2,817,788,000",,$47.78,4.12%,$28.95,$49.57,Bill Ackman - Pershing Square Capital Management,1
≡,UBER - Uber Technologies Inc.,15.9,Reduce 0.21%,30207734,$81.71,"$2,468,274,000",,$70.53,-13.68%,$60.63,$101.99,Bill Ackman - Pershing Square Capital Management,1
≡,AMZN - Amazon.com Inc.,14.28,Add 64.99%,9607824,$230.82,"$2,217,678,000",,$201.15,-12.85%,$161.38,$258.60,Bill Ackman - Pershing Square Capital Management,1
≡,GOOG - Alphabet Inc. CL C,12.46,Reduce 2.53%,6163871,$313.80,"$1,934,223,000",,$302.82,-3.50%,$142.27,$350.15,Bill Ackman - Pershing Square Capital Management,1
≡,META - Meta Platforms Inc.,11.37,Buy,2673569,$660.09,"$1,764,796,000",,$639.29,-3.15%,$478.72,$795.06,Bill Ackman - Pershing Square Capital Management,1
≡,QSR - Restaurant Brands International,10.05,Reduce 0.21%,22866773,$68.23,"$1,560,200,000",,$68.13,-0.15%,$57.09,$73.05,Bill Ackman - Pershing Square Capital Management,1
≡,HHH - Howard Hughes Holdings Inc.,9.69,,18852064,$79.77,"$1,503,829,000",,$82.76,3.75%,$61.41,$91.07,Bill Ackman - Pershing Square Capital Management,1
≡,HLT - Hilton Worldwide Holdings,5.6,Reduce 0.06%,3028664,$287.25,"$869,984,000",,$317.82,10.64%,$195.70,$333.86,Bill Ackman - Pershing Square Capital Management,1
≡,GOOGL - Alphabet Inc.,1.37,Reduce 86.00%,678297,$313.00,"$212,307,000",,$302.02,-3.51%,$140.14,$349.00,Bill Ackman - Pershing Square Capital Management,1
≡,SEG - Seaport Entertainment Group,0.64,,5023780,$19.77,"$99,320,000",,$20.27,2.53%,$16.52,$28.34,Bill Ackman - Pershing Square Capital Management,1
≡,HTZ - Hertz Global Hldgs Inc.,0.5,,15241127,$5.14,"$78,339,000",,$4.92,-4.28%,$3.26,$9.39,Bill Ackman - Pershing Square Capital Management,1
≡,BRK.B - Berkshire Hathaway CL B,14.41,Reduce 0.41%,249211,$502.65,"$125,266,000",,$503.41,0.15%,$455.19,$542.07,Christopher Bloomstran - Semper Augustus,1
≡,DG - Dollar General,14.14,Add 0.01%,925955,$132.77,"$122,939,000",,$149.68,12.74%,$68.50,$155.00,Christopher Bloomstran - Semper Augustus,1
≡,BRK.A - Berkshire Hathaway CL A,10.07,,116,$754801.72,"$87,557,000",,$754910.00,0.01%,$685150.00,$812855.00,Christopher Bloomstran - Semper Augustus,1
≡,DECK - Deckers Outdoor,7.63,Add 70.66%,639698,$103.67,"$66,317,000",,$117.35,13.20%,$78.91,$156.61,Christopher Bloomstran - Semper Augustus,1
≡,NEM - Newmont Corp.,7.62,Reduce 2.21%,663239,$99.85,"$66,224,000",,$122.31,22.49%,$40.54,$134.88,Christopher Bloomstran - Semper Augustus,1
≡,DLTR - Dollar Tree Inc.,7.25,Add 1.49%,512660,$123.01,"$63,062,000",,$128.52,4.48%,$61.80,$142.40,Christopher Bloomstran - Semper Augustus,1
≡,KGC - Kinross Gold Corp.,6.84,Reduce 18.41%,2112933,$28.16,"$59,500,000",,$33.56,19.18%,$10.24,$39.11,Christopher Bloomstran - Semper Augustus,1
≡,FIVE - Five Below Inc.,5.75,Reduce 13.98%,265234,$188.36,"$49,959,000",,$212.48,12.81%,$52.38,$212.84,Christopher Bloomstran - Semper Augustus,1
≡,OLN - Olin Corp.,4.66,Add 1.00%,1943440,$20.83,"$40,482,000",,$23.87,14.59%,$17.18,$27.63,Christopher Bloomstran - Semper Augustus,1
≡,VLO - Valero Energy,3.72,Reduce 0.44%,198658,$162.79,"$32,340,000",,$197.34,21.22%,$96.17,$206.77,Christopher Bloomstran - Semper Augustus,1
≡,ALK - Alaska Air Group,2.37,Add 8.11%,409282,$50.30,"$20,587,000",,$57.08,13.48%,$37.63,$78.08,Christopher Bloomstran - Semper Augustus,1
≡,SBUX - Starbucks Corp.,2.34,Add 1.05%,241470,$84.21,"$20,334,000",,$95.39,13.28%,$73.47,$114.31,Christopher Bloomstran - Semper Augustus,1
≡,CMI - Cummins Inc.,2.33,Reduce 0.41%,39774,$510.46,"$20,303,000",,$595.66,16.69%,$256.13,$617.98,Christopher Bloomstran - Semper Augustus,1
≡,DIS - Walt Disney Co.,1.91,Add 0.17%,145782,$113.77,"$16,586,000",,$105.44,-7.32%,$79.22,$123.85,Christopher Bloomstran - Semper Augustus,1
≡,DINO - HF Sinclair Corp.,1.9,Add 0.51%,358527,$46.08,"$16,521,000",,$57.85,25.54%,$23.85,$59.33,Christopher Bloomstran - Semper Augustus,1
≡,EQNR - Equinor ASA,1.63,Add 4.30%,598385,$23.63,"$14,140,000",,$27.32,15.62%,$20.17,$28.35,Christopher Bloomstran - Semper Augustus,1
≡,PSKY - Paramount Skydance Corp.,1.02,Reduce 0.03%,659061,$13.40,"$8,831,000",,$10.83,-19.18%,$9.89,$20.78,Christopher Bloomstran - Semper Augustus,1
≡,XOM - Exxon Mobil Corp.,0.8,Reduce 0.49%,57556,$120.33,"$6,926,000",,$146.19,21.49%,$94.55,$155.89,Christopher Bloomstran - Semper Augustus,1
≡,TRV - Travelers Companies Inc.,0.64,,19100,$290.05,"$5,540,000",,$299.23,3.16%,$227.66,$304.40,Christopher Bloomstran - Semper Augustus,1
≡,MRK - Merck & Co.,0.54,,44443,$105.26,"$4,678,000",,$121.57,15.49%,$71.26,$123.33,Christopher Bloomstran - Semper Augustus,1
≡,COST - Costco Co.,0.34,Add 0.35%,3447,$862.20,"$2,972,000",,$1012.05,17.38%,$842.91,$1065.16,Christopher Bloomstran - Semper Augustus,1
≡,GE - GE Aerospace,0.33,,9352,$308.06,"$2,881,000",,$327.08,6.17%,$158.75,$332.79,Christopher Bloomstran - Semper Augustus,1
≡,NXPI - NXP Semiconductors NV,0.33,Reduce 0.72%,13298,$217.03,"$2,886,000",,$245.09,12.93%,$146.07,$256.36,Christopher Bloomstran - Semper Augustus,1
≡,GLDM - SPDR Gold Minishares Trust,0.24,Add 20.72%,23979,$85.37,"$2,047,000",,$96.55,13.10%,$56.11,$109.74,Christopher Bloomstran - Semper Augustus,1
≡,AXP - American Express,0.15,Reduce 16.20%,3441,$369.95,"$1,273,000",,$344.53,-6.87%,$218.83,$386.63,Christopher Bloomstran - Semper Augustus,1
≡,GEV - Ge Vernova Inc,0.15,Reduce 41.97%,1994,$653.46,"$1,303,000",,$819.15,25.36%,$251.66,$846.00,Christopher Bloomstran - Semper Augustus,1
≡,SMHI - SEACOR Marine Holdings Inc.,0.14,Reduce 1.56%,208175,$6.02,"$1,253,000",,$7.18,19.27%,$3.63,$7.88,Christopher Bloomstran - Semper Augustus,1
≡,AAPL - Apple Inc.,0.13,,4140,$271.98,"$1,126,000",,$263.88,-2.98%,$168.48,$288.35,Christopher Bloomstran - Semper Augustus,1
≡,KO - Coca Cola Co.,0.12,,15328,$69.94,"$1,072,000",,$79.56,13.75%,$64.63,$80.41,Christopher Bloomstran - Semper Augustus,1
≡,CVX - Chevron Corp.,0.11,,6389,$152.45,"$974,000",,$180.55,18.43%,$126.35,$184.71,Christopher Bloomstran - Semper Augustus,1
≡,PHYS - Sprott Physical Gold Trust,0.09,,23869,$33.01,"$788,000",,$36.72,11.24%,$21.96,$42.07,Christopher Bloomstran - Semper Augustus,1
≡,OVV - Ovintiv Inc.,0.07,,16487,$39.18,"$646,000",,$46.08,17.61%,$29.15,$48.17,Christopher Bloomstran - Semper Augustus,1
≡,GEHC - GE HealthCare Technologies Inc.,0.04,,4581,$82.08,"$376,000",,$81.61,-0.57%,$57.54,$93.09,Christopher Bloomstran - Semper Augustus,1
≡,SGOV - Ishares 0 3 Month Treasury B,0.04,Reduce 36.37%,3541,$100.25,"$355,000",,$100.52,0.27%,$96.53,$100.53,Christopher Bloomstran - Semper Augustus,1
≡,SHEL - Shell plc,0.04,,4968,$73.47,"$365,000",,$77.94,6.08%,$56.81,$80.26,Christopher Bloomstran - Semper Augustus,1
≡,SYF - Synchrony Financial,0.04,,4437,$83.39,"$370,000",,$72.31,-13.29%,$39.82,$88.41,Christopher Bloomstran - Semper Augustus,1
≡,FLEX - Flex Ltd.,0.03,Reduce 11.89%,4485,$60.42,"$271,000",,$64.42,6.62%,$25.11,$72.22,Christopher Bloomstran - Semper Augustus,1
≡,GOOGL - Alphabet Inc.,0.03,Buy,700,$312.86,"$219,000",,$302.02,-3.46%,$140.14,$349.00,Christopher Bloomstran - Semper Augustus,1
≡,SIVR - Abrdn Physical Silver Shares,0.03,Buy,4245,$67.61,"$287,000",,$69.70,3.09%,$27.86,$115.26,Christopher Bloomstran - Semper Augustus,1
≡,TSM - Taiwan Semiconductor S.A.,6.81,,3052400,$303.89,"$927,594,000",,$364.20,19.85%,$133.00,$380.00,Stephen Mandel - Lone Pine Capital,1
≡,VST - Vistra Corp.,6.18,Add 10.91%,5211885,$161.33,"$840,833,000",,$173.68,7.66%,$90.17,$219.51,Stephen Mandel - Lone Pine Capital,1
≡,CVNA - Carvana Co.,5.52,Add 0.80%,1779328,$422.02,"$750,912,000",,$350.94,-16.84%,$148.25,$486.89,Stephen Mandel - Lone Pine Capital,1
≡,LPLA - LPL Financial Holdings Inc.,5.44,Reduce 8.01%,2074948,$357.17,"$741,109,000",,$322.19,-9.79%,$262.20,$402.91,Stephen Mandel - Lone Pine Capital,1
≡,BN - Brookfield Corp.,5.37,Add 4.26%,15923360,$45.89,"$730,723,000",,$47.78,4.12%,$28.95,$49.57,Stephen Mandel - Lone Pine Capital,1
≡,ASML - ASML Holding NV,4.76,Buy,605017,$1069.86,"$647,283,000",,$1419.78,32.71%,$573.49,$1491.51,Stephen Mandel - Lone Pine Capital,1
≡,KKR - KKR & Co. L.P.,4.68,Add 22.56%,5001085,$127.48,"$637,538,000",,$102.55,-19.56%,$85.62,$153.15,Stephen Mandel - Lone Pine Capital,1
≡,AVGO - Broadcom Inc.,4.4,Add 11.67%,1730216,$346.10,"$598,828,000",,$332.54,-3.92%,$137.28,$413.82,Stephen Mandel - Lone Pine Capital,1
≡,MSFT - Microsoft Corp.,4.38,Add 2.11%,1234125,$483.62,"$596,848,000",,$396.86,-17.94%,$342.95,$553.50,Stephen Mandel - Lone Pine Capital,1
≡,DASH - DoorDash Inc.,4.21,Buy,2529879,$226.48,"$572,967,000",,$162.34,-28.32%,$155.40,$285.50,Stephen Mandel - Lone Pine Capital,1
≡,AMZN - Amazon.com Inc.,4.09,Reduce 14.13%,2414520,$230.82,"$557,320,000",,$201.15,-12.85%,$161.38,$258.60,Stephen Mandel - Lone Pine Capital,1
≡,COF - Capital One Financial,4.09,Reduce 10.69%,2294891,$242.36,"$556,190,000",,$206.74,-14.70%,$141.84,$259.64,Stephen Mandel - Lone Pine Capital,1
≡,APP - Applovin Corp.,3.86,Reduce 29.63%,780530,$673.82,"$525,937,000",,$376.38,-44.14%,$200.50,$745.61,Stephen Mandel - Lone Pine Capital,1
≡,NU - Nu Holdings Ltd,3.64,Add 16.62%,29630237,$16.74,"$496,010,000",,$16.82,0.48%,$9.01,$18.98,Stephen Mandel - Lone Pine Capital,1
≡,MDLN - Medline Inc Cl A,3.62,Buy,11716697,$42.00,"$492,101,000",,$46.16,9.90%,$34.89,$47.99,Stephen Mandel - Lone Pine Capital,1
≡,TLN - Talen Energy Corp,3.56,Add 8.39%,1292516,$374.84,"$484,487,000",,$388.28,3.59%,$158.08,$451.28,Stephen Mandel - Lone Pine Capital,1
≡,VMC - Vulcan Materials,3.53,Add 21.62%,1683932,$285.22,"$480,291,000",,$302.22,5.96%,$213.97,$331.09,Stephen Mandel - Lone Pine Capital,1
≡,PM - Philip Morris Intl.,3.12,Reduce 42.71%,2643579,$160.40,"$424,030,000",,$183.65,14.50%,$140.83,$190.98,Stephen Mandel - Lone Pine Capital,1
≡,CRS - Carpenter Technology,3.04,Buy,1312938,$314.84,"$413,365,000",,$374.88,19.07%,$138.14,$390.70,Stephen Mandel - Lone Pine Capital,1
≡,WING - Wingstop Inc.,2.8,Add 6.97%,1595258,$238.49,"$380,453,000",,$251.78,5.57%,$203.37,$387.27,Stephen Mandel - Lone Pine Capital,1
≡,APH - Amphenol Corp.,2.79,Reduce 7.06%,2809773,$135.14,"$379,713,000",,$148.57,9.94%,$56.16,$167.04,Stephen Mandel - Lone Pine Capital,1
≡,THC - Tenet Healthcare Corp.,2.61,Buy,1787326,$198.72,"$355,177,000",,$234.25,17.88%,$109.82,$235.77,Stephen Mandel - Lone Pine Capital,1
≡,CLH - Clean Harbors Inc.,2.37,Buy,1378125,$234.48,"$323,143,000",,$269.08,14.76%,$178.29,$276.51,Stephen Mandel - Lone Pine Capital,1
≡,AFRM - Affirm Holdings Inc.,2.09,Buy,3817170,$74.43,"$284,112,000",,$51.60,-30.67%,$30.90,$100.00,Stephen Mandel - Lone Pine Capital,1
≡,ENTG - Entegris Inc.,1.89,Buy,3054230,$84.25,"$257,319,000",,$129.56,53.78%,$60.49,$138.99,Stephen Mandel - Lone Pine Capital,1
≡,MA - Mastercard Inc.,0.4,Buy,96338,$570.88,"$54,997,000",,$521.93,-8.57%,$462.92,$600.08,Stephen Mandel - Lone Pine Capital,1
≡,TDG - TransDigm Group Inc.,0.19,Buy,19228,$1329.83,"$25,570,000",,$1302.11,-2.08%,$1107.45,$1519.35,Stephen Mandel - Lone Pine Capital,1
≡,BKNG - Booking Holdings Inc.,0.18,Reduce 85.14%,4630,$5355.29,"$24,795,000",,$4140.15,-22.69%,$4020.54,$5818.25,Stephen Mandel - Lone Pine Capital,1
≡,BSX - Boston Scientific,0.14,Buy,201703,$95.35,"$19,232,000",,$76.29,-19.99%,$72.69,$109.50,Stephen Mandel - Lone Pine Capital,1
≡,HLT - Hilton Worldwide Holdings,0.12,Buy,57817,$287.25,"$16,608,000",,$317.82,10.64%,$195.70,$333.86,Stephen Mandel - Lone Pine Capital,1
≡,SPOT - Spotify Technology S.A.,0.08,Buy,17762,$580.73,"$10,315,000",,$462.82,-20.30%,$405.00,$785.00,Stephen Mandel - Lone Pine Capital,1
≡,V - Visa Inc.,0.04,Buy,15217,$350.73,"$5,337,000",,$319.50,-8.90%,$296.78,$373.34,Stephen Mandel - Lone Pine Capital,1
≡,JOE - St. Joe Co.,80.43,Reduce 0.80%,19422467,$59.37,"$1,153,112,000",,$71.11,19.77%,$39.84,$71.90,Bruce Berkowitz - Fairholme Capital,1
≡,EPD - Enterprise Products Partners LP,12.19,,5450400,$32.06,"$174,740,000",,$36.75,14.63%,$25.93,$37.31,Bruce Berkowitz - Fairholme Capital,1
≡,OZK - Bank OZK,2.93,Reduce 0.22%,913652,$46.02,"$42,046,000",,$49.51,7.58%,$34.36,$52.67,Bruce Berkowitz - Fairholme Capital,1
≡,BRK.B - Berkshire Hathaway CL B,1.68,Reduce 0.88%,48012,$502.65,"$24,133,000",,$503.41,0.15%,$455.19,$542.07,Bruce Berkowitz - Fairholme Capital,1
≡,WRB - W.R. Berkley Corp.,1.27,Reduce 0.50%,260150,$70.12,"$18,242,000",,$71.04,1.31%,$58.00,$77.72,Bruce Berkowitz - Fairholme Capital,1
≡,PGR - Progressive Corp.,0.41,Buy,25600,$227.73,"$5,830,000",,$207.90,-8.71%,$187.97,$275.18,Bruce Berkowitz - Fairholme Capital,1
≡,CF - CF Industries Holdings Inc.,0.3,Buy,54700,$77.33,"$4,230,000",,$93.79,21.29%,$65.81,$102.67,Bruce Berkowitz - Fairholme Capital,1
≡,OXY - Occidental Petroleum,0.2,,69100,$41.11,"$2,841,000",,$45.94,11.75%,$34.21,$51.45,Bruce Berkowitz - Fairholme Capital,1
≡,ET - Energy Transfer LP,0.19,,166600,$16.49,"$2,747,000",,$18.61,12.86%,$13.53,$19.00,Bruce Berkowitz - Fairholme Capital,1
≡,TGT - Target Corp.,0.16,Buy,23000,$97.74,"$2,248,000",,$116.54,19.23%,$82.60,$125.93,Bruce Berkowitz - Fairholme Capital,1
≡,NRP - Natural Resource Partners,0.09,Buy,12000,$104.42,"$1,253,000",,$124.18,18.92%,$84.38,$127.83,Bruce Berkowitz - Fairholme Capital,1
≡,AAPL - Apple Inc.,0.05,,2400,$271.67,"$652,000",,$263.88,-2.87%,$168.48,$288.35,Bruce Berkowitz - Fairholme Capital,1
≡,BRK.A - Berkshire Hathaway CL A,0.05,,1,$755000.00,"$755,000",,$754910.00,-0.01%,$685150.00,$812855.00,Bruce Berkowitz - Fairholme Capital,1
≡,FANG - Diamondback Energy Inc.,0.04,,4000,$150.25,"$601,000",,$168.59,12.21%,$111.64,$172.80,Bruce Berkowitz - Fairholme Capital,1
≡,EOG - EOG Resources,0.01,,2000,$105.00,"$210,000",,$119.75,14.05%,$98.86,$131.01,Bruce Berkowitz - Fairholme Capital,1
≡,BRK.A - Berkshire Hathaway CL A,36.38,,145,$754800.00,"$109,446,000",,$754910.00,0.01%,$685150.00,$812855.00,Norbert Lou - Punch Card Management,1
≡,SGOV - Ishares 0 3 Month Treasury B,18.88,,566000,$100.38,"$56,815,000",,$100.52,0.14%,$96.53,$100.53,Norbert Lou - Punch Card Management,1
≡,CROX - Crocs Inc.,16.9,Reduce 5.96%,594570,$85.52,"$50,848,000",,$99.92,16.84%,$73.21,$122.84,Norbert Lou - Punch Card Management,1
≡,PDD - Pinduoduo Inc.,15.64,,415004,$113.39,"$47,057,000",,$101.83,-10.19%,$87.11,$139.41,Norbert Lou - Punch Card Management,1
≡,PYPL - PayPal Holdings Inc.,12.2,Reduce 3.31%,628907,$58.38,"$36,716,000",,$40.81,-30.10%,$38.46,$79.32,Norbert Lou - Punch Card Management,1
≡,RBC - RBC Bearings Inc.,9.95,Reduce 6.99%,2344911,$448.43,"$1,051,528,000",,$552.93,23.30%,$297.28,$563.51,Henry Ellenbogen - Durable Capital Partners,1
≡,DASH - DoorDash Inc.,7.67,Add 114.08%,3578745,$226.48,"$810,514,000",,$162.34,-28.32%,$155.40,$285.50,Henry Ellenbogen - Durable Capital Partners,1
≡,MELI - Mercadolibre Inc.,5.87,Add 75.52%,307932,$2014.26,"$620,255,000",,$1975.51,-1.92%,$1723.90,$2645.22,Henry Ellenbogen - Durable Capital Partners,1
≡,CPNG - Coupang Inc.,5.46,Reduce 1.53%,24452985,$23.59,"$576,846,000",,$17.43,-26.11%,$16.74,$34.08,Henry Ellenbogen - Durable Capital Partners,1
≡,APG - APi Group Corp.,5.44,Add 0.80%,15017378,$38.26,"$574,565,000",,$44.43,16.13%,$20.50,$46.11,Henry Ellenbogen - Durable Capital Partners,1
≡,XPO - XPO Logistics,5.08,Reduce 8.82%,3949100,$135.91,"$536,722,000",,$202.14,48.73%,$85.06,$207.04,Henry Ellenbogen - Durable Capital Partners,1
≡,CIGI - Colliers International Group Inc.,4.69,Reduce 8.90%,3369760,$147.01,"$495,388,000",,$110.16,-25.07%,$98.97,$171.34,Henry Ellenbogen - Durable Capital Partners,1
≡,FOUR - Shift4 Payments Inc. CL A,3.94,Add 17.43%,6606969,$62.97,"$416,041,000",,$56.26,-10.66%,$52.65,$127.50,Henry Ellenbogen - Durable Capital Partners,1
≡,CVNA - Carvana Co.,3.69,Add 3.65%,925045,$422.02,"$390,387,000",,$350.94,-16.84%,$148.25,$486.89,Henry Ellenbogen - Durable Capital Partners,1
≡,FERG - Ferguson Enterprises Inc.,3.29,Add 43.38%,1561342,$222.63,"$347,602,000",,$259.67,16.64%,$144.32,$271.64,Henry Ellenbogen - Durable Capital Partners,1
≡,RKT - Rocket Companies Inc.,3.2,Add 58.95%,17470197,$19.36,"$338,223,000",,$18.37,-5.11%,$10.94,$24.36,Henry Ellenbogen - Durable Capital Partners,1
≡,SHOP - Shopify Inc.,3.11,Reduce 55.03%,2043219,$160.97,"$328,897,000",,$113.54,-29.47%,$69.84,$182.19,Henry Ellenbogen - Durable Capital Partners,1
≡,AYI - Acuity Brands Inc.,2.78,Reduce 40.21%,815322,$360.04,"$293,549,000",,$311.16,-13.58%,$216.28,$379.92,Henry Ellenbogen - Durable Capital Partners,1
≡,MDLN - Medline Inc Cl A,2.74,Buy,6900000,$42.00,"$289,800,000",,$46.16,9.90%,$34.89,$47.99,Henry Ellenbogen - Durable Capital Partners,1
≡,OPCH - Option Care Health Inc.,2.71,Add 20.98%,8991254,$31.86,"$286,461,000",,$35.24,10.61%,$24.24,$36.80,Henry Ellenbogen - Durable Capital Partners,1
≡,PRVA - Privia Health Group Inc.,2.71,Add 3.39%,12087843,$23.71,"$286,603,000",,$22.08,-6.87%,$18.77,$26.51,Henry Ellenbogen - Durable Capital Partners,1
≡,AFRM - Affirm Holdings Inc.,2.59,Reduce 41.28%,3681173,$74.43,"$273,990,000",,$51.60,-30.67%,$30.90,$100.00,Henry Ellenbogen - Durable Capital Partners,1
≡,Q - Qnity Electronics Inc.,2.16,Buy,2800861,$81.65,"$228,690,000",,$111.94,37.10%,$72.75,$117.69,Henry Ellenbogen - Durable Capital Partners,1
≡,VEEV - Veeva Systems Inc.,2.01,Reduce 24.38%,951896,$223.23,"$212,492,000",,$176.82,-20.79%,$168.14,$310.50,Henry Ellenbogen - Durable Capital Partners,1
≡,ULS - Ul Solutions Inc Class A,1.91,Buy,2563523,$78.86,"$202,159,000",,$70.61,-10.46%,$49.08,$91.82,Henry Ellenbogen - Durable Capital Partners,1
≡,CLH - Clean Harbors Inc.,1.85,Add 45.51%,834763,$234.48,"$195,735,000",,$269.08,14.76%,$178.29,$276.51,Henry Ellenbogen - Durable Capital Partners,1
≡,WRBY - Warby Parker Inc.,1.51,Reduce 16.48%,7310605,$21.79,"$159,298,000",,$21.96,0.78%,$13.63,$31.00,Henry Ellenbogen - Durable Capital Partners,1
≡,VSEC - VSE Corp.,1.44,Add 1.64%,879228,$172.77,"$151,904,000",,$213.34,23.48%,$95.86,$225.00,Henry Ellenbogen - Durable Capital Partners,1
≡,DSGX - Descartes Systems Group,1.42,Buy,1710202,$87.66,"$149,916,000",,$65.22,-25.60%,$62.56,$117.35,Henry Ellenbogen - Durable Capital Partners,1
≡,SRAD - Sportradar Group AG,1.34,Buy,5956331,$23.77,"$141,582,000",,$16.84,-29.15%,$15.73,$32.22,Henry Ellenbogen - Durable Capital Partners,1
≡,TWLO - Twilio Inc.,1.29,Buy,962089,$142.24,"$136,848,000",,$108.49,-23.73%,$77.51,$145.90,Henry Ellenbogen - Durable Capital Partners,1
≡,TECH - Bio-Techne Corp.,1.16,Add 49.64%,2088891,$58.81,"$122,848,000",,$58.50,-0.53%,$45.74,$72.06,Henry Ellenbogen - Durable Capital Partners,1
≡,YOU - Clear Secure Inc.,1.15,Reduce 45.63%,3461549,$35.08,"$121,431,000",,$32.50,-7.35%,$21.09,$42.29,Henry Ellenbogen - Durable Capital Partners,1
≡,GSHD - Goosehead Insurance Inc.,1.09,Add 1.35%,1562969,$73.65,"$115,113,000",,$50.63,-31.26%,$46.80,$127.99,Henry Ellenbogen - Durable Capital Partners,1
≡,APP - Applovin Corp.,1.04,Reduce 13.01%,163405,$673.82,"$110,106,000",,$376.38,-44.14%,$200.50,$745.61,Henry Ellenbogen - Durable Capital Partners,1
≡,BKNG - Booking Holdings Inc.,0.93,Reduce 66.97%,18274,$5355.31,"$97,863,000",,$4140.15,-22.69%,$4020.54,$5818.25,Henry Ellenbogen - Durable Capital Partners,1
≡,RBLX - Roblox Corp.,0.89,Reduce 67.06%,1162730,$81.03,"$94,216,000",,$63.00,-22.25%,$50.10,$150.59,Henry Ellenbogen - Durable Capital Partners,1
≡,CBZ - CBIZ Inc.,0.78,Reduce 58.42%,1631969,$50.45,"$82,333,000",,$28.02,-44.46%,$27.17,$90.13,Henry Ellenbogen - Durable Capital Partners,1
≡,TOST - Toast Inc.,0.77,Reduce 63.86%,2299023,$35.51,"$81,638,000",,$27.66,-22.11%,$25.91,$49.66,Henry Ellenbogen - Durable Capital Partners,1
≡,FSV - Firstservice Corp,0.64,Reduce 80.30%,436598,$155.53,"$67,904,000",,$154.30,-0.79%,$146.97,$208.99,Henry Ellenbogen - Durable Capital Partners,1
≡,FIG - Figma Inc Cl A,0.61,Reduce 67.83%,1727263,$37.37,"$64,548,000",,$23.10,-38.19%,$19.85,$142.92,Henry Ellenbogen - Durable Capital Partners,1
≡,ANDG - Andersen Group Inc A,0.41,Buy,1670485,$25.93,"$43,316,000",,$21.63,-16.58%,$18.12,$27.51,Henry Ellenbogen - Durable Capital Partners,1
≡,AUR - Aurora Innovation Inc.,0.25,Reduce 43.80%,6768585,$3.84,"$25,991,000",,$4.53,17.97%,$3.60,$9.52,Henry Ellenbogen - Durable Capital Partners,1
≡,IWM - iShares Russell 2000 ETF,0.23,Buy,96776,$246.16,"$23,822,000",,$263.04,6.86%,$170.20,$271.60,Henry Ellenbogen - Durable Capital Partners,1
≡,DUOL - Duolingo Inc.,0.2,Reduce 86.38%,119181,$175.50,"$20,916,000",,$112.08,-36.14%,$107.16,$544.93,Henry Ellenbogen - Durable Capital Partners,1
≡,TSM - Taiwan Semiconductor S.A.,10.48,Reduce 2.44%,184661,$303.89,"$56,117,000",,$364.20,19.85%,$133.00,$380.00,David Rolfe - Wedgewood Partners,1
≡,GOOGL - Alphabet Inc.,9.58,Reduce 20.90%,163913,$313.00,"$51,305,000",,$302.02,-3.51%,$140.14,$349.00,David Rolfe - Wedgewood Partners,1
≡,META - Meta Platforms Inc.,8.52,Reduce 2.07%,69135,$660.09,"$45,635,000",,$639.29,-3.15%,$478.72,$795.06,David Rolfe - Wedgewood Partners,1
≡,AAPL - Apple Inc.,7.26,Reduce 14.36%,142920,$271.86,"$38,854,000",,$263.88,-2.94%,$168.48,$288.35,David Rolfe - Wedgewood Partners,1
≡,MSFT - Microsoft Corp.,7.0,Reduce 2.16%,77496,$483.62,"$37,479,000",,$396.86,-17.94%,$342.95,$553.50,David Rolfe - Wedgewood Partners,1
≡,BKNG - Booking Holdings Inc.,5.82,Reduce 1.41%,5817,$5355.68,"$31,154,000",,$4140.15,-22.70%,$4020.54,$5818.25,David Rolfe - Wedgewood Partners,1
≡,V - Visa Inc.,5.71,Reduce 2.21%,87151,$350.71,"$30,565,000",,$319.50,-8.90%,$296.78,$373.34,David Rolfe - Wedgewood Partners,1
≡,MSI - Motorola Solutions Inc.,5.13,Add 24.61%,71724,$383.32,"$27,493,000",,$457.76,19.42%,$359.36,$489.48,David Rolfe - Wedgewood Partners,1
≡,TSCO - Tractor Supply,4.49,Reduce 1.81%,481023,$50.01,"$24,056,000",,$52.69,5.36%,$46.26,$63.47,David Rolfe - Wedgewood Partners,1
≡,URI - United Rentals,4.01,Reduce 1.53%,26514,$809.35,"$21,459,000",,$863.28,6.66%,$521.32,$1017.04,David Rolfe - Wedgewood Partners,1
≡,CDW - CDW Corp.,3.86,Add 26.01%,151871,$136.20,"$20,685,000",,$125.15,-8.11%,$120.52,$192.09,David Rolfe - Wedgewood Partners,1
≡,CPRT - Copart Inc.,3.55,Reduce 2.20%,486085,$39.15,"$19,030,000",,$37.52,-4.16%,$36.52,$63.85,David Rolfe - Wedgewood Partners,1
≡,ODFL - Old Dominion Freight Line,3.52,Add 35.58%,120051,$156.80,"$18,824,000",,$193.32,23.29%,$125.76,$208.74,David Rolfe - Wedgewood Partners,1
≡,CB - Chubb Limited,3.29,Buy,56526,$312.12,"$17,643,000",,$331.89,6.33%,$259.71,$335.60,David Rolfe - Wedgewood Partners,1
≡,SPGI - S&P Global Inc.,3.29,Reduce 2.76%,33764,$522.57,"$17,644,000",,$410.45,-21.46%,$381.61,$576.91,David Rolfe - Wedgewood Partners,1
≡,ORLY - O'Reilly Automotive,3.21,Reduce 1.53%,188726,$91.21,"$17,214,000",,$92.60,1.52%,$85.55,$108.72,David Rolfe - Wedgewood Partners,1
≡,EW - Edwards Lifesciences Corp.,2.88,Reduce 2.07%,180882,$85.25,"$15,420,000",,$78.45,-7.98%,$65.94,$87.89,David Rolfe - Wedgewood Partners,1
≡,AMZN - Amazon.com Inc.,2.51,Buy,58266,$230.82,"$13,449,000",,$201.15,-12.85%,$161.38,$258.60,David Rolfe - Wedgewood Partners,1
≡,ZTS - Zoetis Inc.,2.46,Reduce 17.90%,104701,$125.82,"$13,173,000",,$125.56,-0.21%,$114.76,$174.46,David Rolfe - Wedgewood Partners,1
≡,PYPL - PayPal Holdings Inc.,2.35,Reduce 55.45%,215900,$58.38,"$12,604,000",,$40.81,-30.10%,$38.46,$79.32,David Rolfe - Wedgewood Partners,1
≡,IWF - iShares Russell 1000 Growth ETF,1.06,Buy,12019,$473.33,"$5,689,000",,$449.35,-5.07%,$307.77,$492.50,David Rolfe - Wedgewood Partners,1
≡,GOOG - Alphabet Inc. CL C,22.31,Add 3.75%,2543300,$313.00,"$796,053,000",,$302.82,-3.25%,$142.27,$350.15,Li Lu - Himalaya Capital Management,1
≡,GOOGL - Alphabet Inc.,21.55,Reduce 3.62%,2451300,$313.80,"$769,218,000",,$302.02,-3.75%,$140.14,$349.00,Li Lu - Himalaya Capital Management,1
≡,BAC - Bank of America Corp.,16.08,,10431387,$55.00,"$573,726,000",,$52.74,-4.11%,$32.52,$57.55,Li Lu - Himalaya Capital Management,1
≡,PDD - Pinduoduo Inc.,14.64,,4608000,$113.39,"$522,501,000",,$101.83,-10.19%,$87.11,$139.41,Li Lu - Himalaya Capital Management,1
≡,BRK.B - Berkshire Hathaway CL B,12.64,,897749,$502.65,"$451,254,000",,$503.41,0.15%,$455.19,$542.07,Li Lu - Himalaya Capital Management,1
≡,EWBC - East West Bancorp,8.74,,2776351,$112.39,"$312,034,000",,$119.61,6.42%,$66.52,$123.82,Li Lu - Himalaya Capital Management,1
≡,OXY - Occidental Petroleum,1.69,,1466500,$41.12,"$60,302,000",,$45.94,11.72%,$34.21,$51.45,Li Lu - Himalaya Capital Management,1
≡,CROX - Crocs Inc.,1.51,Buy,628159,$85.52,"$53,720,000",,$99.92,16.84%,$73.21,$122.84,Li Lu - Himalaya Capital Management,1
≡,AAPL - Apple Inc.,0.84,,110600,$271.86,"$30,068,000",,$263.88,-2.94%,$168.48,$288.35,Li Lu - Himalaya Capital Management,1
≡,FICO - Fair Isaac Corp.,29.49,Add 0.13%,769424,$1690.62,"$1,300,804,000",,$1351.60,-20.05%,$1280.86,$2217.60,Valley Forge Capital Management,1
≡,SPGI - S&P Global Inc.,20.83,Add 0.18%,1758179,$522.59,"$918,807,000",,$410.45,-21.46%,$381.61,$576.91,Valley Forge Capital Management,1
≡,MA - Mastercard Inc.,19.25,Add 0.18%,1487409,$570.88,"$849,132,000",,$521.93,-8.57%,$462.92,$600.08,Valley Forge Capital Management,1
≡,MCO - Moody's Corp.,15.25,Add 0.24%,1317292,$510.85,"$672,939,000",,$423.22,-17.15%,$376.55,$546.88,Valley Forge Capital Management,1
≡,V - Visa Inc.,7.29,Add 0.48%,916410,$350.71,"$321,394,000",,$319.50,-8.90%,$296.78,$373.34,Valley Forge Capital Management,1
≡,INTU - Intuit Inc.,3.32,Reduce 15.27%,221236,$662.42,"$146,551,000",,$379.17,-42.76%,$375.40,$810.72,Valley Forge Capital Management,1
≡,ASML - ASML Holding NV,3.06,Add 0.49%,126242,$1069.86,"$135,061,000",,$1419.78,32.71%,$573.49,$1491.51,Valley Forge Capital Management,1
≡,MSCI - MSCI Inc.,0.79,Add 1.79%,60770,$573.74,"$34,866,000",,$521.33,-9.13%,$480.26,$623.82,Valley Forge Capital Management,1
≡,EFX - Equifax Inc.,0.72,Add 1.63%,146352,$216.98,"$31,755,000",,$192.70,-11.19%,$166.02,$279.27,Valley Forge Capital Management,1
≡,AXTA - Axalta Coating Systems Ltd.,18.63,Add 34.03%,1024000,$32.31,"$33,085,000",,$34.95,8.17%,$26.28,$37.50,Alex Roepers - Atlantic Investment Management,1
≡,KEX - Kirby Corp.,13.83,Buy,223000,$110.18,"$24,570,000",,$126.68,14.98%,$79.52,$132.18,Alex Roepers - Atlantic Investment Management,1
≡,FLS - Flowserve Corp.,12.26,Buy,314000,$69.38,"$21,785,000",,$89.76,29.37%,$36.93,$90.48,Alex Roepers - Atlantic Investment Management,1
≡,APTV - Aptiv PLC,11.82,Reduce 9.66%,275971,$76.09,"$20,999,000",,$82.77,8.78%,$47.19,$88.93,Alex Roepers - Atlantic Investment Management,1
≡,OSK - Oshkosh Corp.,10.93,Add 3.69%,154600,$125.63,"$19,422,000",,$168.47,34.10%,$75.59,$179.89,Alex Roepers - Atlantic Investment Management,1
≡,WFRD - Weatherford International plc,10.13,Reduce 36.21%,229988,$78.26,"$17,999,000",,$102.23,30.63%,$36.14,$106.41,Alex Roepers - Atlantic Investment Management,1
≡,ASH - Ashland Global Holdings Inc.,7.03,Reduce 24.96%,212977,$58.67,"$12,495,000",,$60.23,2.66%,$44.16,$65.65,Alex Roepers - Atlantic Investment Management,1
≡,DCH - Dauch Corp.,6.8,Buy,1883000,$6.41,"$12,070,000",,$7.28,13.57%,$3.00,$9.25,Alex Roepers - Atlantic Investment Management,1
≡,ABM - ABM Industries,4.76,Buy,200000,$42.30,"$8,460,000",,$44.29,4.70%,$39.74,$53.64,Alex Roepers - Atlantic Investment Management,1
≡,NOMD - Nomad Foods Ltd,3.79,Reduce 25.38%,538772,$12.51,"$6,740,000",,$12.68,1.36%,$10.74,$19.86,Alex Roepers - Atlantic Investment Management,1
≡,AAPL - Apple Inc.,22.6,Reduce 4.32%,227917808,$271.86,"$61,961,735,000",,$263.88,-2.94%,$168.48,$288.35,Warren Buffett - Berkshire Hathaway,1
≡,AXP - American Express,20.46,,151610700,$369.95,"$56,088,379,000",,$344.53,-6.87%,$218.83,$386.63,Warren Buffett - Berkshire Hathaway,1
≡,BAC - Bank of America Corp.,10.38,Reduce 8.94%,517295934,$55.00,"$28,451,277,000",,$52.74,-4.11%,$32.52,$57.55,Warren Buffett - Berkshire Hathaway,1
≡,KO - Coca Cola Co.,10.2,,400000000,$69.91,"$27,964,001,000",,$79.56,13.80%,$64.63,$80.41,Warren Buffett - Berkshire Hathaway,1
≡,CVX - Chevron Corp.,7.24,Add 6.63%,130156362,$152.41,"$19,837,132,000",,$180.55,18.46%,$126.35,$184.71,Warren Buffett - Berkshire Hathaway,1
≡,MCO - Moody's Corp.,4.6,,24669778,$510.85,"$12,602,556,000",,$423.22,-17.15%,$376.55,$546.88,Warren Buffett - Berkshire Hathaway,1
≡,OXY - Occidental Petroleum,3.97,,264941431,$41.12,"$10,894,392,000",,$45.94,11.72%,$34.21,$51.45,Warren Buffett - Berkshire Hathaway,1
≡,CB - Chubb Limited,3.9,Add 9.31%,34249183,$312.12,"$10,689,855,000",,$331.89,6.33%,$259.71,$335.60,Warren Buffett - Berkshire Hathaway,1
≡,KHC - Kraft Heinz Co.,2.88,,325634818,$24.25,"$7,896,644,000",,$23.78,-1.94%,$21.99,$31.87,Warren Buffett - Berkshire Hathaway,1
≡,GOOGL - Alphabet Inc.,2.04,,17846142,$313.00,"$5,585,842,000",,$302.02,-3.51%,$140.14,$349.00,Warren Buffett - Berkshire Hathaway,1
≡,DVA - DaVita HealthCare Partners,1.32,Reduce 1.25%,31759065,$113.61,"$3,608,148,000",,$150.41,32.39%,$101.00,$158.21,Warren Buffett - Berkshire Hathaway,1
≡,KR - Kroger Co.,1.14,,50000000,$62.48,"$3,124,001,000",,$69.66,11.49%,$58.31,$73.76,Warren Buffett - Berkshire Hathaway,1
≡,V - Visa Inc.,1.06,,8297460,$350.71,"$2,910,002,000",,$319.50,-8.90%,$296.78,$373.34,Warren Buffett - Berkshire Hathaway,1
≡,SIRI - SiriusXM Holdings Inc,0.91,,124807117,$19.99,"$2,495,518,000",,$21.02,5.15%,$17.77,$26.06,Warren Buffett - Berkshire Hathaway,1
≡,MA - Mastercard Inc.,0.83,,3986648,$570.88,"$2,275,898,000",,$521.93,-8.57%,$462.92,$600.08,Warren Buffett - Berkshire Hathaway,1
≡,VRSN - Verisign Inc.,0.8,,8989880,$242.95,"$2,184,091,000",,$216.25,-10.99%,$208.86,$308.75,Warren Buffett - Berkshire Hathaway,1
≡,STZ - Constellation Brands,0.65,Reduce 2.99%,13000000,$137.96,"$1,793,480,000",,$152.70,10.68%,$125.63,$192.99,Warren Buffett - Berkshire Hathaway,1
≡,COF - Capital One Financial,0.63,,7150000,$242.36,"$1,732,874,000",,$206.74,-14.70%,$141.84,$259.64,Warren Buffett - Berkshire Hathaway,1
≡,UNH - United Health Group Inc.,0.61,,5039564,$330.11,"$1,663,610,000",,$289.09,-12.43%,$231.57,$594.32,Warren Buffett - Berkshire Hathaway,1
≡,DPZ - Dominos Pizza Inc.,0.51,Add 12.34%,3350000,$416.82,"$1,396,347,000",,$373.50,-10.39%,$370.70,$493.24,Warren Buffett - Berkshire Hathaway,1
≡,ALLY - Ally Financial Inc.,0.48,,29000000,$45.29,"$1,313,410,000",,$41.29,-8.83%,$28.59,$46.93,Warren Buffett - Berkshire Hathaway,1
≡,AON - Aon Plc,0.46,Reduce 12.12%,3602995,$352.88,"$1,271,424,000",,$325.96,-7.63%,$304.59,$409.47,Warren Buffett - Berkshire Hathaway,1
≡,NUE - Nucor Corp.,0.38,,6407749,$163.11,"$1,045,168,000",,$183.64,12.59%,$96.46,$196.90,Warren Buffett - Berkshire Hathaway,1
≡,LLYVK - Liberty Media Corp. Series C Live,0.33,,10917661,$83.16,"$907,912,000",,$94.21,13.29%,$78.68,$94.71,Warren Buffett - Berkshire Hathaway,1
≡,LEN - Lennar Corp.,0.26,,7050950,$102.80,"$724,838,000",,$121.44,18.13%,$96.69,$142.99,Warren Buffett - Berkshire Hathaway,1
≡,POOL - Pool Corp.,0.26,Reduce 11.28%,3068885,$228.75,"$702,007,000",,$255.46,11.68%,$226.10,$368.69,Warren Buffett - Berkshire Hathaway,1
≡,AMZN - Amazon.com Inc.,0.19,Reduce 77.24%,2276000,$230.82,"$525,346,000",,$201.15,-12.85%,$161.38,$258.60,Warren Buffett - Berkshire Hathaway,1
≡,LPX - Louisiana-Pacific Corp.,0.17,,5664793,$80.76,"$457,489,000",,$88.86,10.03%,$73.42,$111.74,Warren Buffett - Berkshire Hathaway,1
≡,LLYVA - Liberty Media Corp. Series A Live,0.15,,4986588,$81.50,"$406,407,000",,$91.79,12.63%,$77.12,$92.28,Warren Buffett - Berkshire Hathaway,1
≡,NYT - New York Times CL A,0.13,Buy,5065744,$69.42,"$351,664,000",,$74.03,6.64%,$44.43,$74.59,Warren Buffett - Berkshire Hathaway,1
≡,HEI.A - HEICO Corp. CL A,0.12,,1294612,$252.43,"$326,799,000",,$254.25,0.72%,$174.66,$279.66,Warren Buffett - Berkshire Hathaway,1
≡,FWONK - Liberty Media Corp Formula One Series C,0.11,,3018555,$98.51,"$297,358,000",,$86.74,-11.95%,$75.26,$109.36,Warren Buffett - Berkshire Hathaway,1
≡,CHTR - Charter Communications,0.08,,1060882,$208.75,"$221,459,000",,$237.01,13.54%,$180.38,$437.06,Warren Buffett - Berkshire Hathaway,1
≡,LAMR - Lamar Advertising Co.,0.06,Add 0.02%,1202410,$126.58,"$152,201,000",,$132.57,4.73%,$95.95,$136.69,Warren Buffett - Berkshire Hathaway,1
≡,ALLE - Allegion Plc,0.05,,780133,$159.22,"$124,213,000",,$162.67,2.17%,$115.44,$183.11,Warren Buffett - Berkshire Hathaway,1
≡,NVR - NVR Inc.,0.03,,11112,$7292.75,"$81,037,000",,$7421.00,1.76%,$6562.85,$8618.28,Warren Buffett - Berkshire Hathaway,1
≡,DEO - Diageo ADR,0.01,,227750,$86.27,"$19,648,000",,$96.45,11.80%,$84.52,$113.71,Warren Buffett - Berkshire Hathaway,1
≡,JEF - Jefferies Financial Group Inc.,0.01,,433558,$61.97,"$26,868,000",,$51.98,-16.12%,$38.16,$70.00,Warren Buffett - Berkshire Hathaway,1
≡,LEN.B - Lennar Corp. CL B,0.01,,180980,$95.12,"$17,215,000",,$113.99,19.84%,$92.34,$136.11,Warren Buffett - Berkshire Hathaway,1
≡,LILA - Liberty LiLAC Group A,0.01,Reduce 8.90%,2396665,$7.39,"$17,711,000",,$7.84,6.09%,$4.25,$9.04,Warren Buffett - Berkshire Hathaway,1
≡,BATRK - Atlanta Braves Holdings Inc. Series C,0.0,Reduce 48.39%,115428,$39.44,"$4,553,000",,$43.30,9.79%,$35.46,$47.18,Warren Buffett - Berkshire Hathaway,1
≡,LILAK - Liberty LiLAC Group C,0.0,,1284020,$7.46,"$9,579,000",,$7.93,6.30%,$4.23,$9.13,Warren Buffett - Berkshire Hathaway,1
≡,OMF - OneMain Holdings,12.25,Reduce 0.71%,7739293,$67.55,"$522,789,000",,$56.43,-16.46%,$35.23,$70.60,Glenn Greenberg - Brave Warrior Advisors,1
≡,SNX - SYNNEX Corp.,11.13,Reduce 3.42%,3163239,$150.23,"$475,213,000",,$159.86,6.41%,$91.00,$175.56,Glenn Greenberg - Brave Warrior Advisors,1
≡,ELV - Elevance Health Inc.,10.28,Reduce 31.74%,1251803,$350.55,"$438,820,000",,$344.78,-1.65%,$270.83,$451.93,Glenn Greenberg - Brave Warrior Advisors,1
≡,SLM - SLM Corp.,8.13,Add 10.06%,12831965,$27.06,"$347,233,000",,$23.90,-11.68%,$23.51,$34.67,Glenn Greenberg - Brave Warrior Advisors,1
≡,AN - AutoNation Inc.,7.51,Add 27.90%,1552741,$206.48,"$320,610,000",,$200.15,-3.07%,$148.33,$228.92,Glenn Greenberg - Brave Warrior Advisors,1
≡,MRP - Millrose Properties,6.02,Add 59.99%,8600224,$29.87,"$256,889,000",,$31.53,5.56%,$19.27,$34.32,Glenn Greenberg - Brave Warrior Advisors,1
≡,LEN - Lennar Corp.,5.81,Add 20.24%,2411414,$102.80,"$247,893,000",,$121.44,18.13%,$96.69,$142.99,Glenn Greenberg - Brave Warrior Advisors,1
≡,BLDR - Builders FirstSource Inc.,5.73,Add 31.78%,2379145,$102.89,"$244,790,000",,$114.63,11.41%,$94.35,$153.91,Glenn Greenberg - Brave Warrior Advisors,1
≡,COF - Capital One Financial,5.73,Add 4.57%,1008862,$242.36,"$244,508,000",,$206.74,-14.70%,$141.84,$259.64,Glenn Greenberg - Brave Warrior Advisors,1
≡,MPLX - MPLX LP,5.59,Add 0.15%,4474115,$53.37,"$238,784,000",,$57.35,7.46%,$41.23,$57.99,Glenn Greenberg - Brave Warrior Advisors,1
≡,RYAAY - Ryanair Holdings PLC,5.17,Reduce 25.16%,3056698,$72.19,"$220,663,000",,$66.68,-7.63%,$37.93,$73.75,Glenn Greenberg - Brave Warrior Advisors,1
≡,PRI - Primerica Inc.,4.72,Add 3.60%,780125,$258.36,"$201,553,000",,$259.22,0.33%,$228.28,$292.54,Glenn Greenberg - Brave Warrior Advisors,1
≡,FNF - Fidelity National Financial Inc.,4.5,Add 0.85%,3519089,$54.59,"$192,107,000",,$57.46,5.26%,$47.94,$62.63,Glenn Greenberg - Brave Warrior Advisors,1
≡,FG - F&G Annuities & Life Inc.,3.89,Add 3.03%,5377029,$30.85,"$165,881,000",,$28.55,-7.46%,$26.45,$46.54,Glenn Greenberg - Brave Warrior Advisors,1
≡,DHI - D.R. Horton,2.37,Reduce 0.97%,701822,$144.03,"$101,083,000",,$166.29,15.46%,$109.15,$183.45,Glenn Greenberg - Brave Warrior Advisors,1
≡,AM - Antero Midstream Corp.,0.77,Reduce 0.93%,1847972,$17.79,"$32,875,000",,$21.45,20.57%,$14.32,$21.66,Glenn Greenberg - Brave Warrior Advisors,1
≡,GOOGL - Alphabet Inc.,0.15,Reduce 7.32%,20258,$313.01,"$6,341,000",,$302.02,-3.51%,$140.14,$349.00,Glenn Greenberg - Brave Warrior Advisors,1
≡,HCA - HCA Healthcare Inc.,0.04,,3923,$466.73,"$1,831,000",,$534.78,14.58%,$292.80,$552.90,Glenn Greenberg - Brave Warrior Advisors,1
≡,JPM - JPMorgan Chase & Co.,0.04,,5643,$322.17,"$1,818,000",,$307.13,-4.67%,$199.32,$335.87,Glenn Greenberg - Brave Warrior Advisors,1
≡,BAC - Bank of America Corp.,0.03,,26532,$54.99,"$1,459,000",,$52.74,-4.09%,$32.52,$57.55,Glenn Greenberg - Brave Warrior Advisors,1
≡,GOOG - Alphabet Inc. CL C,0.03,,3790,$313.72,"$1,189,000",,$302.82,-3.47%,$142.27,$350.15,Glenn Greenberg - Brave Warrior Advisors,1
≡,CMCSA - Comcast Corp.,0.02,,31094,$29.88,"$929,000",,$31.55,5.59%,$23.89,$34.24,Glenn Greenberg - Brave Warrior Advisors,1
≡,USB - U.S. Bancorp,0.02,,15000,$53.33,"$800,000",,$58.17,9.08%,$34.10,$61.19,Glenn Greenberg - Brave Warrior Advisors,1
≡,AMAT - Applied Materials,0.01,Buy,961,$257.02,"$247,000",,$359.13,39.73%,$122.79,$376.32,Glenn Greenberg - Brave Warrior Advisors,1
≡,AMZN - Amazon.com Inc.,0.01,,1400,$230.71,"$323,000",,$201.15,-12.81%,$161.38,$258.60,Glenn Greenberg - Brave Warrior Advisors,1
≡,MA - Mastercard Inc.,0.01,,422,$571.09,"$241,000",,$521.93,-8.61%,$462.92,$600.08,Glenn Greenberg - Brave Warrior Advisors,1
≡,MAR - Marriott Int'l.,0.01,,1194,$309.88,"$370,000",,$359.94,16.15%,$203.87,$370.00,Glenn Greenberg - Brave Warrior Advisors,1
≡,MCO - Moody's Corp.,0.01,,471,$511.68,"$241,000",,$423.22,-17.29%,$376.55,$546.88,Glenn Greenberg - Brave Warrior Advisors,1
≡,META - Meta Platforms Inc.,0.01,,338,$659.76,"$223,000",,$639.29,-3.10%,$478.72,$795.06,Glenn Greenberg - Brave Warrior Advisors,1
≡,MSFT - Microsoft Corp.,0.01,,525,$483.81,"$254,000",,$396.86,-17.97%,$342.95,$553.50,Glenn Greenberg - Brave Warrior Advisors,1
≡,PGR - Progressive Corp.,0.01,,1746,$227.95,"$398,000",,$207.90,-8.80%,$187.97,$275.18,Glenn Greenberg - Brave Warrior Advisors,1
≡,V - Visa Inc.,0.01,,618,$351.13,"$217,000",,$319.50,-9.01%,$296.78,$373.34,Glenn Greenberg - Brave Warrior Advisors,1
≡,SPGI - S&P Global Inc.,0.0,Buy,401,$523.69,"$210,000",,$410.45,-21.62%,$381.61,$576.91,Glenn Greenberg - Brave Warrior Advisors,1
≡,BABA - Alibaba Group Holdings,10.99,Reduce 20.34%,5137931,$146.58,"$753,118,000",,$155.43,6.04%,$94.15,$192.67,David Tepper - Appaloosa Management,1
≡,GOOG - Alphabet Inc. CL C,8.18,Add 28.79%,1786931,$313.80,"$560,739,000",,$302.82,-3.50%,$142.27,$350.15,David Tepper - Appaloosa Management,1
≡,AMZN - Amazon.com Inc.,7.34,Reduce 12.82%,2179391,$230.82,"$503,047,000",,$201.15,-12.85%,$161.38,$258.60,David Tepper - Appaloosa Management,1
≡,MU - Micron Technology Inc.,6.25,Add 200.00%,1500000,$285.41,"$428,115,000",,$399.78,40.07%,$61.42,$455.50,David Tepper - Appaloosa Management,1
≡,META - Meta Platforms Inc.,5.78,Add 62.16%,600000,$660.09,"$396,054,000",,$639.29,-3.15%,$478.72,$795.06,David Tepper - Appaloosa Management,1
≡,TSM - Taiwan Semiconductor S.A.,5.01,Add 6.60%,1130000,$303.89,"$343,396,000",,$364.20,19.85%,$133.00,$380.00,David Tepper - Appaloosa Management,1
≡,NVDA - NVIDIA Corp.,4.63,Reduce 10.53%,1700000,$186.50,"$317,050,000",,$184.97,-0.82%,$86.60,$212.18,David Tepper - Appaloosa Management,1
≡,WHR - Whirlpool Corp.,4.12,Reduce 28.91%,3910000,$72.14,"$282,067,000",,$87.22,20.90%,$64.51,$109.47,David Tepper - Appaloosa Management,1
≡,NRG - NRG Energy Inc.,3.81,Reduce 12.30%,1640000,$159.24,"$261,154,000",,$173.45,8.92%,$78.59,$179.52,David Tepper - Appaloosa Management,1
≡,MSFT - Microsoft Corp.,3.53,Add 8.11%,500000,$483.62,"$241,810,000",,$396.86,-17.94%,$342.95,$553.50,David Tepper - Appaloosa Management,1
≡,AAL - American Airlines Group Inc.,3.17,Add 52.97%,14150000,$15.33,"$216,920,000",,$14.40,-6.07%,$8.50,$16.50,David Tepper - Appaloosa Management,1
≡,PDD - Pinduoduo Inc.,2.94,Reduce 1.39%,1775000,$113.39,"$201,267,000",,$101.83,-10.19%,$87.11,$139.41,David Tepper - Appaloosa Management,1
≡,QCOM - QUALCOMM Inc.,2.86,Reduce 8.03%,1145000,$171.05,"$195,852,000",,$142.63,-16.62%,$118.79,$204.90,David Tepper - Appaloosa Management,1
≡,EWY - iShares MSCI South Korea ETF,2.66,Buy,1875000,$97.22,"$182,288,000",,$130.68,34.42%,$47.42,$134.32,David Tepper - Appaloosa Management,1
≡,KWEB - Kraneshares Csi China Intern,2.36,Reduce 35.81%,4750000,$34.05,"$161,738,000",,$32.72,-3.91%,$26.23,$40.87,David Tepper - Appaloosa Management,1
≡,VST - Vistra Corp.,2.22,Reduce 24.10%,945000,$161.33,"$152,457,000",,$173.68,7.66%,$90.17,$219.51,David Tepper - Appaloosa Management,1
≡,UBER - Uber Technologies Inc.,2.21,Reduce 23.14%,1850000,$81.71,"$151,164,000",,$70.53,-13.68%,$60.63,$101.99,David Tepper - Appaloosa Management,1
≡,GLW - Corning Inc.,2.01,Reduce 3.37%,1570200,$87.56,"$137,487,000",,$130.52,49.06%,$36.82,$136.83,David Tepper - Appaloosa Management,1
≡,DB - Deutsche Bank AG,1.77,Reduce 16.89%,3150000,$38.56,"$121,464,000",,$35.94,-6.79%,$18.38,$40.43,David Tepper - Appaloosa Management,1
≡,JD - JD.com Inc.,1.74,Reduce 33.22%,4157046,$28.70,"$119,307,000",,$27.33,-4.77%,$26.95,$45.12,David Tepper - Appaloosa Management,1
≡,OC - Owens Corning,1.55,Add 488.24%,950000,$111.91,"$106,315,000",,$133.56,19.35%,$96.86,$175.26,David Tepper - Appaloosa Management,1
≡,RTX - RTX Corp.,1.34,Reduce 1.86%,500000,$183.40,"$91,700,000",,$203.50,10.96%,$110.77,$206.48,David Tepper - Appaloosa Management,1
≡,LHX - L3Harris Technologies Inc.,1.26,Reduce 1.67%,295000,$293.57,"$86,603,000",,$346.59,18.06%,$189.46,$369.59,David Tepper - Appaloosa Management,1
≡,BIDU - Baidu Inc.,1.1,Reduce 44.98%,575000,$130.66,"$75,130,000",,$137.33,5.10%,$74.71,$165.30,David Tepper - Appaloosa Management,1
≡,MHK - Mohawk Industries,1.08,Add 317.96%,675000,$109.30,"$73,778,000",,$131.91,20.69%,$96.24,$143.13,David Tepper - Appaloosa Management,1
≡,LYFT - Lyft Inc.,1.07,Reduce 32.14%,3800000,$19.37,"$73,606,000",,$13.30,-31.34%,$9.66,$25.54,David Tepper - Appaloosa Management,1
≡,LRCX - Lam Research,1.06,Add 14.86%,425000,$171.18,"$72,752,000",,$235.58,37.62%,$55.98,$251.87,David Tepper - Appaloosa Management,1
≡,AMD - Advanced Micro Devices,1.02,Reduce 65.79%,325000,$214.16,"$69,602,000",,$203.08,-5.17%,$76.48,$267.08,David Tepper - Appaloosa Management,1
≡,ASML - ASML Holding NV,0.98,Reduce 2.34%,62500,$1069.86,"$66,866,000",,$1419.78,32.71%,$573.49,$1491.51,David Tepper - Appaloosa Management,1
≡,UNH - United Health Group Inc.,0.96,Reduce 1.72%,200000,$330.11,"$66,022,000",,$289.09,-12.43%,$231.57,$594.32,David Tepper - Appaloosa Management,1
≡,BALL - Ball Corp.,0.93,Buy,1200000,$52.97,"$63,564,000",,$66.55,25.64%,$43.01,$68.29,David Tepper - Appaloosa Management,1
≡,IQV - IQVIA Holdings Inc.,0.92,Reduce 1.75%,280000,$225.41,"$63,115,000",,$164.44,-27.05%,$134.65,$247.05,David Tepper - Appaloosa Management,1
≡,UAL - United Airlines Holdings Inc.,0.76,Add 0.54%,465000,$111.82,"$51,996,000",,$114.02,1.97%,$52.00,$119.21,David Tepper - Appaloosa Management,1
≡,FXI - Ishares China Large Cap ETF,0.61,Reduce 2.03%,1087500,$38.29,"$41,640,000",,$38.52,0.60%,$28.49,$41.55,David Tepper - Appaloosa Management,1
≡,ET - Energy Transfer LP,0.53,Reduce 55.80%,2191250,$16.49,"$36,134,000",,$18.61,12.86%,$13.53,$19.00,David Tepper - Appaloosa Management,1
≡,MPLX - MPLX LP,0.49,Add 17.29%,627500,$53.37,"$33,490,000",,$57.35,7.46%,$41.23,$57.99,David Tepper - Appaloosa Management,1
≡,DAL - Delta Air Lines Inc.,0.48,Add 2.70%,475000,$69.40,"$32,965,000",,$70.85,2.09%,$34.41,$76.39,David Tepper - Appaloosa Management,1
≡,GT - Goodyear Tire & Rubber,0.32,Reduce 51.36%,2500000,$8.76,"$21,900,000",,$8.86,1.14%,$6.51,$12.03,David Tepper - Appaloosa Management,1
≡,IBKR - Interactive Brokers Group Inc.,28.42,,1030740,$64.31,"$66,287,000",,$73.29,13.96%,$32.69,$79.18,Bryan Lawrence - Oakcliff Capital,1
≡,GIL - Gildan Activewear Inc.,18.25,,681689,$62.46,"$42,578,000",,$72.44,15.98%,$36.69,$73.70,Bryan Lawrence - Oakcliff Capital,1
≡,GOOG - Alphabet Inc. CL C,15.9,,118161,$313.80,"$37,079,000",,$302.82,-3.50%,$142.27,$350.15,Bryan Lawrence - Oakcliff Capital,1
≡,TDG - TransDigm Group Inc.,13.78,,24170,$1329.83,"$32,142,000",,$1302.11,-2.08%,$1107.45,$1519.35,Bryan Lawrence - Oakcliff Capital,1
≡,GWRE - Guidewire Software Inc.,7.17,Add 26.64%,83183,$201.01,"$16,721,000",,$122.29,-39.16%,$120.37,$272.60,Bryan Lawrence - Oakcliff Capital,1
≡,NRP - Natural Resource Partners,5.7,Reduce 24.67%,127351,$104.40,"$13,295,000",,$124.18,18.95%,$84.38,$127.83,Bryan Lawrence - Oakcliff Capital,1
≡,SGU - Star Gas Partners LP,5.58,,1099239,$11.84,"$13,015,000",,$12.88,8.78%,$10.81,$13.50,Bryan Lawrence - Oakcliff Capital,1
≡,LEN - Lennar Corp.,5.2,,118000,$102.80,"$12,130,000",,$121.44,18.13%,$96.69,$142.99,Bryan Lawrence - Oakcliff Capital,1
≡,VFC - V.F. Corp.,24.47,Reduce 9.48%,5306548,$18.08,"$95,942,000",,$20.09,11.12%,$9.24,$26.10,Glenn Welling - Engaged Capital,1
≡,YETI - YETI Holdings Inc.,22.9,Reduce 6.31%,2032695,$44.17,"$89,784,000",,$48.01,8.69%,$26.61,$51.29,Glenn Welling - Engaged Capital,1
≡,BL - BlackLine Inc.,15.28,Add 138.79%,1083619,$55.29,"$59,913,000",,$37.34,-32.47%,$36.24,$59.57,Glenn Welling - Engaged Capital,1
≡,GXO - Gxo Logistics Inc.,11.14,Reduce 15.20%,829769,$52.64,"$43,679,000",,$65.36,24.16%,$30.46,$66.85,Glenn Welling - Engaged Capital,1
≡,CGNX - Cognex Corp.,8.56,Add 9.12%,933000,$35.98,"$33,569,000",,$57.09,58.67%,$22.52,$59.88,Glenn Welling - Engaged Capital,1
≡,FRPT - Freshpet Inc.,6.23,Reduce 35.21%,401130,$60.93,"$24,441,000",,$71.69,17.66%,$46.76,$132.86,Glenn Welling - Engaged Capital,1
≡,EVH - Evolent Health Inc.,5.68,Reduce 1.77%,5563912,$4.00,"$22,256,000",,$2.72,-32.00%,$2.56,$12.07,Glenn Welling - Engaged Capital,1
≡,BRCC - BRC Inc.,3.95,,13935560,$1.11,"$15,468,000",,$0.69,-37.84%,$0.68,$2.78,Glenn Welling - Engaged Capital,1
≡,PTLO - Portillo's Inc Cl A,1.78,Reduce 69.72%,1534990,$4.54,"$6,969,000",,$5.49,20.93%,$4.41,$15.78,Glenn Welling - Engaged Capital,1
≡,GOOGL - Alphabet Inc.,11.2,,10631402,$313.00,"$3,327,629,000",,$302.02,-3.51%,$140.14,$349.00,Chase Coleman - Tiger Global Management,1
≡,MSFT - Microsoft Corp.,8.92,Reduce 16.39%,5477747,$483.62,"$2,649,148,000",,$396.86,-17.94%,$342.95,$553.50,Chase Coleman - Tiger Global Management,1
≡,AMZN - Amazon.com Inc.,7.78,Reduce 9.35%,10011379,$230.82,"$2,310,827,000",,$201.15,-12.85%,$161.38,$258.60,Chase Coleman - Tiger Global Management,1
≡,NVDA - NVIDIA Corp.,6.91,Reduce 5.96%,11011752,$186.50,"$2,053,692,000",,$184.97,-0.82%,$86.60,$212.18,Chase Coleman - Tiger Global Management,1
≡,SE - Sea Ltd,6.62,Reduce 3.90%,15415835,$127.57,"$1,966,598,000",,$108.51,-14.94%,$99.50,$199.30,Chase Coleman - Tiger Global Management,1
≡,META - Meta Platforms Inc.,6.11,Reduce 2.43%,2750615,$660.09,"$1,815,653,000",,$639.29,-3.15%,$478.72,$795.06,Chase Coleman - Tiger Global Management,1
≡,TTWO - Take-Two Interactive Software,5.03,,5839256,$256.03,"$1,495,025,000",,$193.87,-24.28%,$188.56,$264.79,Chase Coleman - Tiger Global Management,1
≡,TSM - Taiwan Semiconductor S.A.,3.81,Reduce 18.63%,3725474,$303.89,"$1,132,134,000",,$364.20,19.85%,$133.00,$380.00,Chase Coleman - Tiger Global Management,1
≡,AVGO - Broadcom Inc.,3.35,Reduce 0.48%,2875614,$346.10,"$995,250,000",,$332.54,-3.92%,$137.28,$413.82,Chase Coleman - Tiger Global Management,1
≡,APO - Apollo Global Management,3.03,,6209496,$144.76,"$898,887,000",,$125.15,-13.55%,$101.45,$162.40,Chase Coleman - Tiger Global Management,1
≡,RDDT - Reddit Inc Cl A,2.97,Reduce 17.73%,3843915,$229.87,"$883,601,000",,$139.23,-39.43%,$79.75,$282.95,Chase Coleman - Tiger Global Management,1
≡,APP - Applovin Corp.,2.93,Reduce 35.45%,1292984,$673.82,"$871,238,000",,$376.38,-44.14%,$200.50,$745.61,Chase Coleman - Tiger Global Management,1
≡,FLUT - Flutter Entertainment Plc,2.9,Add 9.44%,4003542,$215.04,"$860,922,000",,$123.91,-42.38%,$122.55,$313.69,Chase Coleman - Tiger Global Management,1
≡,SPOT - Spotify Technology S.A.,2.47,,1261461,$580.71,"$732,543,000",,$462.82,-20.30%,$405.00,$785.00,Chase Coleman - Tiger Global Management,1
≡,LRCX - Lam Research,2.25,Reduce 25.85%,3900439,$171.18,"$667,677,000",,$235.58,37.62%,$55.98,$251.87,Chase Coleman - Tiger Global Management,1
≡,GEV - Ge Vernova Inc,2.14,Reduce 15.73%,972994,$653.57,"$635,920,000",,$819.15,25.33%,$251.66,$846.00,Chase Coleman - Tiger Global Management,1
≡,CPNG - Coupang Inc.,2.09,Add 65.85%,26267259,$23.59,"$619,645,000",,$17.43,-26.11%,$16.74,$34.08,Chase Coleman - Tiger Global Management,1
≡,VEEV - Veeva Systems Inc.,1.82,,2420500,$223.23,"$540,328,000",,$176.82,-20.79%,$168.14,$310.50,Chase Coleman - Tiger Global Management,1
≡,CPAY - Corpay Inc.,1.77,Reduce 1.07%,1752146,$300.93,"$527,273,000",,$342.51,13.82%,$252.84,$386.88,Chase Coleman - Tiger Global Management,1
≡,GRAB - Grab Holdings Ltd Cl A,1.56,,92923788,$4.99,"$463,690,000",,$4.27,-14.43%,$3.36,$6.62,Chase Coleman - Tiger Global Management,1
≡,XYZ - Block Inc.,1.39,Add 43.89%,6364840,$65.09,"$414,287,000",,$50.81,-21.94%,$44.27,$85.55,Chase Coleman - Tiger Global Management,1
≡,Z - Zillow Group Inc.,1.39,Add 20.06%,6056957,$68.22,"$413,206,000",,$43.97,-35.55%,$42.50,$93.88,Chase Coleman - Tiger Global Management,1
≡,CHYM - Chime Financial Inc Cl A,1.2,Add 13.81%,14192499,$25.17,"$357,225,000",,$19.65,-21.93%,$16.17,$44.94,Chase Coleman - Tiger Global Management,1
≡,ZS - Zscaler Inc.,1.2,Reduce 6.15%,1579766,$224.92,"$355,321,000",,$172.59,-23.27%,$162.87,$336.99,Chase Coleman - Tiger Global Management,1
≡,NOW - ServiceNow Inc.,1.1,Add 41.79%,2126890,$153.19,"$325,818,000",,$105.91,-30.86%,$98.00,$211.48,Chase Coleman - Tiger Global Management,1
≡,FWONK - Liberty Media Corp Formula One Series C,0.89,,2682000,$98.51,"$264,204,000",,$86.74,-11.95%,$75.26,$109.36,Chase Coleman - Tiger Global Management,1
≡,AMAT - Applied Materials,0.77,,895200,$256.99,"$230,057,000",,$359.13,39.74%,$122.79,$376.32,Chase Coleman - Tiger Global Management,1
≡,NFLX - Netflix Inc.,0.77,Add 20.80%,2439000,$93.76,"$228,681,000",,$77.00,-17.88%,$75.23,$134.12,Chase Coleman - Tiger Global Management,1
≡,WDAY - Workday Inc.,0.72,,1000000,$214.78,"$214,780,000",,$143.12,-33.36%,$139.91,$281.00,Chase Coleman - Tiger Global Management,1
≡,WLTH - Wealthfront Corp,0.69,Buy,15156877,$13.59,"$205,982,000",,$8.49,-37.53%,$7.20,$14.88,Chase Coleman - Tiger Global Management,1
≡,NU - Nu Holdings Ltd,0.62,,11032555,$16.74,"$184,685,000",,$16.82,0.48%,$9.01,$18.98,Chase Coleman - Tiger Global Management,1
≡,PCOR - Procore Technologies Inc.,0.57,,2339500,$72.74,"$170,175,000",,$52.21,-28.22%,$46.08,$88.92,Chase Coleman - Tiger Global Management,1
≡,CSGP - CoStar Group Inc.,0.51,Reduce 30.38%,2259109,$67.24,"$151,902,000",,$45.74,-31.98%,$43.80,$97.43,Chase Coleman - Tiger Global Management,1
≡,UNH - United Health Group Inc.,0.47,Reduce 4.24%,420205,$330.11,"$138,714,000",,$289.09,-12.43%,$231.57,$594.32,Chase Coleman - Tiger Global Management,1
≡,ESTC - Elastic NV,0.43,,1690700,$75.44,"$127,546,000",,$60.44,-19.88%,$56.70,$117.49,Chase Coleman - Tiger Global Management,1
≡,HNGE - Hinge Health Inc A,0.28,Add 227.12%,1805751,$46.45,"$83,877,000",,$39.19,-15.63%,$30.08,$62.18,Chase Coleman - Tiger Global Management,1
≡,SHW - Sherwin-Williams,0.28,Reduce 21.90%,257083,$324.03,"$83,303,000",,$367.94,13.55%,$306.78,$378.76,Chase Coleman - Tiger Global Management,1
≡,ZG - Zillow Group Inc. CL A,0.24,Add 30.74%,1023733,$68.23,"$69,849,000",,$43.99,-35.53%,$42.25,$90.22,Chase Coleman - Tiger Global Management,1
≡,BULL - Webull Corp,0.18,Reduce 42.65%,6724137,$7.77,"$52,247,000",,$5.88,-24.32%,$5.78,$79.56,Chase Coleman - Tiger Global Management,1
≡,RERE - AiHuiShou International Co. Ltd. ADS,0.18,,9831218,$5.30,"$52,105,000",,$5.64,6.42%,$2.00,$6.47,Chase Coleman - Tiger Global Management,1
≡,PONY - Pony Ai Inc,0.14,Add 683.78%,2900000,$14.50,"$42,050,000",,$13.77,-5.03%,$4.11,$24.92,Chase Coleman - Tiger Global Management,1
≡,CRCL - Circle Internet Group Inc,0.13,Add 300.00%,500000,$79.30,"$39,650,000",,$61.62,-22.30%,$49.90,$298.99,Chase Coleman - Tiger Global Management,1
≡,UBER - Uber Technologies Inc.,0.04,,151178,$81.71,"$12,353,000",,$70.53,-13.68%,$60.63,$101.99,Chase Coleman - Tiger Global Management,1
≡,FIGR - Figure Technology Solut Cl A,0.03,,200000,$40.84,"$8,168,000",,$36.91,-9.62%,$30.01,$78.00,Chase Coleman - Tiger Global Management,1
≡,JD - JD.com Inc.,0.03,,344309,$28.70,"$9,882,000",,$27.33,-4.77%,$26.95,$45.12,Chase Coleman - Tiger Global Management,1
≡,NTSK - Netskope Inc Cl A,0.03,,500000,$17.54,"$8,770,000",,$11.32,-35.46%,$10.96,$27.99,Chase Coleman - Tiger Global Management,1
≡,DASH - DoorDash Inc.,0.02,,25337,$226.47,"$5,738,000",,$162.34,-28.32%,$155.40,$285.50,Chase Coleman - Tiger Global Management,1
≡,KLAR - Klarna Group Plc,0.02,,175000,$28.91,"$5,059,000",,$19.22,-33.52%,$17.74,$57.20,Chase Coleman - Tiger Global Management,1
≡,BLSH - Bullish,0.01,,100000,$37.87,"$3,787,000",,$32.00,-15.50%,$24.79,$118.00,Chase Coleman - Tiger Global Management,1
≡,ETOR - Etoro Group Ltd A,0.01,,80000,$35.13,"$2,810,000",,$33.07,-5.86%,$24.74,$79.96,Chase Coleman - Tiger Global Management,1
≡,FIG - Figma Inc Cl A,0.01,,60000,$37.37,"$2,242,000",,$23.10,-38.19%,$19.85,$142.92,Chase Coleman - Tiger Global Management,1
≡,ARX - Accelerant Holdings Cl A,0.0,,75000,$16.35,"$1,226,000",,$10.48,-35.90%,$10.28,$31.18,Chase Coleman - Tiger Global Management,1
≡,GEMI - Gemini Space Station Inc A,0.0,,70000,$9.91,"$694,000",,$6.59,-33.50%,$6.31,$45.89,Chase Coleman - Tiger Global Management,1
≡,MNTN - Mntn Inc A,0.0,,20000,$11.95,"$239,000",,$10.39,-13.05%,$7.71,$32.49,Chase Coleman - Tiger Global Management,1
≡,EXE - Expand Energy Corp.,12.31,,5062363,$110.36,"$558,682,000",,$102.75,-6.90%,$90.25,$126.62,Howard Marks - Oaktree Capital Management,1
≡,TRMD - Torm Plc,11.62,Reduce 34.88%,26425059,$19.95,"$527,288,000",,$25.82,29.42%,$12.69,$25.95,Howard Marks - Oaktree Capital Management,1
≡,AU - AngloGold Ashanti Ltd.,7.23,Reduce 8.06%,3847991,$85.28,"$328,157,000",,$106.17,24.50%,$27.08,$115.81,Howard Marks - Oaktree Capital Management,1
≡,GTX - Garrett Motion Inc.,6.57,Reduce 46.40%,17094816,$17.43,"$297,963,000",,$20.62,18.30%,$6.91,$21.42,Howard Marks - Oaktree Capital Management,1
≡,INDV - Indivior Pharmaceuticals Inc.,5.62,Reduce 97.24%,7108644,$35.88,"$255,059,000",,$34.75,-3.15%,$33.15,$36.03,Howard Marks - Oaktree Capital Management,1
≡,VNOM - Viper Energy Inc.,5.35,,6285062,$38.63,"$242,792,000",,$44.00,13.90%,$33.26,$48.58,Howard Marks - Oaktree Capital Management,1
≡,TDS - Telephone & Data Systems,3.33,,3688386,$41.00,"$151,224,000",,$46.54,13.51%,$30.97,$47.80,Howard Marks - Oaktree Capital Management,1
≡,B - Barrick Mining Corp.,2.86,Reduce 9.90%,2975118,$43.55,"$129,566,000",,$46.65,7.12%,$16.74,$54.69,Howard Marks - Oaktree Capital Management,1
≡,TLN - Talen Energy Corp,2.73,Add 13.74%,331117,$374.84,"$124,116,000",,$388.28,3.59%,$158.08,$451.28,Howard Marks - Oaktree Capital Management,1
≡,CORZ - Core Scientific Inc,2.68,Add 30.47%,8350708,$14.56,"$121,586,000",,$17.23,18.34%,$6.20,$23.63,Howard Marks - Oaktree Capital Management,1
≡,NOK - Nokia Corp.,2.67,,18752229,$6.47,"$121,327,000",,$7.30,12.83%,$3.96,$8.15,Howard Marks - Oaktree Capital Management,1
≡,FTAI - FTAI Aviation Ltd.,2.24,Reduce 11.59%,517328,$196.85,"$101,836,000",,$285.75,45.16%,$80.89,$310.00,Howard Marks - Oaktree Capital Management,1
≡,ITUB - ita Unibanco Holding S.A.,2.18,Add 9.13%,13822747,$7.16,"$98,971,000",,$9.17,28.07%,$4.41,$9.60,Howard Marks - Oaktree Capital Management,1
≡,LBTYA - Liberty Global Ltd CL A,2.1,,8551191,$11.14,"$95,260,000",,$11.16,0.18%,$9.03,$12.09,Howard Marks - Oaktree Capital Management,1
≡,CBL - CBL & Associates Pptys Inc.,2.05,Reduce 16.22%,2517576,$37.00,"$93,150,000",,$36.90,-0.27%,$20.19,$38.67,Howard Marks - Oaktree Capital Management,1
≡,AERO - Grupo Aeromexico Sab De Cv,1.83,Buy,3776986,$21.96,"$82,943,000",,$19.62,-10.66%,$16.00,$23.05,Howard Marks - Oaktree Capital Management,1
≡,TAC - TransAlta Corp.,1.79,,6415253,$12.66,"$81,247,000",,$13.43,6.08%,$7.73,$17.82,Howard Marks - Oaktree Capital Management,1
≡,STKL - SunOpta Inc.,1.74,,20726126,$3.81,"$78,883,000",,$6.41,68.24%,$3.32,$7.68,Howard Marks - Oaktree Capital Management,1
≡,NU - Nu Holdings Ltd,1.65,Reduce 0.88%,4479175,$16.74,"$74,981,000",,$16.82,0.48%,$9.01,$18.98,Howard Marks - Oaktree Capital Management,1
≡,FCX - Freeport-McMoran Inc.,1.56,Reduce 7.63%,1390053,$50.79,"$70,601,000",,$61.09,20.28%,$27.28,$69.44,Howard Marks - Oaktree Capital Management,1
≡,KRC - Kilroy Realty Corp.,1.52,,1850011,$37.37,"$69,135,000",,$31.81,-14.88%,$25.94,$43.83,Howard Marks - Oaktree Capital Management,1
≡,CX - Cemex,1.46,Reduce 44.98%,5749324,$11.49,"$66,060,000",,$12.50,8.79%,$4.85,$13.35,Howard Marks - Oaktree Capital Management,1
≡,RWAY - Runway Growth Finance Corp,1.38,Reduce 15.10%,7029667,$8.93,"$62,775,000",,$8.46,-5.26%,$7.53,$10.66,Howard Marks - Oaktree Capital Management,1
≡,BLCO - Bausch + Lomb Corp,1.27,Add 4.23%,3382739,$17.08,"$57,777,000",,$17.73,3.81%,$10.45,$17.91,Howard Marks - Oaktree Capital Management,1
≡,GRAB - Grab Holdings Ltd Cl A,1.23,Reduce 7.33%,11207699,$4.99,"$55,926,000",,$4.27,-14.43%,$3.36,$6.62,Howard Marks - Oaktree Capital Management,1
≡,XP - XP Inc.,1.2,Add 63.32%,3320159,$16.37,"$54,351,000",,$19.69,20.28%,$12.08,$20.98,Howard Marks - Oaktree Capital Management,1
≡,LILAK - Liberty LiLAC Group C,0.95,Reduce 13.81%,5748780,$7.46,"$42,886,000",,$7.93,6.30%,$4.23,$9.13,Howard Marks - Oaktree Capital Management,1
≡,ECVT - Ecovyst Inc.,0.91,Add 48.81%,4254503,$9.73,"$41,396,000",,$11.64,19.63%,$5.24,$11.81,Howard Marks - Oaktree Capital Management,1
≡,AD - Array Digital Infrastructure Inc.,0.86,,724444,$53.62,"$38,845,000",,$51.24,-4.44%,$33.68,$51.96,Howard Marks - Oaktree Capital Management,1
≡,"VIST - Vista Oil & Gas, S.A.B. de C.V.",0.84,Reduce 57.52%,782250,$48.66,"$38,064,000",,$53.95,10.87%,$31.63,$62.42,Howard Marks - Oaktree Capital Management,1
≡,SBLK - Star Bulk Carriers Corp.,0.83,,1962892,$19.22,"$37,727,000",,$24.53,27.63%,$11.93,$24.70,Howard Marks - Oaktree Capital Management,1
≡,YMM - Full Truck Alliance Spn ADR,0.83,Reduce 7.32%,3519764,$10.73,"$37,767,000",,$9.55,-11.00%,$9.38,$13.96,Howard Marks - Oaktree Capital Management,1
≡,BZ - Kanzhun Ltd,0.68,Reduce 7.32%,1523231,$20.38,"$31,043,000",,$17.30,-15.11%,$13.19,$25.08,Howard Marks - Oaktree Capital Management,1
≡,CRC - California Resources Corp.,0.68,,694502,$44.71,"$31,051,000",,$56.62,26.64%,$30.19,$57.91,Howard Marks - Oaktree Capital Management,1
≡,TEO - Telecom Argentina S.A.,0.6,Reduce 10.72%,2347508,$11.61,"$27,255,000",,$11.36,-2.15%,$6.29,$13.81,Howard Marks - Oaktree Capital Management,1
≡,VALE - Vale SA,0.58,Reduce 0.49%,2023706,$13.03,"$26,369,000",,$15.90,22.03%,$7.53,$17.72,Howard Marks - Oaktree Capital Management,1
≡,TX - Ternium S.A.,0.55,Reduce 26.62%,658565,$38.19,"$25,151,000",,$43.25,13.25%,$21.96,$45.57,Howard Marks - Oaktree Capital Management,1
≡,KRSP - Rice Acquisition Corp 3 A,0.54,Buy,2400000,$10.28,"$24,660,000",,$10.34,0.58%,$10.21,$10.70,Howard Marks - Oaktree Capital Management,1
≡,OCSL - Oaktree Specialty Lending Corp,0.52,,1852456,$12.74,"$23,600,000",,$12.01,-5.73%,$11.44,$14.50,Howard Marks - Oaktree Capital Management,1
≡,INFY - Infosys Ltd.,0.43,Buy,1094752,$17.82,"$19,508,000",,$14.75,-17.23%,$14.19,$30.00,Howard Marks - Oaktree Capital Management,1
≡,ONIT - Onity Group Inc.,0.39,Buy,390835,$45.79,"$17,896,000",,$45.80,0.02%,$25.50,$54.10,Howard Marks - Oaktree Capital Management,1
≡,SMRT - SmartRent Inc.,0.33,,7505294,$2.02,"$15,161,000",,$1.61,-20.30%,$0.67,$2.20,Howard Marks - Oaktree Capital Management,1
≡,OPTU - Optimum Communications Inc.,0.27,,7500000,$1.65,"$12,375,000",,$1.62,-1.82%,$1.52,$3.04,Howard Marks - Oaktree Capital Management,1
≡,CHKEL - Chesapeake Energy Corp. WTS,0.21,,95294,$99.65,"$9,496,000",,$53.21,-46.60%,$50.86,$78.30,Howard Marks - Oaktree Capital Management,1
≡,BHC - Bausch Health,0.19,,1270000,$6.95,"$8,827,000",,$5.99,-13.81%,$4.25,$8.69,Howard Marks - Oaktree Capital Management,1
≡,MX - MagnaChip Semiconductor Corp.,0.16,,2849858,$2.55,"$7,267,000",,$2.86,12.16%,$2.18,$5.16,Howard Marks - Oaktree Capital Management,1
≡,LILA - Liberty LiLAC Group A,0.14,Reduce 0.88%,839020,$7.39,"$6,200,000",,$7.84,6.09%,$4.25,$9.04,Howard Marks - Oaktree Capital Management,1
≡,HDB - HDFC Bank Ltd.,0.11,Reduce 13.73%,130441,$36.54,"$4,766,000",,$32.81,-10.21%,$28.87,$39.32,Howard Marks - Oaktree Capital Management,1
≡,ALVOW - Alvotech SA 27,0.07,,4666667,$0.65,"$3,033,000",,$0.36,-44.62%,$0.23,$3.00,Howard Marks - Oaktree Capital Management,1
≡,BATL - Battalion Oil Corp.,0.07,Reduce 0.13%,3009912,$1.13,"$3,401,000",,$2.68,137.17%,$1.00,$6.89,Howard Marks - Oaktree Capital Management,1
≡,ALVO - Alvotech SA,0.04,Reduce 65.87%,533656,$3.79,"$2,023,000",,$4.64,22.43%,$4.32,$12.89,Howard Marks - Oaktree Capital Management,1
≡,BTAI - Bioxcel Therapeutics Inc,0.01,,241188,$1.60,"$386,000",,$1.58,-1.25%,$1.17,$8.08,Howard Marks - Oaktree Capital Management,1
≡,KRSP.WS - Rice Acquisition Corp 3,0.01,Buy,399999,$0.80,"$320,000",,,,,,Howard Marks - Oaktree Capital Management,1
≡,FLUT - Flutter Entertainment Plc,10.2,Reduce 0.34%,3109426,$215.44,"$669,888,000",,$123.91,-42.49%,$122.55,$313.69,AKO Capital,1
≡,ALC - Alcon Inc.,9.28,Reduce 3.61%,7686700,$79.27,"$609,351,000",,$80.72,1.83%,$71.55,$98.84,AKO Capital,1
≡,V - Visa Inc.,7.68,Reduce 9.27%,1437967,$350.71,"$504,309,000",,$319.50,-8.90%,$296.78,$373.34,AKO Capital,1
≡,MSFT - Microsoft Corp.,7.52,Reduce 4.52%,1020715,$483.62,"$493,638,000",,$396.86,-17.94%,$342.95,$553.50,AKO Capital,1
≡,AMZN - Amazon.com Inc.,6.11,Reduce 3.90%,1737603,$230.82,"$401,074,000",,$201.15,-12.85%,$161.38,$258.60,AKO Capital,1
≡,MCO - Moody's Corp.,5.73,Reduce 3.99%,736568,$510.85,"$376,276,000",,$423.22,-17.15%,$376.55,$546.88,AKO Capital,1
≡,RACE - Ferrari NV,5.35,Add 49.28%,944867,$372.05,"$351,539,000",,$374.99,0.79%,$328.00,$519.10,AKO Capital,1
≡,GE - GE Aerospace,5.2,Reduce 16.01%,1109389,$308.03,"$341,725,000",,$327.08,6.18%,$158.75,$332.79,AKO Capital,1
≡,ADI - Analog Devices,5.15,Add 2.03%,1248009,$271.20,"$338,460,000",,$337.51,24.45%,$156.76,$343.96,AKO Capital,1
≡,ICE - Intercontinental Exchange Inc.,5.14,Add 0.01%,2084185,$161.96,"$337,555,000",,$153.44,-5.26%,$142.74,$188.26,AKO Capital,1
≡,WAT - Waters Corp.,4.36,Reduce 6.63%,753455,$379.83,"$286,185,000",,$321.43,-15.38%,$275.05,$414.15,AKO Capital,1
≡,MRSH - Marsh,4.19,Reduce 17.50%,1484860,$185.52,"$275,471,000",,$175.83,-5.22%,$170.37,$244.59,AKO Capital,1
≡,CSCO - Cisco Systems,3.65,Buy,3113706,$77.03,"$239,849,000",,$76.85,-0.23%,$51.21,$88.19,AKO Capital,1
≡,CPRT - Copart Inc.,3.58,Add 8.74%,6010134,$39.15,"$235,297,000",,$37.52,-4.16%,$36.52,$63.85,AKO Capital,1
≡,BKNG - Booking Holdings Inc.,3.49,Reduce 33.76%,42801,$5355.32,"$229,213,000",,$4140.15,-22.69%,$4020.54,$5818.25,AKO Capital,1
≡,CP - Canadian Pacific Kansas City,3.32,Add 269.87%,2957361,$73.63,"$217,750,000",,$83.88,13.92%,$66.06,$85.15,AKO Capital,1
≡,FICO - Fair Isaac Corp.,2.9,Reduce 8.78%,112785,$1690.62,"$190,677,000",,$1351.60,-20.05%,$1280.86,$2217.60,AKO Capital,1
≡,EFX - Equifax Inc.,2.53,Reduce 18.37%,765955,$216.98,"$166,197,000",,$192.70,-11.19%,$166.02,$279.27,AKO Capital,1
≡,INTU - Intuit Inc.,2.41,Reduce 64.58%,238876,$662.42,"$158,236,000",,$379.17,-42.76%,$375.40,$810.72,AKO Capital,1
≡,CRM - Salesforce.com,1.26,Reduce 4.15%,312608,$264.91,"$82,813,000",,$184.29,-30.43%,$180.24,$327.60,AKO Capital,1
≡,MA - Mastercard Inc.,0.87,Buy,100109,$570.88,"$57,150,000",,$521.93,-8.57%,$462.92,$600.08,AKO Capital,1
≡,LIN - Linde plc,0.09,Reduce 82.96%,13476,$426.39,"$5,746,000",,$482.22,13.09%,$387.78,$488.54,AKO Capital,1
≡,RKT - Rocket Companies Inc.,13.5,Buy,21016600,$19.36,"$406,881,000",,$18.37,-5.11%,$10.94,$24.36,Leon Cooperman,1
≡,VRT - Vertiv Holdings Co.,11.6,,2157789,$162.01,"$349,583,000",,$243.53,50.32%,$53.55,$255.54,Leon Cooperman,1
≡,ET - Energy Transfer LP,7.29,Add 1.72%,13320100,$16.49,"$219,648,000",,$18.61,12.86%,$13.53,$19.00,Leon Cooperman,1
≡,MIR - Mirion Technologies Inc,6.51,,8383441,$23.42,"$196,340,000",,$21.99,-6.11%,$12.00,$30.28,Leon Cooperman,1
≡,APO - Apollo Global Management,6.42,,1337000,$144.76,"$193,544,000",,$125.15,-13.55%,$101.45,$162.40,Leon Cooperman,1
≡,MP - MP Materials Corp.,5.03,,3000000,$50.52,"$151,560,000",,$56.95,12.73%,$18.64,$100.25,Leon Cooperman,1
≡,FIHL - Fidelis Insurance Holdings L,4.57,Add 5.69%,7041751,$19.57,"$137,807,000",,$19.95,1.94%,$13.75,$20.12,Leon Cooperman,1
≡,ELV - Elevance Health Inc.,3.96,,340900,$350.55,"$119,502,000",,$344.78,-1.65%,$270.83,$451.93,Leon Cooperman,1
≡,LAD - Lithia Motors Inc.,3.5,,317602,$332.33,"$105,549,000",,$301.04,-9.42%,$260.64,$376.21,Leon Cooperman,1
≡,ASH - Ashland Global Holdings Inc.,3.31,,1700000,$58.67,"$99,739,000",,$60.23,2.66%,$44.16,$65.65,Leon Cooperman,1
≡,RRX - Regal Rexnord Corp.,3.21,Reduce 6.22%,690000,$140.32,"$96,821,000",,$219.05,56.11%,$89.90,$229.30,Leon Cooperman,1
≡,CI - Cigna Group,2.97,,325000,$275.23,"$89,450,000",,$290.71,5.62%,$238.17,$344.64,Leon Cooperman,1
≡,KBR - KBR Inc.,2.83,Add 21.43%,2125000,$40.20,"$85,425,000",,$41.26,2.64%,$39.43,$56.20,Leon Cooperman,1
≡,SUN - Sunoco Inc.,2.82,,1620000,$52.41,"$84,904,000",,$60.49,15.42%,$44.89,$60.86,Leon Cooperman,1
≡,WSC - WillScot Mobile Mini Hldgs Corp.,2.52,,4031016,$18.83,"$75,904,000",,$21.58,14.60%,$14.86,$38.68,Leon Cooperman,1
≡,GEHC - GE HealthCare Technologies Inc.,1.82,Add 11.67%,670000,$82.02,"$54,953,000",,$81.61,-0.50%,$57.54,$93.09,Leon Cooperman,1
≡,MSI - Motorola Solutions Inc.,1.72,,135000,$383.32,"$51,748,000",,$457.76,19.42%,$359.36,$489.48,Leon Cooperman,1
≡,AESI - Atlas Energy Solutions Inc,1.58,Reduce 5.83%,5053474,$9.42,"$47,604,000",,$11.80,25.27%,$7.64,$21.60,Leon Cooperman,1
≡,AMRZ - Amrize Ltd,1.58,,880000,$54.08,"$47,590,000",,$57.39,6.12%,$44.12,$60.57,Leon Cooperman,1
≡,OMF - OneMain Holdings,1.57,Reduce 16.57%,700000,$67.55,"$47,285,000",,$56.43,-16.46%,$35.23,$70.60,Leon Cooperman,1
≡,MANU - Manchester United plc,1.54,Add 2.25%,2922076,$15.92,"$46,519,000",,$17.66,10.93%,$12.05,$19.65,Leon Cooperman,1
≡,EPD - Enterprise Products Partners LP,1.46,Add 3.79%,1373755,$32.06,"$44,043,000",,$36.75,14.63%,$25.93,$37.31,Leon Cooperman,1
≡,SE - Sea Ltd,1.38,,326058,$127.57,"$41,595,000",,$108.51,-14.94%,$99.50,$199.30,Leon Cooperman,1
≡,STKL - SunOpta Inc.,1.14,Add 35.79%,9053300,$3.80,"$34,403,000",,$6.41,68.68%,$3.32,$7.68,Leon Cooperman,1
≡,TDAY - Gannett Co.,1.05,Add 5.07%,6164811,$5.15,"$31,749,000",,$5.89,14.37%,$2.55,$6.36,Leon Cooperman,1
≡,FOA - Finance Of America Companies Inc.,1.03,,1286040,$24.21,"$31,135,000",,$22.62,-6.57%,$16.58,$29.58,Leon Cooperman,1
≡,OXY - Occidental Petroleum,0.96,Add 107.41%,700000,$41.12,"$28,784,000",,$45.94,11.72%,$34.21,$51.45,Leon Cooperman,1
≡,VOO - Vanguard S&P 500 ETF,0.91,,43593,$627.12,"$27,338,000",,$627.99,0.14%,$438.94,$641.81,Leon Cooperman,1
≡,GOOGL - Alphabet Inc.,0.78,,75000,$313.00,"$23,475,000",,$302.02,-3.51%,$140.14,$349.00,Leon Cooperman,1
≡,DMAC - DiaMedica Therapeutics Inc.,0.53,Reduce 38.22%,2020000,$7.96,"$16,079,000",,$8.70,9.30%,$3.19,$10.42,Leon Cooperman,1
≡,ABR - Arbor Realty Trust Inc.,0.4,Reduce 8.24%,1560000,$7.76,"$12,106,000",,$7.33,-5.54%,$7.20,$12.67,Leon Cooperman,1
≡,EFA - iShares MSCI EAFE ETF,0.18,,57453,$96.03,"$5,517,000",,$104.22,8.53%,$69.65,$105.24,Leon Cooperman,1
≡,IEUR - iShares Core MSCI Europe ETF,0.09,,38388,$70.99,"$2,725,000",,$75.64,6.55%,$51.53,$76.04,Leon Cooperman,1
≡,VGK - Vanguard FTSE Europe ETF,0.07,,24693,$83.63,"$2,065,000",,$89.23,6.70%,$60.39,$89.69,Leon Cooperman,1
≡,VGIT - Vanguard Intermediate Term T,0.05,,25028,$59.93,"$1,500,000",,$60.35,0.70%,$55.93,$60.41,Leon Cooperman,1
≡,EWJ - iShares MSCI Japan ETF,0.04,,14305,$80.74,"$1,155,000",,$91.87,13.78%,$57.22,$94.28,Leon Cooperman,1
≡,EWC - iShares MSCI Canada ETF,0.02,,12531,$53.95,"$676,000",,$55.86,3.54%,$36.13,$57.40,Leon Cooperman,1
≡,VTEB - Vanguard Tax Exempt Bond ETF,0.02,,12876,$50.33,"$648,000",,$50.87,1.07%,$45.72,$50.92,Leon Cooperman,1
≡,EPP - iShares MSCI Pacific ex-Japan ETF,0.01,,7610,$50.46,"$384,000",,$55.50,9.99%,$37.00,$56.23,Leon Cooperman,1
≡,FLCA - Franklin FTSE Canada ETF,0.01,,5750,$48.35,"$278,000",,$49.92,3.25%,$32.93,$51.30,Leon Cooperman,1
≡,CVNA - Carvana Co.,83.25,Reduce 5.72%,4610200,$422.02,"$1,945,597,000",,$350.94,-16.84%,$148.25,$486.89,Clifford Sosin - CAS Investment Partners,1
≡,HGV - Hilton Grand Vacations Inc.,10.18,Reduce 5.78%,5317380,$44.75,"$237,953,000",,$47.78,6.77%,$30.59,$52.08,Clifford Sosin - CAS Investment Partners,1
≡,COF - Capital One Financial,6.06,Reduce 12.22%,584125,$242.36,"$141,569,000",,$206.74,-14.70%,$141.84,$259.64,Clifford Sosin - CAS Investment Partners,1
≡,CDLX - Cardlytics Inc.,0.26,,5198067,$1.15,"$5,978,000",,$0.91,-20.87%,$0.80,$3.58,Clifford Sosin - CAS Investment Partners,1
≡,SWIM - Latham Group Inc,0.26,Reduce 5.76%,942397,$6.35,"$5,984,000",,$6.61,4.09%,$4.56,$8.46,Clifford Sosin - CAS Investment Partners,1
≡,GE - GE Aerospace,27.28,,47510431,$308.03,"$14,634,638,000",,$327.08,6.18%,$158.75,$332.79,Chris Hohn - TCI Fund Management,1
≡,V - Visa Inc.,18.12,Reduce 1.19%,27724233,$350.71,"$9,723,166,000",,$319.50,-8.90%,$296.78,$373.34,Chris Hohn - TCI Fund Management,1
≡,MSFT - Microsoft Corp.,15.13,Add 1.14%,16781953,$483.62,"$8,116,088,000",,$396.86,-17.94%,$342.95,$553.50,Chris Hohn - TCI Fund Management,1
≡,MCO - Moody's Corp.,12.67,,13308479,$510.85,"$6,798,636,000",,$423.22,-17.15%,$376.55,$546.88,Chris Hohn - TCI Fund Management,1
≡,SPGI - S&P Global Inc.,11.48,Add 5.37%,11790310,$522.59,"$6,161,498,000",,$410.45,-21.46%,$381.61,$576.91,Chris Hohn - TCI Fund Management,1
≡,CP - Canadian Pacific Kansas City,6.54,Reduce 4.43%,47654423,$73.63,"$3,508,630,000",,$83.88,13.92%,$66.06,$85.15,Chris Hohn - TCI Fund Management,1
≡,GOOG - Alphabet Inc. CL C,4.44,,7596819,$313.80,"$2,383,882,000",,$302.82,-3.50%,$142.27,$350.15,Chris Hohn - TCI Fund Management,1
≡,FER - Ferrovial Se,2.51,Add 6.52%,20740214,$65.00,"$1,348,163,000",,$72.71,11.86%,$39.78,$74.79,Chris Hohn - TCI Fund Management,1
≡,CNI - Canadian Natl Railway Co.,1.82,Reduce 47.52%,9849934,$98.90,"$974,115,000",,$108.47,9.68%,$89.89,$109.90,Chris Hohn - TCI Fund Management,1
≡,AAPL - Apple Inc.,50.3,Reduce 7.09%,32358507,$271.86,"$8,796,984,000",,$263.88,-2.94%,$168.48,$288.35,Duan Yongping - H&H International Investment,1
≡,BRK.B - Berkshire Hathaway CL B,20.63,Add 38.24%,7176196,$502.65,"$3,607,115,000",,$503.41,0.15%,$455.19,$542.07,Duan Yongping - H&H International Investment,1
≡,NVDA - NVIDIA Corp.,7.72,Add 1110.62%,7237100,$186.50,"$1,349,719,000",,$184.97,-0.82%,$86.60,$212.18,Duan Yongping - H&H International Investment,1
≡,PDD - Pinduoduo Inc.,7.48,Add 34.55%,11536694,$113.39,"$1,308,146,000",,$101.83,-10.19%,$87.11,$139.41,Duan Yongping - H&H International Investment,1
≡,GOOG - Alphabet Inc. CL C,3.33,Add 2.48%,1855400,$313.80,"$582,225,000",,$302.82,-3.50%,$142.27,$350.15,Duan Yongping - H&H International Investment,1
≡,OXY - Occidental Petroleum,3.1,Reduce 2.83%,13172600,$41.12,"$541,657,000",,$45.94,11.72%,$34.21,$51.45,Duan Yongping - H&H International Investment,1
≡,MSFT - Microsoft Corp.,2.38,Add 207.66%,859000,$483.62,"$415,430,000",,$396.86,-17.94%,$342.95,$553.50,Duan Yongping - H&H International Investment,1
≡,BABA - Alibaba Group Holdings,2.15,Reduce 7.81%,2560500,$146.58,"$375,318,000",,$155.43,6.04%,$94.15,$192.67,Duan Yongping - H&H International Investment,1
≡,TSM - Taiwan Semiconductor S.A.,2.13,Add 370.95%,1224384,$303.89,"$372,078,000",,$364.20,19.85%,$133.00,$380.00,Duan Yongping - H&H International Investment,1
≡,DIS - Walt Disney Co.,0.46,Reduce 1.52%,712000,$113.77,"$81,004,000",,$105.44,-7.32%,$79.22,$123.85,Duan Yongping - H&H International Investment,1
≡,CRDO - Credo Technology Group Holdi,0.12,Buy,141300,$143.89,"$20,332,000",,$124.80,-13.27%,$29.09,$213.80,Duan Yongping - H&H International Investment,1
≡,CRWV - Coreweave Inc Cl A,0.12,Buy,299900,$71.61,"$21,476,000",,$91.00,27.08%,$33.52,$187.00,Duan Yongping - H&H International Investment,1
≡,ASML - ASML Holding NV,0.06,Reduce 87.63%,9900,$1069.90,"$10,592,000",,$1419.78,32.70%,$573.49,$1491.51,Duan Yongping - H&H International Investment,1
≡,TEM - Tempus Ai Inc,0.04,Buy,110000,$59.05,"$6,496,000",,$52.56,-10.99%,$36.22,$104.32,Duan Yongping - H&H International Investment,1
≡,NBR - Nabors Industries Ltd.,11.53,Reduce 10.45%,602737,$54.30,"$32,729,000",,$71.91,32.43%,$23.27,$72.50,Bill Miller - Miller Value Partners,1
≡,LNC - Lincoln National,7.92,Reduce 3.06%,504761,$44.53,"$22,477,000",,$41.57,-6.65%,$26.27,$46.34,Bill Miller - Miller Value Partners,1
≡,GTN - Gray Television Inc.,6.8,Add 12.09%,3988495,$4.84,"$19,304,000",,$4.77,-1.45%,$2.98,$6.13,Bill Miller - Miller Value Partners,1
≡,TDAY - Gannett Co.,6.18,Add 0.00%,3403345,$5.15,"$17,527,000",,$5.89,14.37%,$2.55,$6.36,Bill Miller - Miller Value Partners,1
≡,QUAD - Quad/Graphics Inc.,6.05,Add 4.36%,2737890,$6.27,"$17,167,000",,$6.60,5.26%,$4.33,$7.63,Bill Miller - Miller Value Partners,1
≡,BFH - Bread Financial Holdings Inc.,5.25,Reduce 25.40%,201415,$74.03,"$14,911,000",,$73.16,-1.18%,$37.78,$82.03,Bill Miller - Miller Value Partners,1
≡,FOSL - Fossil Inc.,4.22,Reduce 4.27%,3184415,$3.76,"$11,973,000",,$3.83,1.86%,$0.86,$4.49,Bill Miller - Miller Value Partners,1
≡,DCH - Dauch Corp.,3.92,Add 1.03%,1734780,$6.41,"$11,120,000",,$7.28,13.57%,$3.00,$9.25,Bill Miller - Miller Value Partners,1
≡,CNDT - Conduent Inc.,3.78,Add 38.52%,5583385,$1.92,"$10,720,000",,$1.38,-28.13%,$1.18,$4.18,Bill Miller - Miller Value Partners,1
≡,JELD - JELD-WEN Holding Inc.,3.58,Add 99.83%,4134210,$2.46,"$10,170,000",,$2.10,-14.63%,$1.70,$8.38,Bill Miller - Miller Value Partners,1
≡,UGI - UGI Corp.,3.46,,262000,$37.43,"$9,807,000",,$38.59,3.10%,$28.14,$41.34,Bill Miller - Miller Value Partners,1
≡,ITRN - Ituran Location & Control Ltd.,3.26,,215000,$43.01,"$9,247,000",,$47.70,10.90%,$28.88,$48.13,Bill Miller - Miller Value Partners,1
≡,JXN - Jackson Financial Inc.,3.24,Reduce 8.18%,86150,$106.65,"$9,188,000",,$115.78,8.56%,$63.05,$123.61,Bill Miller - Miller Value Partners,1
≡,UPS - United Parcel Service,3.03,,86600,$99.19,"$8,590,000",,$115.51,16.45%,$79.49,$120.73,Bill Miller - Miller Value Partners,1
≡,VZ - Verizon Communications,2.84,,198000,$40.73,"$8,065,000",,$48.93,20.13%,$10.42,$50.24,Bill Miller - Miller Value Partners,1
≡,CTO - CTO Realty Growth Inc.,2.82,Add 1.17%,434145,$18.41,"$7,993,000",,$19.15,4.02%,$14.75,$19.19,Bill Miller - Miller Value Partners,1
≡,VTRS - Viatris Inc.,2.72,,619000,$12.45,"$7,707,000",,$15.74,26.43%,$6.60,$16.30,Bill Miller - Miller Value Partners,1
≡,BMY - Bristol-Myers Squibb,2.05,,108000,$53.94,"$5,826,000",,$60.35,11.88%,$41.88,$62.05,Bill Miller - Miller Value Partners,1
≡,OMF - OneMain Holdings,1.97,Reduce 9.79%,82941,$67.55,"$5,603,000",,$56.43,-16.46%,$35.23,$70.60,Bill Miller - Miller Value Partners,1
≡,WAL - Western Alliance Bancorp,1.91,Add 1.58%,64455,$84.07,"$5,419,000",,$94.63,12.56%,$56.23,$97.23,Bill Miller - Miller Value Partners,1
≡,CHRD - Chord Energy,1.89,Add 9.48%,57766,$92.70,"$5,355,000",,$99.43,7.26%,$76.64,$111.38,Bill Miller - Miller Value Partners,1
≡,CALM - Cal-Maine Foods Inc.,1.74,,62000,$79.56,"$4,933,000",,$81.23,2.10%,$71.30,$120.66,Bill Miller - Miller Value Partners,1
≡,BBW - Build-A-Bear Workshop Inc.,1.68,Reduce 20.41%,78000,$61.27,"$4,779,000",,$51.24,-16.37%,$32.18,$75.30,Bill Miller - Miller Value Partners,1
≡,STLA - Stellantis N.V.,1.65,Add 10.00%,429000,$10.89,"$4,672,000",,$7.83,-28.10%,$7.03,$13.12,Bill Miller - Miller Value Partners,1
≡,MSTR - MicroStrategy Inc.,1.35,Add 65.57%,25250,$151.96,"$3,837,000",,$128.67,-15.33%,$104.17,$457.22,Bill Miller - Miller Value Partners,1
≡,ARLP - Alliance Resource Partners LP,1.08,Add 3.94%,132000,$23.23,"$3,066,000",,$25.61,10.25%,$20.21,$26.25,Bill Miller - Miller Value Partners,1
≡,BCC - Boise Cascade Company,0.96,,37000,$73.59,"$2,723,000",,$86.07,16.96%,$64.95,$120.33,Bill Miller - Miller Value Partners,1
≡,MRP - Millrose Properties,0.87,Buy,82800,$29.87,"$2,473,000",,$31.53,5.56%,$19.27,$34.32,Bill Miller - Miller Value Partners,1
≡,CG - Carlyle Group,0.83,,40000,$59.10,"$2,364,000",,$54.24,-8.22%,$32.17,$68.94,Bill Miller - Miller Value Partners,1
≡,LYB - LyondellBasell Industries,0.58,,38000,$43.29,"$1,645,000",,$55.98,29.31%,$40.42,$72.64,Bill Miller - Miller Value Partners,1
≡,UPBD - Upbound Group Inc.,0.43,Add 250.00%,70000,$17.56,"$1,229,000",,$20.20,15.03%,$15.48,$27.98,Bill Miller - Miller Value Partners,1
≡,TPC - Tutor Perini Corp.,0.16,,6815,$67.06,"$457,000",,$82.24,22.64%,$18.32,$89.40,Bill Miller - Miller Value Partners,1
≡,UNFI - United Natural Foods,0.15,Reduce 82.81%,12625,$33.66,"$425,000",,$39.34,16.87%,$20.78,$43.29,Bill Miller - Miller Value Partners,1
≡,FTI - TechnipFMC plc,0.12,,7510,$44.61,"$335,000",,$61.27,37.35%,$22.02,$62.67,Bill Miller - Miller Value Partners,1
≡,ASML - ASML Holding NV,17.89,Add 11.04%,192343,$1069.86,"$205,780,000",,$1419.78,32.71%,$573.49,$1491.51,Pat Dorsey - Dorsey Asset Management,1
≡,DHR - Danaher Corp.,16.47,Reduce 3.87%,827520,$228.92,"$189,436,000",,$206.36,-9.85%,$170.19,$242.80,Pat Dorsey - Dorsey Asset Management,1
≡,AER - AerCap Holdings N.V.,15.18,Reduce 3.87%,1215059,$143.76,"$174,677,000",,$152.56,6.12%,$84.99,$153.16,Pat Dorsey - Dorsey Asset Management,1
≡,META - Meta Platforms Inc.,9.21,Reduce 16.53%,160450,$660.09,"$105,911,000",,$639.29,-3.15%,$478.72,$795.06,Pat Dorsey - Dorsey Asset Management,1
≡,BKNG - Booking Holdings Inc.,7.6,Reduce 3.88%,16317,$5355.33,"$87,383,000",,$4140.15,-22.69%,$4020.54,$5818.25,Pat Dorsey - Dorsey Asset Management,1
≡,RPRX - Royalty Pharma plc,7.59,Reduce 3.87%,2259469,$38.64,"$87,306,000",,$45.41,17.52%,$29.12,$46.14,Pat Dorsey - Dorsey Asset Management,1
≡,LYV - Live Nation Inc.,7.47,Buy,602973,$142.50,"$85,924,000",,$157.53,10.55%,$112.88,$175.25,Pat Dorsey - Dorsey Asset Management,1
≡,AZO - AutoZone Inc.,7.41,Reduce 15.92%,25121,$3391.51,"$85,198,000",,$3742.00,10.33%,$3210.72,$4388.11,Pat Dorsey - Dorsey Asset Management,1
≡,GOOG - Alphabet Inc. CL C,5.92,Reduce 49.48%,216906,$313.80,"$68,065,000",,$302.82,-3.50%,$142.27,$350.15,Pat Dorsey - Dorsey Asset Management,1
≡,ENOV - Enovis Corp.,5.28,Reduce 5.01%,2279200,$26.64,"$60,718,000",,$21.63,-18.81%,$21.00,$44.76,Pat Dorsey - Dorsey Asset Management,1
≡,AMZN - Amazon.com Inc.,21.31,Reduce 1.74%,316285,$230.82,"$73,005,000",,$201.15,-12.85%,$161.38,$258.60,Josh Tarasoff - Greenlea Lane Capital,1
≡,BN - Brookfield Corp.,18.93,Reduce 1.04%,1413462,$45.89,"$64,864,000",,$47.78,4.12%,$28.95,$49.57,Josh Tarasoff - Greenlea Lane Capital,1
≡,BRK.A - Berkshire Hathaway CL A,14.76,,67,$754805.97,"$50,572,000",,$754910.00,0.01%,$685150.00,$812855.00,Josh Tarasoff - Greenlea Lane Capital,1
≡,MKL - Markel Group Inc.,14.37,Add 2.00%,22905,$2149.66,"$49,238,000",,$2084.46,-3.03%,$1621.89,$2207.59,Josh Tarasoff - Greenlea Lane Capital,1
≡,GOOGL - Alphabet Inc.,9.24,Reduce 3.45%,101155,$313.00,"$31,662,000",,$302.02,-3.51%,$140.14,$349.00,Josh Tarasoff - Greenlea Lane Capital,1
≡,TRUP - Trupanion Inc.,8.47,Add 1.62%,776490,$37.37,"$29,017,000",,$28.99,-22.42%,$27.30,$57.89,Josh Tarasoff - Greenlea Lane Capital,1
≡,TSLA - Tesla Inc.,8.15,Reduce 21.72%,62100,$449.73,"$27,928,000",,$410.63,-8.69%,$214.25,$498.83,Josh Tarasoff - Greenlea Lane Capital,1
≡,BUR - Burford Capital Ltd,4.78,,1835072,$8.92,"$16,369,000",,$9.60,7.62%,$8.19,$15.55,Josh Tarasoff - Greenlea Lane Capital,1
≡,WAT - Waters Corp.,7.9,Reduce 10.05%,3557978,$379.83,"$1,351,427,000",,$321.43,-15.38%,$275.05,$414.15,Terry Smith - Fundsmith,1
≡,SYK - Stryker Corp.,7.57,Reduce 19.68%,3687511,$351.47,"$1,296,049,000",,$369.18,5.04%,$326.90,$402.95,Terry Smith - Fundsmith,1
≡,IDXX - IDEXX Laboratories,7.42,Reduce 28.13%,1876035,$676.53,"$1,269,194,000",,$626.17,-7.44%,$356.14,$769.98,Terry Smith - Fundsmith,1
≡,V - Visa Inc.,7.24,Reduce 8.29%,3534684,$350.71,"$1,239,649,000",,$319.50,-8.90%,$296.78,$373.34,Terry Smith - Fundsmith,1
≡,MAR - Marriott Int'l.,7.21,Reduce 5.87%,3979927,$310.24,"$1,234,733,000",,$359.94,16.02%,$203.87,$370.00,Terry Smith - Fundsmith,1
≡,GOOGL - Alphabet Inc.,6.4,Reduce 44.37%,3498519,$313.00,"$1,095,036,000",,$302.02,-3.51%,$140.14,$349.00,Terry Smith - Fundsmith,1
≡,ADP - Automatic Data Processing Inc.,6.28,Reduce 3.10%,4177969,$257.23,"$1,074,699,000",,$213.08,-17.16%,$208.62,$324.50,Terry Smith - Fundsmith,1
≡,MSFT - Microsoft Corp.,5.88,Reduce 19.49%,2079971,$483.62,"$1,005,916,000",,$396.86,-17.94%,$342.95,$553.50,Terry Smith - Fundsmith,1
≡,PM - Philip Morris Intl.,5.74,Reduce 14.80%,6124597,$160.40,"$982,385,000",,$183.65,14.50%,$140.83,$190.98,Terry Smith - Fundsmith,1
≡,META - Meta Platforms Inc.,5.26,Reduce 12.52%,1363539,$660.09,"$900,058,000",,$639.29,-3.15%,$478.72,$795.06,Terry Smith - Fundsmith,1
≡,MTD - Mettler-Toledo International Inc.,4.73,Reduce 1.72%,580507,$1394.19,"$809,337,000",,$1353.24,-2.94%,$946.69,$1525.17,Terry Smith - Fundsmith,1
≡,PG - Procter & Gamble,3.56,Reduce 7.19%,4248048,$143.31,"$608,788,000",,$159.55,11.33%,$136.65,$175.18,Terry Smith - Fundsmith,1
≡,CHD - Church & Dwight,3.3,Reduce 0.97%,6728404,$83.85,"$564,177,000",,$99.89,19.13%,$80.80,$114.96,Terry Smith - Fundsmith,1
≡,FTNT - Fortinet Inc.,3.02,Reduce 22.61%,6516011,$79.41,"$517,436,000",,$81.69,2.87%,$70.12,$114.82,Terry Smith - Fundsmith,1
≡,ZTS - Zoetis Inc.,2.87,Add 7.90%,3900803,$125.82,"$490,799,000",,$125.56,-0.21%,$114.76,$174.46,Terry Smith - Fundsmith,1
≡,TXN - Texas Instruments,2.66,Reduce 3.61%,2623552,$173.49,"$455,160,000",,$225.69,30.09%,$135.67,$231.32,Terry Smith - Fundsmith,1
≡,INTU - Intuit Inc.,2.42,Add 3.50%,625619,$662.42,"$414,423,000",,$379.17,-42.76%,$375.40,$810.72,Terry Smith - Fundsmith,1
≡,NKE - NIKE Inc.,2.15,Reduce 5.86%,5770181,$63.71,"$367,618,000",,$64.82,1.74%,$51.34,$80.55,Terry Smith - Fundsmith,1
≡,OTIS - Otis Worldwide Corp.,1.59,Reduce 46.51%,3112380,$87.35,"$271,866,000",,$92.44,5.83%,$83.08,$104.89,Terry Smith - Fundsmith,1
≡,MSCI - MSCI Inc.,0.56,,166619,$573.73,"$95,594,000",,$521.33,-9.13%,$480.26,$623.82,Terry Smith - Fundsmith,1
≡,ROL - Rollins Inc.,0.52,,1478629,$60.02,"$88,747,000",,$60.08,0.10%,$49.15,$66.14,Terry Smith - Fundsmith,1
≡,QLYS - Qualys Inc.,0.5,Reduce 25.61%,647806,$132.90,"$86,093,000",,$103.91,-21.81%,$102.11,$155.47,Terry Smith - Fundsmith,1
≡,ODD - Oddity Tech Ltd Cl A,0.49,Add 46.38%,2074167,$40.18,"$83,340,000",,$28.08,-30.11%,$27.09,$79.18,Terry Smith - Fundsmith,1
≡,PAYC - Paycom Software Inc.,0.49,,523433,$159.36,"$83,414,000",,$122.32,-23.24%,$104.90,$266.71,Terry Smith - Fundsmith,1
≡,CPRX - Catalyst Pharmaceuticals Inc.,0.46,,3363807,$23.34,"$78,511,000",,$24.64,5.57%,$19.05,$26.58,Terry Smith - Fundsmith,1
≡,DOCS - Doximity Inc.,0.43,Add 21.69%,1650002,$44.28,"$73,062,000",,$24.58,-44.49%,$23.66,$79.97,Terry Smith - Fundsmith,1
≡,NSSC - Napco Security Technologies Inc.,0.43,,1779857,$41.70,"$74,220,000",,$44.13,5.83%,$18.78,$47.96,Terry Smith - Fundsmith,1
≡,NTNX - Nutanix Inc.,0.42,Buy,1377158,$51.69,"$71,185,000",,$40.95,-20.78%,$35.39,$83.36,Terry Smith - Fundsmith,1
≡,VRT - Vertiv Holdings Co.,0.39,Reduce 30.52%,410944,$162.01,"$66,577,000",,$243.53,50.32%,$53.55,$255.54,Terry Smith - Fundsmith,1
≡,VRSN - Verisign Inc.,0.38,,270634,$242.95,"$65,751,000",,$216.25,-10.99%,$208.86,$308.75,Terry Smith - Fundsmith,1
≡,CLX - Clorox Co.,0.36,,613497,$100.83,"$61,859,000",,$122.96,21.95%,$95.60,$152.78,Terry Smith - Fundsmith,1
≡,MANH - Manhattan Associates,0.29,,288332,$173.31,"$49,971,000",,$141.63,-18.28%,$127.86,$247.22,Terry Smith - Fundsmith,1
≡,GGG - Graco Inc.,0.28,Reduce 35.70%,579016,$81.97,"$47,462,000",,$94.30,15.04%,$71.10,$95.69,Terry Smith - Fundsmith,1
≡,MEDP - Medpace Holdings Inc.,0.27,Reduce 35.26%,82567,$561.65,"$46,374,000",,$428.18,-23.76%,$250.05,$628.92,Terry Smith - Fundsmith,1
≡,ADMA - ADMA Biologics Inc.,0.22,Buy,2102054,$18.24,"$38,341,000",,$15.95,-12.55%,$13.50,$25.67,Terry Smith - Fundsmith,1
≡,SABR - Sabre Corp.,0.17,,21499095,$1.36,"$29,239,000",,$0.94,-30.88%,$0.90,$4.63,Terry Smith - Fundsmith,1
≡,HD - Home Depot,0.16,Reduce 5.48%,80206,$344.10,"$27,599,000",,$383.04,11.32%,$320.39,$424.01,Terry Smith - Fundsmith,1
≡,ORLA - Orla Mining Ltd,20.33,Reduce 44.00%,31817229,$13.31,"$423,611,000",,$16.97,27.50%,$6.62,$20.05,Prem Watsa - Fairfax Financial Holdings,1
≡,OXY - Occidental Petroleum,11.94,,6050418,$41.11,"$248,733,000",,$45.94,11.75%,$34.21,$51.45,Prem Watsa - Fairfax Financial Holdings,1
≡,CVS - CVS Health Corp.,10.33,,2712000,$79.35,"$215,197,000",,$78.20,-1.45%,$56.79,$84.46,Prem Watsa - Fairfax Financial Holdings,1
≡,UAA - Under Armour Inc.,10.01,Add 564.77%,41958923,$4.97,"$208,536,000",,$7.72,55.33%,$4.13,$7.94,Prem Watsa - Fairfax Financial Holdings,1
≡,CLF - Cleveland-Cliffs Inc.,9.49,,14899273,$13.27,"$197,713,000",,$10.52,-20.72%,$5.63,$16.70,Prem Watsa - Fairfax Financial Holdings,1
≡,BB - BlackBerry Ltd.,6.35,Reduce 1.17%,34980220,$3.78,"$132,225,000",,$3.42,-9.52%,$2.80,$6.24,Prem Watsa - Fairfax Financial Holdings,1
≡,KW - Kennedy-Wilson Holdings Inc.,6.18,,13322009,$9.67,"$128,824,000",,$10.86,12.31%,$5.72,$10.89,Prem Watsa - Fairfax Financial Holdings,1
≡,KHC - Kraft Heinz Co.,5.96,,5119000,$24.24,"$124,085,000",,$23.78,-1.90%,$21.99,$31.87,Prem Watsa - Fairfax Financial Holdings,1
≡,ATS - Ats Corp,3.28,,2486400,$27.46,"$68,282,000",,$31.62,15.15%,$20.90,$32.73,Prem Watsa - Fairfax Financial Holdings,1
≡,TAP - Molson Coors Beverage Co.,3.0,Add 3.75%,1338500,$46.69,"$62,495,000",,$50.90,9.02%,$42.50,$62.82,Prem Watsa - Fairfax Financial Holdings,1
≡,UA - Under Armour CL C,2.18,Buy,9457355,$4.80,"$45,395,000",,$7.54,57.08%,$3.95,$7.70,Prem Watsa - Fairfax Financial Holdings,1
≡,VOO - Vanguard S&P 500 ETF,1.75,,58248,$627.04,"$36,524,000",,$627.99,0.15%,$438.94,$641.81,Prem Watsa - Fairfax Financial Holdings,1
≡,HP - Helmerich & Payne,1.62,,1174105,$28.67,"$33,662,000",,$33.31,16.18%,$14.21,$36.45,Prem Watsa - Fairfax Financial Holdings,1
≡,GM - General Motors,1.47,,375965,$81.33,"$30,577,000",,$81.22,-0.14%,$41.28,$87.62,Prem Watsa - Fairfax Financial Holdings,1
≡,TSM - Taiwan Semiconductor S.A.,1.37,,93700,$303.79,"$28,465,000",,$364.20,19.89%,$133.00,$380.00,Prem Watsa - Fairfax Financial Holdings,1
≡,BNS - Bank of Nova Scotia,1.27,,359100,$73.76,"$26,488,000",,$76.22,3.34%,$42.47,$78.28,Prem Watsa - Fairfax Financial Holdings,1
≡,PFE - Pfizer Inc.,1.06,,890900,$24.90,"$22,183,000",,$27.37,9.92%,$19.50,$27.94,Prem Watsa - Fairfax Financial Holdings,1
≡,MRK - Merck & Co.,0.87,,172900,$105.27,"$18,201,000",,$121.57,15.48%,$71.26,$123.33,Prem Watsa - Fairfax Financial Holdings,1
≡,JNJ - Johnson & Johnson,0.73,,73400,$206.95,"$15,190,000",,$243.33,17.58%,$138.40,$246.35,Prem Watsa - Fairfax Financial Holdings,1
≡,GTX - Garrett Motion Inc.,0.22,Reduce 13.71%,260460,$17.43,"$4,540,000",,$20.62,18.30%,$6.91,$21.42,Prem Watsa - Fairfax Financial Holdings,1
≡,CIGI - Colliers International Group Inc.,0.15,,22000,$145.05,"$3,191,000",,$110.16,-24.05%,$98.97,$171.34,Prem Watsa - Fairfax Financial Holdings,1
≡,LULU - Lululemon Athletica Inc.,0.12,Reduce 50.00%,12500,$207.76,"$2,597,000",,$177.72,-14.46%,$159.25,$374.41,Prem Watsa - Fairfax Financial Holdings,1
≡,CNI - Canadian Natl Railway Co.,0.09,Buy,19800,$98.99,"$1,960,000",,$108.47,9.58%,$89.89,$109.90,Prem Watsa - Fairfax Financial Holdings,1
≡,CPRI - Capri Holdings Ltd,0.09,,78100,$24.40,"$1,906,000",,$20.38,-16.48%,$11.86,$28.27,Prem Watsa - Fairfax Financial Holdings,1
≡,BRK.A - Berkshire Hathaway CL A,0.04,,1,$753000.00,"$753,000",,$754910.00,0.25%,$685150.00,$812855.00,Prem Watsa - Fairfax Financial Holdings,1
≡,PENN - Penn National Gaming Inc.,0.04,,54900,$14.74,"$809,000",,$12.05,-18.25%,$11.65,$22.76,Prem Watsa - Fairfax Financial Holdings,1
≡,BRSL - Brightstar Lottery,0.03,,36633,$15.48,"$567,000",,$13.42,-13.31%,$11.07,$18.31,Prem Watsa - Fairfax Financial Holdings,1
≡,MX - MagnaChip Semiconductor Corp.,0.02,,125000,$2.53,"$316,000",,$2.86,13.04%,$2.18,$5.16,Prem Watsa - Fairfax Financial Holdings,1
≡,PRTH - Priority Technology Holdings,0.02,Buy,70500,$5.45,"$384,000",,$5.50,0.92%,$4.44,$12.47,Prem Watsa - Fairfax Financial Holdings,1
≡,GOOGL - Alphabet Inc.,7.03,Reduce 5.17%,581637,$313.00,"$182,052,000",,$302.02,-3.51%,$140.14,$349.00,Samantha McLemore - Patient Capital Management,1
≡,C - Citigroup Inc.,5.82,Reduce 1.42%,1291794,$116.69,"$150,739,000",,$113.78,-2.49%,$54.10,$125.16,Samantha McLemore - Patient Capital Management,1
≡,AMZN - Amazon.com Inc.,5.01,Add 0.10%,562559,$230.82,"$129,850,000",,$201.15,-12.85%,$161.38,$258.60,Samantha McLemore - Patient Capital Management,1
≡,RPRX - Royalty Pharma plc,4.97,Add 6.92%,3333675,$38.64,"$128,813,000",,$45.41,17.52%,$29.12,$46.14,Samantha McLemore - Patient Capital Management,1
≡,QXO - Qxo Inc,4.82,Reduce 1.04%,6468854,$19.29,"$124,784,000",,$26.82,39.04%,$11.85,$27.55,Samantha McLemore - Patient Capital Management,1
≡,UNH - United Health Group Inc.,4.69,Reduce 0.83%,368293,$330.11,"$121,577,000",,$289.09,-12.43%,$231.57,$594.32,Samantha McLemore - Patient Capital Management,1
≡,NVDA - NVIDIA Corp.,4.6,Add 0.97%,638814,$186.50,"$119,139,000",,$184.97,-0.82%,$86.60,$212.18,Samantha McLemore - Patient Capital Management,1
≡,NCLH - Norwegian Cruise Line Hlgs Ltd.,4.57,Add 16.28%,5308128,$22.32,"$118,477,000",,$24.10,7.97%,$14.21,$27.41,Samantha McLemore - Patient Capital Management,1
≡,BIIB - Biogen Inc.,3.92,Add 45.31%,576352,$175.99,"$101,432,000",,$195.62,11.15%,$110.04,$202.41,Samantha McLemore - Patient Capital Management,1
≡,CVS - CVS Health Corp.,3.77,Reduce 0.68%,1231416,$79.36,"$97,725,000",,$78.20,-1.46%,$56.79,$84.46,Samantha McLemore - Patient Capital Management,1
≡,META - Meta Platforms Inc.,3.65,Reduce 0.63%,143094,$660.09,"$94,455,000",,$639.29,-3.15%,$478.72,$795.06,Samantha McLemore - Patient Capital Management,1
≡,IAC - IAC Inc.,3.58,Add 12.61%,2374050,$39.10,"$92,825,000",,$34.27,-12.35%,$29.56,$41.86,Samantha McLemore - Patient Capital Management,1
≡,ET - Energy Transfer LP,3.36,Add 7.87%,5272875,$16.49,"$86,950,000",,$18.61,12.86%,$13.53,$19.00,Samantha McLemore - Patient Capital Management,1
≡,PGEN - Precigen Inc.,3.01,Reduce 29.43%,18673466,$4.18,"$78,055,000",,$5.21,24.64%,$1.11,$5.47,Samantha McLemore - Patient Capital Management,1
≡,ILMN - Illumina Inc.,2.91,Reduce 0.96%,575768,$131.16,"$75,518,000",,$116.51,-11.17%,$68.70,$155.53,Samantha McLemore - Patient Capital Management,1
≡,UAL - United Airlines Holdings Inc.,2.82,Reduce 1.86%,654121,$111.82,"$73,144,000",,$114.02,1.97%,$52.00,$119.21,Samantha McLemore - Patient Capital Management,1
≡,SDRL - Seadrill Ltd,2.74,Reduce 7.90%,2053797,$34.60,"$71,061,000",,$42.50,22.83%,$17.74,$43.30,Samantha McLemore - Patient Capital Management,1
≡,CROX - Crocs Inc.,2.5,Add 28.87%,758797,$85.52,"$64,892,000",,$99.92,16.84%,$73.21,$122.84,Samantha McLemore - Patient Capital Management,1
≡,GM - General Motors,2.42,Reduce 17.96%,771647,$81.32,"$62,750,000",,$81.22,-0.12%,$41.28,$87.62,Samantha McLemore - Patient Capital Management,1
≡,FBTC - Fidelity Wise Origin Bitcoin,2.3,Add 26.13%,781695,$76.23,"$59,589,000",,$59.02,-22.58%,$54.21,$110.25,Samantha McLemore - Patient Capital Management,1
≡,OMF - OneMain Holdings,2.15,Reduce 11.95%,824942,$67.55,"$55,725,000",,$56.43,-16.46%,$35.23,$70.60,Samantha McLemore - Patient Capital Management,1
≡,MAT - Mattel Inc.,2.14,Add 33.11%,2794343,$19.84,"$55,440,000",,$16.84,-15.12%,$13.95,$22.48,Samantha McLemore - Patient Capital Management,1
≡,UBS - UBS AG,2.12,Reduce 20.89%,1187326,$46.31,"$54,985,000",,$42.32,-8.62%,$24.95,$49.36,Samantha McLemore - Patient Capital Management,1
≡,CHYM - Chime Financial Inc Cl A,1.98,Buy,2035112,$25.17,"$51,224,000",,$19.65,-21.93%,$16.17,$44.94,Samantha McLemore - Patient Capital Management,1
≡,EXPE - Expedia Group Inc.,1.93,Reduce 30.45%,176282,$283.31,"$49,942,000",,$200.42,-29.26%,$129.24,$303.80,Samantha McLemore - Patient Capital Management,1
≡,DAL - Delta Air Lines Inc.,1.82,Reduce 21.00%,680405,$69.40,"$47,220,000",,$70.85,2.09%,$34.41,$76.39,Samantha McLemore - Patient Capital Management,1
≡,COIN - Coinbase Global Inc.,1.56,Add 4.18%,178923,$226.14,"$40,462,000",,$166.02,-26.59%,$139.36,$444.65,Samantha McLemore - Patient Capital Management,1
≡,NE - Noble Corp.,1.4,Add 18.51%,1281155,$28.24,"$36,180,000",,$43.47,53.93%,$16.53,$46.31,Samantha McLemore - Patient Capital Management,1
≡,SOFI - SoFi Technologies Inc.,1.21,Reduce 46.83%,1198484,$26.18,"$31,376,000",,$19.51,-25.48%,$8.60,$32.73,Samantha McLemore - Patient Capital Management,1
≡,PLAY - Dave & Buster's Ent. Inc.,1.04,Reduce 22.17%,1663341,$16.21,"$26,963,000",,$15.83,-2.34%,$13.04,$35.53,Samantha McLemore - Patient Capital Management,1
≡,JD - JD.com Inc.,0.93,Reduce 0.23%,840985,$28.70,"$24,136,000",,$27.33,-4.77%,$26.95,$45.12,Samantha McLemore - Patient Capital Management,1
≡,TEM - Tempus Ai Inc,0.87,Reduce 1.48%,382128,$59.05,"$22,565,000",,$52.56,-10.99%,$36.22,$104.32,Samantha McLemore - Patient Capital Management,1
≡,FISV - Fiserv Inc.,0.67,Buy,259161,$67.17,"$17,408,000",,$63.45,-5.54%,$57.79,$238.59,Samantha McLemore - Patient Capital Management,1
≡,BABA - Alibaba Group Holdings,0.57,Reduce 79.56%,100114,$146.58,"$14,675,000",,$155.43,6.04%,$94.15,$192.67,Samantha McLemore - Patient Capital Management,1
≡,PTON - Peloton Interactive Inc.,0.45,Reduce 25.79%,1880356,$6.16,"$11,583,000",,$4.19,-31.98%,$4.08,$10.02,Samantha McLemore - Patient Capital Management,1
≡,JPM - JPMorgan Chase & Co.,0.37,,29379,$322.24,"$9,467,000",,$307.13,-4.69%,$199.32,$335.87,Samantha McLemore - Patient Capital Management,1
≡,YOU - Clear Secure Inc.,0.17,,125000,$35.08,"$4,385,000",,$32.50,-7.35%,$21.09,$42.29,Samantha McLemore - Patient Capital Management,1
≡,APA - APA Corp.,0.05,,50000,$24.46,"$1,223,000",,$27.34,11.77%,$12.92,$28.56,Samantha McLemore - Patient Capital Management,1
≡,LEN.B - Lennar Corp. CL B,0.05,,12500,$95.12,"$1,189,000",,$113.99,19.84%,$92.34,$136.11,Samantha McLemore - Patient Capital Management,1
≡,SPY - SPDR S&P 500 ETF Trust,0.03,Add 155.34%,1075,$681.86,"$733,000",,$682.85,0.15%,$477.64,$697.84,Samantha McLemore - Patient Capital Management,1
≡,MSFT - Microsoft Corp.,5.98,Add 23.46%,1150498,$483.62,"$556,404,000",,$396.86,-17.94%,$342.95,$553.50,Lee Ainslie - Maverick Capital,1
≡,NVDA - NVIDIA Corp.,5.98,Add 39.33%,2986355,$186.50,"$556,955,000",,$184.97,-0.82%,$86.60,$212.18,Lee Ainslie - Maverick Capital,1
≡,AMZN - Amazon.com Inc.,5.91,Add 6.53%,2382650,$230.82,"$549,963,000",,$201.15,-12.85%,$161.38,$258.60,Lee Ainslie - Maverick Capital,1
≡,TSM - Taiwan Semiconductor S.A.,5.41,Add 62.70%,1658650,$303.89,"$504,047,000",,$364.20,19.85%,$133.00,$380.00,Lee Ainslie - Maverick Capital,1
≡,GOOG - Alphabet Inc. CL C,3.85,Buy,1141503,$313.80,"$358,204,000",,$302.82,-3.50%,$142.27,$350.15,Lee Ainslie - Maverick Capital,1
≡,PM - Philip Morris Intl.,3.75,Add 34.21%,2177027,$160.40,"$349,195,000",,$183.65,14.50%,$140.83,$190.98,Lee Ainslie - Maverick Capital,1
≡,COF - Capital One Financial,3.37,Add 19.60%,1296397,$242.36,"$314,195,000",,$206.74,-14.70%,$141.84,$259.64,Lee Ainslie - Maverick Capital,1
≡,UNP - Union Pacific,3.26,Add 17.71%,1313207,$231.32,"$303,771,000",,$262.80,13.61%,$200.99,$265.37,Lee Ainslie - Maverick Capital,1
≡,AMAT - Applied Materials,3.12,Buy,1131276,$256.99,"$290,727,000",,$359.13,39.74%,$122.79,$376.32,Lee Ainslie - Maverick Capital,1
≡,BSX - Boston Scientific,3.02,Buy,2944254,$95.35,"$280,735,000",,$76.29,-19.99%,$72.69,$109.50,Lee Ainslie - Maverick Capital,1
≡,ASML - ASML Holding NV,3.0,Add 37.09%,261003,$1069.86,"$279,237,000",,$1419.78,32.71%,$573.49,$1491.51,Lee Ainslie - Maverick Capital,1
≡,V - Visa Inc.,2.93,Buy,776863,$350.71,"$272,454,000",,$319.50,-8.90%,$296.78,$373.34,Lee Ainslie - Maverick Capital,1
≡,RTX - RTX Corp.,2.7,Add 0.68%,1368842,$183.40,"$251,046,000",,$203.50,10.96%,$110.77,$206.48,Lee Ainslie - Maverick Capital,1
≡,TECH - Bio-Techne Corp.,2.43,Add 27.82%,3850923,$58.81,"$226,473,000",,$58.50,-0.53%,$45.74,$72.06,Lee Ainslie - Maverick Capital,1
≡,GFL - Gfl Environmental Inc Sub Vt,2.32,Add 216.54%,5023417,$42.95,"$215,761,000",,$43.30,0.81%,$40.83,$51.95,Lee Ainslie - Maverick Capital,1
≡,NTRA - Natera Inc.,2.32,Reduce 29.17%,944028,$229.09,"$216,267,000",,$211.25,-7.79%,$125.38,$256.36,Lee Ainslie - Maverick Capital,1
≡,MNST - Monster Beverage Corp.,2.22,Add 100.70%,2693291,$76.67,"$206,495,000",,$82.90,8.13%,$48.95,$83.24,Lee Ainslie - Maverick Capital,1
≡,CPT - Camden Property Trust,2.17,Buy,1837790,$110.08,"$202,304,000",,$108.37,-1.55%,$96.20,$121.85,Lee Ainslie - Maverick Capital,1
≡,NU - Nu Holdings Ltd,2.11,Reduce 44.19%,11714564,$16.74,"$196,102,000",,$16.82,0.48%,$9.01,$18.98,Lee Ainslie - Maverick Capital,1
≡,CVNA - Carvana Co.,2.09,Add 112.31%,461874,$422.02,"$194,920,000",,$350.94,-16.84%,$148.25,$486.89,Lee Ainslie - Maverick Capital,1
≡,DKS - Dick's Sporting Goods Inc.,1.77,Add 56.52%,834249,$197.97,"$165,156,000",,$206.15,4.13%,$163.49,$235.99,Lee Ainslie - Maverick Capital,1
≡,SWX - Southwest Gas Holdings Inc.,1.76,Add 4.84%,2048053,$80.02,"$163,885,000",,$88.24,10.27%,$62.67,$88.74,Lee Ainslie - Maverick Capital,1
≡,ALAB - Astera Labs Inc,1.74,Reduce 5.47%,975959,$166.36,"$162,361,000",,$123.69,-25.65%,$47.13,$262.90,Lee Ainslie - Maverick Capital,1
≡,WVE - Wave Life Sciences Ltd.,1.69,Add 10.59%,9280237,$17.00,"$157,764,000",,$12.59,-25.94%,$5.28,$21.73,Lee Ainslie - Maverick Capital,1
≡,AGX - Argan Inc.,1.48,Buy,438858,$313.32,"$137,503,000",,$406.88,29.86%,$100.23,$449.90,Lee Ainslie - Maverick Capital,1
≡,COMP - Compass Inc.,1.43,Buy,12637206,$10.57,"$133,575,000",,$10.10,-4.45%,$5.66,$13.96,Lee Ainslie - Maverick Capital,1
≡,SCHW - Charles Schwab Corp.,1.34,Add 44.02%,1253090,$99.91,"$125,196,000",,$93.08,-6.84%,$65.08,$107.14,Lee Ainslie - Maverick Capital,1
≡,BTU - Peabody Energy,1.3,Reduce 10.85%,4067173,$29.70,"$120,795,000",,$32.40,9.09%,$9.50,$39.95,Lee Ainslie - Maverick Capital,1
≡,KO - Coca Cola Co.,1.17,Add 7103.13%,1562287,$69.91,"$109,219,000",,$79.56,13.80%,$64.63,$80.41,Lee Ainslie - Maverick Capital,1
≡,LRCX - Lam Research,1.16,Add 3722.97%,633084,$171.18,"$108,371,000",,$235.58,37.62%,$55.98,$251.87,Lee Ainslie - Maverick Capital,1
≡,SGI - Somnigroup International Inc.,1.1,Reduce 0.91%,1141820,$89.28,"$101,942,000",,$87.78,-1.68%,$52.78,$98.56,Lee Ainslie - Maverick Capital,1
≡,CDTX-OLD - Cidara Therapeutics Inc.,1.08,Add 9.20%,455978,$220.89,"$100,721,000",,$221.32,0.19%,$15.22,$221.42,Lee Ainslie - Maverick Capital,1
≡,SHW - Sherwin-Williams,0.99,Reduce 25.85%,284317,$324.03,"$92,127,000",,$367.94,13.55%,$306.78,$378.76,Lee Ainslie - Maverick Capital,1
≡,CART - Maplebear Inc,0.94,Reduce 2.57%,1938835,$44.98,"$87,209,000",,$36.72,-18.36%,$32.73,$53.50,Lee Ainslie - Maverick Capital,1
≡,DASH - DoorDash Inc.,0.87,Add 6200.44%,359125,$226.48,"$81,335,000",,$162.34,-28.32%,$155.40,$285.50,Lee Ainslie - Maverick Capital,1
≡,DIS - Walt Disney Co.,0.86,Reduce 56.37%,706959,$113.77,"$80,431,000",,$105.44,-7.32%,$79.22,$123.85,Lee Ainslie - Maverick Capital,1
≡,NAMS - Newamsterdam Pharma Co Nv,0.71,Add 25.88%,1894226,$35.08,"$66,449,000",,$35.24,0.46%,$14.06,$42.00,Lee Ainslie - Maverick Capital,1
≡,PCVX - Vaxcyte Inc.,0.67,Add 5.01%,1354237,$46.14,"$62,484,000",,$53.33,15.58%,$27.66,$85.22,Lee Ainslie - Maverick Capital,1
≡,MELI - Mercadolibre Inc.,0.57,Add 52.06%,26149,$2014.26,"$52,671,000",,$1975.51,-1.92%,$1723.90,$2645.22,Lee Ainslie - Maverick Capital,1
≡,DDOG - DATADOG Inc.,0.56,Add 13.13%,386254,$135.99,"$52,527,000",,$122.56,-9.88%,$81.63,$201.69,Lee Ainslie - Maverick Capital,1
≡,SNOW - Snowflake Inc.,0.53,Reduce 19.89%,225835,$219.36,"$49,539,000",,$177.10,-19.27%,$120.10,$280.67,Lee Ainslie - Maverick Capital,1
≡,IVVD - Invivyd Inc.,0.5,,18970913,$2.47,"$46,858,000",,$1.55,-37.25%,$0.46,$3.07,Lee Ainslie - Maverick Capital,1
≡,MMSI - Merit Medical Systems Inc.,0.46,Reduce 69.81%,486166,$88.14,"$42,851,000",,$81.59,-7.43%,$77.62,$109.79,Lee Ainslie - Maverick Capital,1
≡,CTRI - Centuri Holdings Inc,0.45,Buy,1672863,$25.25,"$42,240,000",,$31.29,23.92%,$14.46,$32.05,Lee Ainslie - Maverick Capital,1
≡,RBLX - Roblox Corp.,0.45,Add 25.82%,517798,$81.03,"$41,957,000",,$63.00,-22.25%,$50.10,$150.59,Lee Ainslie - Maverick Capital,1
≡,CNTA - Centessa Pharmaceuticals ADR,0.44,Buy,1643724,$25.01,"$41,110,000",,$24.94,-0.28%,$9.60,$30.58,Lee Ainslie - Maverick Capital,1
≡,FLUT - Flutter Entertainment Plc,0.43,Add 39.62%,187022,$215.04,"$40,217,000",,$123.91,-42.38%,$122.55,$313.69,Lee Ainslie - Maverick Capital,1
≡,MDLN - Medline Inc Cl A,0.36,Buy,796077,$42.00,"$33,435,000",,$46.16,9.90%,$34.89,$47.99,Lee Ainslie - Maverick Capital,1
≡,CPNG - Coupang Inc.,0.35,Reduce 34.00%,1368720,$23.59,"$32,288,000",,$17.43,-26.11%,$16.74,$34.08,Lee Ainslie - Maverick Capital,1
≡,SAIL - Sailpoint Inc,0.21,,966050,$20.23,"$19,543,000",,$15.65,-22.64%,$13.72,$26.35,Lee Ainslie - Maverick Capital,1
≡,QURE - uniQure NV,0.17,Buy,661820,$23.93,"$15,837,000",,$21.75,-9.11%,$7.76,$71.50,Lee Ainslie - Maverick Capital,1
≡,ACHC - Acadia Healthcare Co.,0.14,Reduce 69.88%,905419,$14.19,"$12,848,000",,$16.42,15.72%,$11.43,$42.85,Lee Ainslie - Maverick Capital,1
≡,STUB - Stubhub Holdings Inc Class A,0.14,,931473,$13.53,"$12,603,000",,$8.92,-34.07%,$8.30,$27.89,Lee Ainslie - Maverick Capital,1
≡,EVH - Evolent Health Inc.,0.11,Add 6.04%,2539930,$4.00,"$10,160,000",,$2.72,-32.00%,$2.56,$12.07,Lee Ainslie - Maverick Capital,1
≡,GUTS - Fractyl Health Inc,0.1,,4248492,$2.20,"$9,347,000",,$0.39,-82.27%,$0.38,$3.03,Lee Ainslie - Maverick Capital,1
≡,NTSK - Netskope Inc Cl A,0.09,,465736,$17.54,"$8,169,000",,$11.32,-35.46%,$10.96,$27.99,Lee Ainslie - Maverick Capital,1
≡,RCKT - Rocket Pharmaceuticals Inc.,0.09,Reduce 70.32%,2513110,$3.51,"$8,821,000",,$3.31,-5.70%,$2.19,$11.11,Lee Ainslie - Maverick Capital,1
≡,FDX - FedEx Corp.,0.08,Add 67.96%,25023,$288.85,"$7,228,000",,$375.30,29.93%,$190.84,$381.99,Lee Ainslie - Maverick Capital,1
≡,BKNG - Booking Holdings Inc.,0.06,Reduce 35.14%,1030,$5355.34,"$5,516,000",,$4140.15,-22.69%,$4020.54,$5818.25,Lee Ainslie - Maverick Capital,1
≡,KRUS - Kura Sushi USA Inc. CL A,0.06,Buy,101295,$52.33,"$5,301,000",,$69.88,33.54%,$40.03,$95.98,Lee Ainslie - Maverick Capital,1
≡,LTH - Life Time Group Holdings Inc,0.06,Reduce 37.26%,199413,$26.58,"$5,300,000",,$29.06,9.33%,$24.14,$34.99,Lee Ainslie - Maverick Capital,1
≡,PLAY - Dave & Buster's Ent. Inc.,0.06,Add 115.20%,325487,$16.21,"$5,276,000",,$15.83,-2.34%,$13.04,$35.53,Lee Ainslie - Maverick Capital,1
≡,ADBE - Adobe Inc.,0.05,Buy,14103,$350.00,"$4,936,000",,$260.45,-25.59%,$251.10,$464.33,Lee Ainslie - Maverick Capital,1
≡,AFRM - Affirm Holdings Inc.,0.05,Add 37.24%,66024,$74.43,"$4,914,000",,$51.60,-30.67%,$30.90,$100.00,Lee Ainslie - Maverick Capital,1
≡,ALL - Allstate Corp.,0.05,Add 46.32%,23798,$208.17,"$4,954,000",,$212.32,1.99%,$173.48,$216.75,Lee Ainslie - Maverick Capital,1
≡,ASO - Academy Sports and Outdoors Inc.,0.05,Add 451.57%,89106,$49.96,"$4,452,000",,$59.77,19.64%,$32.97,$60.55,Lee Ainslie - Maverick Capital,1
≡,CAL - Caleres Inc.,0.05,Add 56.43%,353129,$12.17,"$4,298,000",,$12.20,0.25%,$9.49,$18.00,Lee Ainslie - Maverick Capital,1
≡,CHTR - Charter Communications,0.05,Buy,23732,$208.75,"$4,954,000",,$237.01,13.54%,$180.38,$437.06,Lee Ainslie - Maverick Capital,1
≡,CRI - Carters Inc.,0.05,Add 19.75%,148790,$32.43,"$4,825,000",,$40.80,25.81%,$22.97,$52.17,Lee Ainslie - Maverick Capital,1
≡,CWH - Camping World Holdings Inc.,0.05,Buy,458424,$9.73,"$4,460,000",,$11.76,20.86%,$9.38,$22.16,Lee Ainslie - Maverick Capital,1
≡,EFX - Equifax Inc.,0.05,Buy,22896,$216.98,"$4,968,000",,$192.70,-11.19%,$166.02,$279.27,Lee Ainslie - Maverick Capital,1
≡,ERIE - Erie Indemnity Co. CL A,0.05,Buy,17317,$286.65,"$4,964,000",,$283.85,-0.98%,$267.40,$449.25,Lee Ainslie - Maverick Capital,1
≡,EXPE - Expedia Group Inc.,0.05,Buy,17947,$283.33,"$5,085,000",,$200.42,-29.26%,$129.24,$303.80,Lee Ainslie - Maverick Capital,1
≡,FERG - Ferguson Enterprises Inc.,0.05,Add 50.09%,22114,$222.62,"$4,923,000",,$259.67,16.64%,$144.32,$271.64,Lee Ainslie - Maverick Capital,1
≡,GDDY - GoDaddy Inc.,0.05,Add 188.44%,39923,$124.09,"$4,954,000",,$91.20,-26.50%,$87.13,$193.55,Lee Ainslie - Maverick Capital,1
≡,HRB - H&R Block Inc.,0.05,Buy,114426,$43.58,"$4,987,000",,$30.53,-29.94%,$28.16,$63.05,Lee Ainslie - Maverick Capital,1
≡,IMAX - IMAX Corp.,0.05,Buy,133358,$36.96,"$4,929,000",,$37.86,2.44%,$20.48,$39.98,Lee Ainslie - Maverick Capital,1
≡,INTU - Intuit Inc.,0.05,Add 1171.82%,7491,$662.39,"$4,962,000",,$379.17,-42.76%,$375.40,$810.72,Lee Ainslie - Maverick Capital,1
≡,LH - Labcorp Holdings Inc.,0.05,Add 73.06%,17564,$250.85,"$4,406,000",,$276.67,10.29%,$207.67,$292.94,Lee Ainslie - Maverick Capital,1
≡,LMND - Lemonade Inc.,0.05,Add 12.96%,69864,$71.18,"$4,973,000",,$64.59,-9.26%,$24.31,$99.90,Lee Ainslie - Maverick Capital,1
≡,LZ - Lubrizol Corp.,0.05,Buy,496034,$9.93,"$4,926,000",,$6.86,-30.92%,$6.47,$12.40,Lee Ainslie - Maverick Capital,1
≡,MUSA - Murphy USA Inc.,0.05,Buy,11023,$403.52,"$4,448,000",,$384.54,-4.70%,$344.15,$520.87,Lee Ainslie - Maverick Capital,1
≡,NFLX - Netflix Inc.,0.05,Buy,50797,$93.77,"$4,763,000",,$77.00,-17.88%,$75.23,$134.12,Lee Ainslie - Maverick Capital,1
≡,OLLI - Ollie's Bargain Outlet Hldgs,0.05,Buy,45061,$109.61,"$4,939,000",,$111.74,1.94%,$94.88,$141.74,Lee Ainslie - Maverick Capital,1
≡,ROKU - Roku Inc.,0.05,Add 46.45%,45571,$108.49,"$4,944,000",,$88.58,-18.35%,$52.43,$116.66,Lee Ainslie - Maverick Capital,1
≡,ROL - Rollins Inc.,0.05,Add 31.05%,77450,$60.03,"$4,649,000",,$60.08,0.08%,$49.15,$66.14,Lee Ainslie - Maverick Capital,1
≡,ROOT - Root Inc. CL A,0.05,Buy,63234,$72.22,"$4,567,000",,$61.67,-14.61%,$55.57,$181.14,Lee Ainslie - Maverick Capital,1
≡,RVLV - Revolve Group Inc.,0.05,Buy,147012,$30.19,"$4,438,000",,$24.63,-18.42%,$16.80,$31.68,Lee Ainslie - Maverick Capital,1
≡,SIRI - SiriusXM Holdings Inc,0.05,Add 65.45%,248591,$20.00,"$4,971,000",,$21.02,5.10%,$17.77,$26.06,Lee Ainslie - Maverick Capital,1
≡,SITE - SiteOne Landscape Supply Inc.,0.05,Buy,39632,$124.57,"$4,937,000",,$153.53,23.25%,$101.25,$168.56,Lee Ainslie - Maverick Capital,1
≡,SMA - Smartstop Self Storage Reit,0.05,Add 70.48%,159563,$30.94,"$4,937,000",,$34.28,10.80%,$28.75,$38.98,Lee Ainslie - Maverick Capital,1
≡,TDUP - ThredUp Inc.,0.05,Add 63.52%,691689,$6.39,"$4,420,000",,$4.61,-27.86%,$2.02,$12.28,Lee Ainslie - Maverick Capital,1
≡,TRUP - Trupanion Inc.,0.05,Add 68.20%,133873,$37.37,"$5,003,000",,$28.99,-22.42%,$27.30,$57.89,Lee Ainslie - Maverick Capital,1
≡,YOU - Clear Secure Inc.,0.05,Add 48.36%,140149,$35.08,"$4,916,000",,$32.50,-7.35%,$21.09,$42.29,Lee Ainslie - Maverick Capital,1
≡,ZM - Zoom Video Communications Inc.,0.05,Add 33.71%,56027,$86.30,"$4,835,000",,$88.65,2.72%,$64.41,$97.58,Lee Ainslie - Maverick Capital,1
≡,AD - Array Digital Infrastructure Inc.,0.04,Reduce 4.59%,64594,$53.63,"$3,464,000",,$51.24,-4.46%,$33.68,$51.96,Lee Ainslie - Maverick Capital,1
≡,BKE - Buckle Inc.,0.04,Reduce 40.50%,61083,$53.42,"$3,263,000",,$53.87,0.84%,$30.40,$57.60,Lee Ainslie - Maverick Capital,1
≡,BOOT - Boot Barn Holdings,0.04,Add 199.54%,21432,$176.47,"$3,782,000",,$197.53,11.93%,$86.17,$210.25,Lee Ainslie - Maverick Capital,1
≡,DAVE - Dave Inc,0.04,Add 136.44%,16376,$221.42,"$3,626,000",,$176.61,-20.24%,$65.46,$286.45,Lee Ainslie - Maverick Capital,1
≡,DGX - Quest Diagnostics,0.04,Add 31.45%,23895,$173.51,"$4,146,000",,$205.49,18.43%,$155.09,$213.20,Lee Ainslie - Maverick Capital,1
≡,EL - Estee Lauder Cos.,0.04,Add 46.02%,33440,$104.72,"$3,502,000",,$112.14,7.09%,$47.76,$121.64,Lee Ainslie - Maverick Capital,1
≡,FVRR - Fiverr Int Ltd,0.04,Buy,202094,$19.76,"$3,993,000",,$13.10,-33.70%,$13.07,$35.40,Lee Ainslie - Maverick Capital,1
≡,MCD - McDonald's Corp.,0.04,Buy,12453,$305.63,"$3,806,000",,$327.62,7.19%,$280.19,$335.67,Lee Ainslie - Maverick Capital,1
≡,AAL - American Airlines Group Inc.,0.03,Buy,164825,$15.33,"$2,527,000",,$14.40,-6.07%,$8.50,$16.50,Lee Ainslie - Maverick Capital,1
≡,AEO - American Eagle Outfitters,0.03,Reduce 67.46%,94930,$26.37,"$2,503,000",,$24.93,-5.46%,$9.04,$28.33,Lee Ainslie - Maverick Capital,1
≡,ANF - Abercrombie & Fitch Co.,0.03,Buy,19463,$125.88,"$2,450,000",,$94.11,-25.24%,$65.40,$133.11,Lee Ainslie - Maverick Capital,1
≡,AS - Amer Sports Inc,0.03,Reduce 32.42%,67859,$37.36,"$2,535,000",,$40.26,7.76%,$20.21,$42.36,Lee Ainslie - Maverick Capital,1
≡,BBY - Best Buy Co. Inc.,0.03,Add 1.86%,35479,$66.94,"$2,375,000",,$66.10,-1.25%,$52.85,$87.00,Lee Ainslie - Maverick Capital,1
≡,BJ - BJ's Wholesale Club,0.03,Buy,26740,$90.01,"$2,407,000",,$99.44,10.48%,$86.68,$121.10,Lee Ainslie - Maverick Capital,1
≡,BLCO - Bausch + Lomb Corp,0.03,Reduce 14.39%,152183,$17.08,"$2,599,000",,$17.73,3.81%,$10.45,$17.91,Lee Ainslie - Maverick Capital,1
≡,CAG - Conagra Brands Inc.,0.03,Buy,144402,$17.31,"$2,500,000",,$18.89,9.13%,$15.65,$26.52,Lee Ainslie - Maverick Capital,1
≡,CALY - Callaway Golf Co.,0.03,Reduce 27.44%,258111,$11.67,"$3,012,000",,$13.42,15.00%,$5.42,$16.65,Lee Ainslie - Maverick Capital,1
≡,CAVA - Cava Group Inc,0.03,Add 18.96%,42161,$58.68,"$2,474,000",,$63.31,7.89%,$43.41,$134.73,Lee Ainslie - Maverick Capital,1
≡,CHWY - Chewy Inc.,0.03,Reduce 55.42%,74985,$33.05,"$2,478,000",,$23.80,-27.99%,$23.06,$48.62,Lee Ainslie - Maverick Capital,1
≡,COCO - Vita Coco Co Inc,0.03,Reduce 55.65%,58561,$53.00,"$3,104,000",,$56.52,6.64%,$25.79,$59.88,Lee Ainslie - Maverick Capital,1
≡,COST - Costco Co.,0.03,Buy,2894,$862.47,"$2,496,000",,$1012.05,17.34%,$842.91,$1065.16,Lee Ainslie - Maverick Capital,1
≡,DECK - Deckers Outdoor,0.03,Buy,24097,$103.66,"$2,498,000",,$117.35,13.21%,$78.91,$156.61,Lee Ainslie - Maverick Capital,1
≡,ELAN - Elanco Animal Health Inc.,0.03,Add 240.39%,106593,$22.63,"$2,412,000",,$24.86,9.85%,$8.02,$26.08,Lee Ainslie - Maverick Capital,1
≡,ETSY - Etsy Inc.,0.03,Buy,45034,$55.45,"$2,497,000",,$44.36,-20.00%,$40.05,$76.52,Lee Ainslie - Maverick Capital,1
≡,LULU - Lululemon Athletica Inc.,0.03,Reduce 2.52%,11933,$207.83,"$2,480,000",,$177.72,-14.49%,$159.25,$374.41,Lee Ainslie - Maverick Capital,1
≡,MKC - McCormick & Co.,0.03,Buy,44533,$68.11,"$3,033,000",,$69.19,1.59%,$59.62,$84.04,Lee Ainslie - Maverick Capital,1
≡,NKE - NIKE Inc.,0.03,Buy,37610,$63.71,"$2,396,000",,$64.82,1.74%,$51.34,$80.55,Lee Ainslie - Maverick Capital,1
≡,REYN - Reynolds Consumer Products Inc.,0.03,Reduce 38.64%,138396,$22.92,"$3,172,000",,$23.63,3.10%,$20.31,$25.75,Lee Ainslie - Maverick Capital,1
≡,SEB - Seaboard Corp.,0.03,Buy,693,$4444.44,"$3,080,000",,$4915.02,10.59%,$2433.99,$5654.00,Lee Ainslie - Maverick Capital,1
≡,SJM - J.M. Smucker Co,0.03,Reduce 15.77%,27912,$97.81,"$2,730,000",,$106.22,8.60%,$90.55,$116.77,Lee Ainslie - Maverick Capital,1
≡,SN - Sharkninja Inc,0.03,Buy,22474,$111.91,"$2,515,000",,$131.45,17.46%,$60.50,$133.99,Lee Ainslie - Maverick Capital,1
≡,SPB - Spectrum Brands Holdings Inc.,0.03,Buy,51588,$59.08,"$3,048,000",,$77.36,30.94%,$49.27,$77.90,Lee Ainslie - Maverick Capital,1
≡,TPB - Turning Point Brands Inc.,0.03,Reduce 31.82%,21675,$108.42,"$2,350,000",,$132.62,22.32%,$51.36,$133.37,Lee Ainslie - Maverick Capital,1
≡,TPR - Tapestry Inc.,0.03,Buy,19582,$127.77,"$2,502,000",,$153.85,20.41%,$57.71,$158.28,Lee Ainslie - Maverick Capital,1
≡,UAL - United Airlines Holdings Inc.,0.03,Buy,20942,$111.83,"$2,342,000",,$114.02,1.96%,$52.00,$119.21,Lee Ainslie - Maverick Capital,1
≡,VLO - Valero Energy,0.03,Buy,15081,$162.79,"$2,455,000",,$197.34,21.22%,$96.17,$206.77,Lee Ainslie - Maverick Capital,1
≡,WINA - Winmark Corp.,0.03,Reduce 35.57%,6935,$404.90,"$2,808,000",,$458.16,13.15%,$286.35,$512.96,Lee Ainslie - Maverick Capital,1
≡,WMK - Weis Markets Inc.,0.03,Reduce 43.62%,49169,$64.09,"$3,151,000",,$72.92,13.78%,$60.93,$88.58,Lee Ainslie - Maverick Capital,1
≡,ALK - Alaska Air Group,0.02,Buy,44862,$50.31,"$2,257,000",,$57.08,13.46%,$37.63,$78.08,Lee Ainslie - Maverick Capital,1
≡,AMBQ - Ambiq Micro Inc,0.02,,59248,$28.51,"$1,689,000",,$29.63,3.93%,$22.12,$51.76,Lee Ainslie - Maverick Capital,1
≡,BTI - British American Tobacco plc,0.02,Reduce 32.41%,30360,$56.62,"$1,719,000",,$58.91,4.04%,$35.00,$63.03,Lee Ainslie - Maverick Capital,1
≡,BUD - Anheuser-Busch InBev,0.02,Add 33.95%,35898,$64.04,"$2,299,000",,$79.29,23.81%,$51.43,$81.56,Lee Ainslie - Maverick Capital,1
≡,CABO - Cable ONE Inc.,0.02,Add 7.54%,19552,$112.83,"$2,206,000",,$103.29,-8.46%,$70.37,$293.88,Lee Ainslie - Maverick Capital,1
≡,EBAY - eBay Inc.,0.02,Buy,24057,$87.08,"$2,095,000",,$79.95,-8.19%,$58.09,$100.76,Lee Ainslie - Maverick Capital,1
≡,GAP - Gap Inc.,0.02,Reduce 64.66%,59454,$25.60,"$1,522,000",,$27.60,7.81%,$16.48,$29.24,Lee Ainslie - Maverick Capital,1
≡,HSY - Hershey Co.,0.02,Buy,10500,$182.00,"$1,911,000",,$219.40,20.55%,$146.80,$233.34,Lee Ainslie - Maverick Capital,1
≡,KHC - Kraft Heinz Co.,0.02,Add 33.28%,87829,$24.25,"$2,130,000",,$23.78,-1.94%,$21.99,$31.87,Lee Ainslie - Maverick Capital,1
≡,LOW - Lowe's Cos.,0.02,Add 123.97%,8316,$241.10,"$2,005,000",,$281.16,16.62%,$202.31,$293.06,Lee Ainslie - Maverick Capital,1
≡,LUV - Southwest Airlines,0.02,Buy,43518,$41.34,"$1,799,000",,$54.26,31.25%,$23.44,$55.11,Lee Ainslie - Maverick Capital,1
≡,MAR - Marriott Int'l.,0.02,Buy,6955,$310.28,"$2,158,000",,$359.94,16.00%,$203.87,$370.00,Lee Ainslie - Maverick Capital,1
≡,MZTI - The Marzetti Company,0.02,Buy,9383,$164.45,"$1,543,000",,$158.38,-3.69%,$152.02,$194.09,Lee Ainslie - Maverick Capital,1
≡,NVS - Novartis AG,0.02,Add 34.68%,11073,$137.90,"$1,527,000",,$166.17,20.50%,$97.72,$167.29,Lee Ainslie - Maverick Capital,1
≡,NYT - New York Times CL A,0.02,Reduce 65.03%,21247,$69.42,"$1,475,000",,$74.03,6.64%,$44.43,$74.59,Lee Ainslie - Maverick Capital,1
≡,QDEL - QuidelOrtho Corp.,0.02,Reduce 12.48%,59783,$28.55,"$1,707,000",,$23.13,-18.98%,$19.50,$42.50,Lee Ainslie - Maverick Capital,1
≡,RH - RH,0.02,Buy,12436,$179.16,"$2,228,000",,$208.72,16.50%,$123.03,$389.20,Lee Ainslie - Maverick Capital,1
≡,ROST - Ross Stores Inc.,0.02,Reduce 82.32%,9566,$180.12,"$1,723,000",,$198.21,10.04%,$121.41,$198.98,Lee Ainslie - Maverick Capital,1
≡,TSN - Tyson Foods,0.02,Reduce 49.73%,35080,$58.61,"$2,056,000",,$62.90,7.32%,$50.12,$66.41,Lee Ainslie - Maverick Capital,1
≡,WDFC - WD-40 Co.,0.02,Buy,10686,$196.89,"$2,104,000",,$241.24,22.53%,$174.51,$253.24,Lee Ainslie - Maverick Capital,1
≡,WMT - Walmart Inc.,0.02,Buy,17151,$111.42,"$1,911,000",,$128.85,15.64%,$79.27,$134.69,Lee Ainslie - Maverick Capital,1
≡,YUM - Yum! Brands Inc.,0.02,Buy,11017,$151.31,"$1,667,000",,$161.19,6.53%,$136.66,$165.32,Lee Ainslie - Maverick Capital,1
≡,ABNB - Airbnb Inc.,0.01,Buy,8531,$135.74,"$1,158,000",,$124.23,-8.48%,$99.88,$162.58,Lee Ainslie - Maverick Capital,1
≡,BROS - Dutch Bros Inc Class A,0.01,Buy,8123,$61.18,"$497,000",,$53.61,-12.37%,$47.16,$86.88,Lee Ainslie - Maverick Capital,1
≡,CL - Colgate-Palmolive,0.01,Reduce 67.31%,9670,$79.01,"$764,000",,$95.65,21.06%,$74.09,$98.13,Lee Ainslie - Maverick Capital,1
≡,CPB - Campbell's Co.,0.01,Buy,33206,$27.86,"$925,000",,$27.77,-0.32%,$25.62,$41.73,Lee Ainslie - Maverick Capital,1
≡,CRBU - Caribou Biosciences Inc.,0.01,,652542,$1.59,"$1,038,000",,$1.55,-2.52%,$0.66,$3.54,Lee Ainslie - Maverick Capital,1
≡,ENR - Energizer Holdings Inc.,0.01,Buy,49793,$19.88,"$990,000",,$22.99,15.64%,$16.55,$30.13,Lee Ainslie - Maverick Capital,1
≡,FND - Floor & Decor Holdings,0.01,Reduce 41.49%,15624,$60.87,"$951,000",,$69.25,13.77%,$55.11,$103.87,Lee Ainslie - Maverick Capital,1
≡,GEN - Gen Digital Inc.,0.01,Buy,19460,$27.18,"$529,000",,$22.81,-16.08%,$22.02,$31.77,Lee Ainslie - Maverick Capital,1
≡,KDP - Keurig Dr Pepper Inc.,0.01,Reduce 28.59%,47454,$28.01,"$1,329,000",,$29.13,4.00%,$24.82,$35.32,Lee Ainslie - Maverick Capital,1
≡,MDLZ - Mondelez International,0.01,Reduce 73.98%,9989,$53.86,"$538,000",,$59.86,11.14%,$51.20,$69.94,Lee Ainslie - Maverick Capital,1
≡,MO - Altria Group Inc.,0.01,Reduce 61.85%,15423,$57.64,"$889,000",,$66.54,15.44%,$48.95,$67.77,Lee Ainslie - Maverick Capital,1
≡,PEP - PepsiCo Inc.,0.01,Reduce 75.25%,3976,$143.61,"$571,000",,$161.92,12.75%,$123.93,$171.48,Lee Ainslie - Maverick Capital,1
≡,PRMB - Primo Brands Corp,0.01,Reduce 97.39%,44083,$16.36,"$721,000",,$18.28,11.74%,$14.26,$35.35,Lee Ainslie - Maverick Capital,1
≡,SAM - Boston Beer Company,0.01,Reduce 62.72%,5234,$195.07,"$1,021,000",,$231.71,18.78%,$185.34,$260.00,Lee Ainslie - Maverick Capital,1
≡,SHG - Shinhan Financial Group Company,0.01,Buy,14071,$53.66,"$755,000",,$69.24,29.03%,$28.18,$73.40,Lee Ainslie - Maverick Capital,1
≡,SVV - Savers Value Village Inc,0.01,Buy,119479,$9.34,"$1,116,000",,$10.90,16.70%,$6.48,$13.89,Lee Ainslie - Maverick Capital,1
≡,TGT - Target Corp.,0.01,Buy,5067,$97.69,"$495,000",,$116.54,19.30%,$82.60,$125.93,Lee Ainslie - Maverick Capital,1
≡,ULTA - Ulta Beauty Inc.,0.01,Reduce 87.84%,817,$604.65,"$494,000",,$706.82,16.90%,$309.01,$707.25,Lee Ainslie - Maverick Capital,1
≡,UPS - United Parcel Service,0.01,Reduce 83.93%,6750,$99.26,"$670,000",,$115.51,16.37%,$79.49,$120.73,Lee Ainslie - Maverick Capital,1
≡,VITL - Vital Signs,0.01,Reduce 66.26%,35856,$31.93,"$1,145,000",,$28.24,-11.56%,$25.51,$53.13,Lee Ainslie - Maverick Capital,1
≡,BYRN - Byrna Technologies Inc,0.0,Reduce 89.17%,11715,$16.82,"$197,000",,$12.64,-24.85%,$11.13,$34.30,Lee Ainslie - Maverick Capital,1
≡,CRIS - Curis Inc.,0.0,,49554,$0.12,"$6,000",,$1.06,783.33%,$0.77,$3.41,Lee Ainslie - Maverick Capital,1
≡,FRPT - Freshpet Inc.,0.0,Buy,7561,$60.97,"$461,000",,$71.69,17.58%,$46.76,$132.86,Lee Ainslie - Maverick Capital,1
≡,AMZN - Amazon.com Inc.,33.1,Reduce 3.22%,7314534,$230.82,"$1,688,341,000",,$201.15,-12.85%,$161.38,$258.60,AltaRock Partners,1
≡,TDG - TransDigm Group Inc.,25.28,Reduce 0.72%,969400,$1329.85,"$1,289,157,000",,$1302.11,-2.09%,$1107.45,$1519.35,AltaRock Partners,1
≡,MSFT - Microsoft Corp.,19.75,Reduce 18.95%,2082357,$483.62,"$1,007,069,000",,$396.86,-17.94%,$342.95,$553.50,AltaRock Partners,1
≡,MCO - Moody's Corp.,8.16,Reduce 14.15%,814503,$510.85,"$416,089,000",,$423.22,-17.15%,$376.55,$546.88,AltaRock Partners,1
≡,MA - Mastercard Inc.,6.07,Reduce 7.23%,541836,$570.88,"$309,323,000",,$521.93,-8.57%,$462.92,$600.08,AltaRock Partners,1
≡,V - Visa Inc.,3.55,Reduce 3.16%,516677,$350.71,"$181,204,000",,$319.50,-8.90%,$296.78,$373.34,AltaRock Partners,1
≡,HLT - Hilton Worldwide Holdings,3.06,,542613,$287.25,"$155,866,000",,$317.82,10.64%,$195.70,$333.86,AltaRock Partners,1
≡,GOOGL - Alphabet Inc.,1.04,Reduce 50.81%,169391,$313.00,"$53,019,000",,$302.02,-3.51%,$140.14,$349.00,AltaRock Partners,1
≡,MA - Mastercard Inc.,18.81,Reduce 4.76%,3005280,$570.88,"$1,715,654,000",,$521.93,-8.57%,$462.92,$600.08,Chuck Akre - Akre Capital Management,1
≡,BN - Brookfield Corp.,13.51,Reduce 6.87%,26843633,$45.89,"$1,231,854,000",,$47.78,4.12%,$28.95,$49.57,Chuck Akre - Akre Capital Management,1
≡,KKR - KKR & Co. L.P.,11.33,Reduce 6.97%,8106049,$127.48,"$1,033,359,000",,$102.55,-19.56%,$85.62,$153.15,Chuck Akre - Akre Capital Management,1
≡,V - Visa Inc.,10.29,Reduce 9.99%,2676628,$350.71,"$938,720,000",,$319.50,-8.90%,$296.78,$373.34,Chuck Akre - Akre Capital Management,1
≡,MCO - Moody's Corp.,9.72,Reduce 18.11%,1735231,$510.85,"$886,443,000",,$423.22,-17.15%,$376.55,$546.88,Chuck Akre - Akre Capital Management,1
≡,CSGP - CoStar Group Inc.,7.09,Add 3.35%,9617805,$67.24,"$646,701,000",,$45.74,-31.98%,$43.80,$97.43,Chuck Akre - Akre Capital Management,1
≡,ORLY - O'Reilly Automotive,6.72,Reduce 21.98%,6719819,$91.21,"$612,915,000",,$92.60,1.52%,$85.55,$108.72,Chuck Akre - Akre Capital Management,1
≡,ROP - Roper Technologies Inc.,5.39,Reduce 4.45%,1105153,$445.13,"$491,937,000",,$315.53,-29.12%,$313.07,$591.26,Chuck Akre - Akre Capital Management,1
≡,ABNB - Airbnb Inc.,5.17,,3473243,$135.72,"$471,389,000",,$124.23,-8.47%,$99.88,$162.58,Chuck Akre - Akre Capital Management,1
≡,FICO - Fair Isaac Corp.,5.14,Add 6.36%,277445,$1690.62,"$469,054,000",,$1351.60,-20.05%,$1280.86,$2217.60,Chuck Akre - Akre Capital Management,1
≡,CPRT - Copart Inc.,3.38,Add 85.71%,7867967,$39.15,"$308,031,000",,$37.52,-4.16%,$36.52,$63.85,Chuck Akre - Akre Capital Management,1
≡,CCC - CCC Intelligent Solutions Hldgs Inc.,2.16,Add 52.65%,24836984,$7.95,"$197,454,000",,$5.04,-36.60%,$4.91,$10.88,Chuck Akre - Akre Capital Management,1
≡,AMT - American Tower Corp.,0.49,Reduce 42.36%,255267,$175.57,"$44,817,000",,$193.09,9.98%,$166.88,$230.04,Chuck Akre - Akre Capital Management,1
≡,GSHD - Goosehead Insurance Inc.,0.3,Add 1.36%,371096,$73.65,"$27,331,000",,$50.63,-31.26%,$46.80,$127.99,Chuck Akre - Akre Capital Management,1
≡,SOPH - Sophia Genetics SA,0.19,,3719140,$4.67,"$17,368,000",,$4.75,1.71%,$2.58,$5.70,Chuck Akre - Akre Capital Management,1
≡,DHR - Danaher Corp.,0.17,Reduce 92.05%,69516,$228.93,"$15,914,000",,$206.36,-9.86%,$170.19,$242.80,Chuck Akre - Akre Capital Management,1
≡,BRK.B - Berkshire Hathaway CL B,0.07,Reduce 14.89%,11902,$502.69,"$5,983,000",,$503.41,0.14%,$455.19,$542.07,Chuck Akre - Akre Capital Management,1
≡,KMX - CarMax Inc.,0.06,,150600,$38.64,"$5,819,000",,$42.25,9.34%,$30.26,$89.47,Chuck Akre - Akre Capital Management,1
≡,QSR - Restaurant Brands International,10.44,Reduce 2.09%,8080112,$68.23,"$551,325,000",,$68.13,-0.15%,$57.09,$73.05,Seth Klarman - Baupost Group,1
≡,AMZN - Amazon.com Inc.,9.28,Buy,2121391,$230.82,"$489,659,000",,$201.15,-12.85%,$161.38,$258.60,Seth Klarman - Baupost Group,1
≡,WTW - Willis Towers Watson plc,8.45,Add 24.66%,1357601,$328.60,"$446,108,000",,$295.50,-10.07%,$275.60,$351.81,Seth Klarman - Baupost Group,1
≡,ELV - Elevance Health Inc.,8.43,Reduce 3.77%,1269302,$350.55,"$444,954,000",,$344.78,-1.65%,$270.83,$451.93,Seth Klarman - Baupost Group,1
≡,UNP - Union Pacific,7.13,Add 8.76%,1627254,$231.32,"$376,416,000",,$262.80,13.61%,$200.99,$265.37,Seth Klarman - Baupost Group,1
≡,WCC - WESCO International Inc.,6.58,Reduce 5.61%,1418831,$244.64,"$347,103,000",,$300.92,23.01%,$124.42,$319.68,Seth Klarman - Baupost Group,1
≡,GOOG - Alphabet Inc. CL C,6.46,Reduce 41.49%,1087181,$313.80,"$341,157,000",,$302.82,-3.50%,$142.27,$350.15,Seth Klarman - Baupost Group,1
≡,FIS - Fidelity National Information Services,5.67,Add 18.84%,4503801,$66.46,"$299,323,000",,$47.52,-28.50%,$46.16,$81.76,Seth Klarman - Baupost Group,1
≡,DG - Dollar General,5.19,Reduce 22.65%,2062821,$132.77,"$273,881,000",,$149.68,12.74%,$68.50,$155.00,Seth Klarman - Baupost Group,1
≡,FERG - Ferguson Enterprises Inc.,4.8,Reduce 1.60%,1137035,$222.63,"$253,138,000",,$259.67,16.64%,$144.32,$271.64,Seth Klarman - Baupost Group,1
≡,EXP - Eagle Materials Inc.,4.64,Add 26.14%,1185248,$206.68,"$244,967,000",,$229.72,11.15%,$191.49,$257.67,Seth Klarman - Baupost Group,1
≡,LBTYK - Liberty Global Ltd CL C,4.37,Reduce 3.57%,20884781,$11.04,"$230,568,000",,$11.05,0.09%,$9.21,$12.58,Seth Klarman - Baupost Group,1
≡,GPC - Genuine Parts,3.46,Add 6.53%,1486088,$122.96,"$182,729,000",,$125.74,2.26%,$101.60,$151.57,Seth Klarman - Baupost Group,1
≡,FISV - Fiserv Inc.,2.8,Add 145.81%,2200000,$67.17,"$147,774,000",,$63.45,-5.54%,$57.79,$238.59,Seth Klarman - Baupost Group,1
≡,CRH - CRH plc,2.54,Reduce 68.29%,1072957,$124.80,"$133,905,000",,$122.02,-2.23%,$75.94,$131.55,Seth Klarman - Baupost Group,1
≡,HLF - Herbalife Nutrition Ltd.,2.26,Add 19.33%,9259844,$12.89,"$119,359,000",,$15.94,23.66%,$5.57,$17.93,Seth Klarman - Baupost Group,1
≡,MOH - Molina Healthcare Inc.,2.05,Buy,625000,$173.54,"$108,463,000",,$135.68,-21.82%,$121.06,$359.97,Seth Klarman - Baupost Group,1
≡,AERO - Grupo Aeromexico Sab De Cv,2.02,Buy,4855180,$21.96,"$106,620,000",,$19.62,-10.66%,$16.00,$23.05,Seth Klarman - Baupost Group,1
≡,GDS - GDS Holdings Ltd,2.01,Reduce 6.31%,3044818,$34.90,"$106,264,000",,$45.23,29.60%,$16.93,$52.50,Seth Klarman - Baupost Group,1
≡,COLD - Americold Realty Trust,0.85,Reduce 3.45%,3475685,$12.86,"$44,697,000",,$12.32,-4.20%,$9.93,$22.14,Seth Klarman - Baupost Group,1
≡,LBTYA - Liberty Global Ltd CL A,0.44,Reduce 59.02%,2080456,$11.14,"$23,176,000",,$11.16,0.18%,$9.03,$12.09,Seth Klarman - Baupost Group,1
≡,TBN - Tamboran Resources Corp,0.13,Reduce 54.94%,257226,$27.23,"$7,004,000",,$28.85,5.95%,$17.29,$31.90,Seth Klarman - Baupost Group,1
≡,LOAR - Loar Holdings Inc,38.41,,32050240,$68.00,"$2,179,416,000",,$63.77,-6.22%,$62.11,$99.67,David Abrams - Abrams Capital Management,1
≡,LAD - Lithia Motors Inc.,14.59,,2490534,$332.33,"$827,679,000",,$301.04,-9.42%,$260.64,$376.21,David Abrams - Abrams Capital Management,1
≡,GOOGL - Alphabet Inc.,10.57,Reduce 9.77%,1916630,$313.00,"$599,905,000",,$302.02,-3.51%,$140.14,$349.00,David Abrams - Abrams Capital Management,1
≡,SGI - Somnigroup International Inc.,9.13,Reduce 0.70%,5804136,$89.28,"$518,193,000",,$87.78,-1.68%,$52.78,$98.56,David Abrams - Abrams Capital Management,1
≡,ABG - Asbury Automotive Group Inc.,8.83,,2155492,$232.53,"$501,217,000",,$227.40,-2.21%,$201.68,$303.47,David Abrams - Abrams Capital Management,1
≡,CPNG - Coupang Inc.,5.41,,13017964,$23.59,"$307,094,000",,$17.43,-26.11%,$16.74,$34.08,David Abrams - Abrams Capital Management,1
≡,WTW - Willis Towers Watson plc,4.17,,720779,$328.60,"$236,848,000",,$295.50,-10.07%,$275.60,$351.81,David Abrams - Abrams Capital Management,1
≡,META - Meta Platforms Inc.,3.78,Reduce 17.63%,325155,$660.09,"$214,632,000",,$639.29,-3.15%,$478.72,$795.06,David Abrams - Abrams Capital Management,1
≡,UHAL.B - U Haul Holding Co Non Voting,2.68,,3251469,$46.74,"$151,974,000",,$46.56,-0.39%,$43.93,$67.11,David Abrams - Abrams Capital Management,1
≡,ET - Energy Transfer LP,1.78,Reduce 1.46%,6115417,$16.49,"$100,843,000",,$18.61,12.86%,$13.53,$19.00,David Abrams - Abrams Capital Management,1
≡,NUVB - Nuvation Bio Inc.,0.6,,3811513,$8.96,"$34,151,000",,$5.88,-34.38%,$1.54,$9.75,David Abrams - Abrams Capital Management,1
≡,UHAL - U-Haul Holding Co.,0.03,,36401,$50.41,"$1,835,000",,$50.25,-0.32%,$47.84,$75.19,David Abrams - Abrams Capital Management,1
≡,BRK.A - Berkshire Hathaway CL A,32.21,,86,$754802.33,"$64,913,000",,$754910.00,0.01%,$685150.00,$812855.00,Francis Chou - Chou Associates,1
≡,GOOG - Alphabet Inc. CL C,11.27,Reduce 12.14%,72390,$313.80,"$22,716,000",,$302.82,-3.50%,$142.27,$350.15,Francis Chou - Chou Associates,1
≡,SYF - Synchrony Financial,8.93,,215702,$83.43,"$17,996,000",,$72.31,-13.33%,$39.82,$88.41,Francis Chou - Chou Associates,1
≡,STLA - Stellantis N.V.,7.53,,1394194,$10.89,"$15,183,000",,$7.83,-28.10%,$7.03,$13.12,Francis Chou - Chou Associates,1
≡,OXY - Occidental Petroleum,6.39,,313000,$41.12,"$12,871,000",,$45.94,11.72%,$34.21,$51.45,Francis Chou - Chou Associates,1
≡,AAPL - Apple Inc.,5.93,,44000,$271.86,"$11,962,000",,$263.88,-2.94%,$168.48,$288.35,Francis Chou - Chou Associates,1
≡,ALLY - Ally Financial Inc.,5.07,,225525,$45.29,"$10,214,000",,$41.29,-8.83%,$28.59,$46.93,Francis Chou - Chou Associates,1
≡,SIRI - SiriusXM Holdings Inc,4.06,Reduce 41.69%,409589,$20.00,"$8,190,000",,$21.02,5.10%,$17.77,$26.06,Francis Chou - Chou Associates,1
≡,BABA - Alibaba Group Holdings,3.05,,41900,$146.59,"$6,142,000",,$155.43,6.03%,$94.15,$192.67,Francis Chou - Chou Associates,1
≡,WFC - Wells Fargo,2.75,,59542,$93.19,"$5,549,000",,$87.40,-6.21%,$57.18,$97.28,Francis Chou - Chou Associates,1
≡,GM - General Motors,2.1,,52000,$81.33,"$4,229,000",,$81.22,-0.14%,$41.28,$87.62,Francis Chou - Chou Associates,1
≡,C - Citigroup Inc.,1.89,Reduce 43.33%,32695,$116.68,"$3,815,000",,$113.78,-2.49%,$54.10,$125.16,Francis Chou - Chou Associates,1
≡,BAC - Bank of America Corp.,1.36,,50000,$55.00,"$2,750,000",,$52.74,-4.11%,$32.52,$57.55,Francis Chou - Chou Associates,1
≡,POOL - Pool Corp.,1.21,,10636,$228.75,"$2,433,000",,$255.46,11.68%,$226.10,$368.69,Francis Chou - Chou Associates,1
≡,PYPL - PayPal Holdings Inc.,1.19,,41000,$58.39,"$2,394,000",,$40.81,-30.11%,$38.46,$79.32,Francis Chou - Chou Associates,1
≡,MBI - MBIA Inc.,1.14,,321000,$7.16,"$2,298,000",,$5.96,-16.76%,$3.86,$8.26,Francis Chou - Chou Associates,1
≡,CASH - Meta Financial Group Inc.,0.97,,27389,$71.01,"$1,945,000",,$93.37,31.49%,$64.32,$95.10,Francis Chou - Chou Associates,1
≡,AGO - Assured Guaranty Ltd.,0.49,,10990,$89.90,"$988,000",,$87.63,-2.53%,$73.21,$92.40,Francis Chou - Chou Associates,1
≡,CYD - China Yuchai Intl Ltd.,0.41,,23364,$35.48,"$829,000",,$54.37,53.24%,$11.97,$55.00,Francis Chou - Chou Associates,1
≡,MEOH - Methanex Corp.,0.39,,20000,$39.65,"$793,000",,$47.81,20.58%,$25.09,$51.94,Francis Chou - Chou Associates,1
≡,MCO - Moody's Corp.,0.38,Reduce 74.57%,1500,$510.67,"$766,000",,$423.22,-17.12%,$376.55,$546.88,Francis Chou - Chou Associates,1
≡,JEF - Jefferies Financial Group Inc.,0.34,,10987,$61.98,"$681,000",,$51.98,-16.13%,$38.16,$70.00,Francis Chou - Chou Associates,1
≡,MGA - Magna International Inc.,0.26,,10000,$53.30,"$533,000",,$66.82,25.37%,$29.37,$69.94,Francis Chou - Chou Associates,1
≡,LPX - Louisiana-Pacific Corp.,0.24,,5886,$80.70,"$475,000",,$88.86,10.11%,$73.42,$111.74,Francis Chou - Chou Associates,1
≡,IMO - Imperial Oil Ltd.,0.21,,5000,$86.40,"$432,000",,$117.42,35.90%,$57.68,$120.57,Francis Chou - Chou Associates,1
≡,RYAAY - Ryanair Holdings PLC,0.21,,5937,$72.26,"$429,000",,$66.68,-7.72%,$37.93,$73.75,Francis Chou - Chou Associates,1
≡,VTS - Vitesse Energy Inc.,0.01,,1293,$19.33,"$25,000",,$21.59,11.69%,$17.58,$25.85,Francis Chou - Chou Associates,1
≡,HTZWW - Hertz Global Hldgs Inc. WTS,0.0,,1000,$3.00,"$3,000",,$2.52,-16.00%,$0.90,$4.99,Francis Chou - Chou Associates,1
≡,BRK.B - Berkshire Hathaway CL B,8.48,Reduce 0.91%,505984,$502.65,"$254,333,000",,$503.41,0.15%,$455.19,$542.07,Francois Rochon - Giverny Capital,1
≡,META - Meta Platforms Inc.,6.9,Add 0.53%,313449,$660.09,"$206,905,000",,$639.29,-3.15%,$478.72,$795.06,Francois Rochon - Giverny Capital,1
≡,AME - Ametek Inc.,6.71,Reduce 1.73%,979458,$205.31,"$201,093,000",,$233.33,13.65%,$144.31,$239.94,Francois Rochon - Giverny Capital,1
≡,GOOG - Alphabet Inc. CL C,6.69,Add 0.20%,639507,$313.80,"$200,677,000",,$302.82,-3.50%,$142.27,$350.15,Francois Rochon - Giverny Capital,1
≡,HEI.A - HEICO Corp. CL A,6.35,Add 0.67%,754532,$252.43,"$190,467,000",,$254.25,0.72%,$174.66,$279.66,Francois Rochon - Giverny Capital,1
≡,SCHW - Charles Schwab Corp.,5.28,Add 0.63%,1585661,$99.91,"$158,423,000",,$93.08,-6.84%,$65.08,$107.14,Francois Rochon - Giverny Capital,1
≡,MEDP - Medpace Holdings Inc.,4.93,Add 0.58%,263320,$561.65,"$147,894,000",,$428.18,-23.76%,$250.05,$628.92,Francois Rochon - Giverny Capital,1
≡,V - Visa Inc.,4.77,Add 0.45%,407345,$350.71,"$142,860,000",,$319.50,-8.90%,$296.78,$373.34,Francois Rochon - Giverny Capital,1
≡,IBP - Installed Building Products,4.49,Add 0.87%,519236,$259.39,"$134,685,000",,$336.40,29.69%,$150.09,$349.00,Francois Rochon - Giverny Capital,1
≡,PGR - Progressive Corp.,4.08,Add 0.55%,536832,$227.72,"$122,247,000",,$207.90,-8.70%,$187.97,$275.18,Francois Rochon - Giverny Capital,1
≡,FIVE - Five Below Inc.,4.01,Add 0.10%,637747,$188.36,"$120,126,000",,$212.48,12.81%,$52.38,$212.84,Francois Rochon - Giverny Capital,1
≡,BKNG - Booking Holdings Inc.,3.83,Add 0.48%,21445,$5355.33,"$114,845,000",,$4140.15,-22.69%,$4020.54,$5818.25,Francois Rochon - Giverny Capital,1
≡,GOOGL - Alphabet Inc.,3.77,Add 0.63%,361398,$313.00,"$113,118,000",,$302.02,-3.51%,$140.14,$349.00,Francois Rochon - Giverny Capital,1
≡,NVR - NVR Inc.,3.43,Add 0.26%,14112,$7292.80,"$102,916,000",,$7421.00,1.76%,$6562.85,$8618.28,Francois Rochon - Giverny Capital,1
≡,MKL - Markel Group Inc.,3.15,Add 0.34%,43978,$2149.64,"$94,537,000",,$2084.46,-3.03%,$1621.89,$2207.59,Francois Rochon - Giverny Capital,1
≡,KNSL - Kinsale Capital Group Inc.,2.8,Add 12.50%,214264,$391.12,"$83,803,000",,$376.65,-3.70%,$341.06,$512.34,Francois Rochon - Giverny Capital,1
≡,KEYS - Keysight Technologies Inc.,2.26,Add 0.04%,334046,$203.19,"$67,875,000",,$234.39,15.36%,$121.43,$242.62,Francois Rochon - Giverny Capital,1
≡,DIS - Walt Disney Co.,2.07,Add 109.07%,544419,$113.77,"$61,939,000",,$105.44,-7.32%,$79.22,$123.85,Francois Rochon - Giverny Capital,1
≡,BRO - Brown & Brown Inc.,2.05,Add 139.73%,772520,$79.70,"$61,570,000",,$68.83,-13.64%,$65.68,$124.76,Francois Rochon - Giverny Capital,1
≡,OZK - Bank OZK,1.94,Add 0.16%,1264042,$46.02,"$58,171,000",,$49.51,7.58%,$34.36,$52.67,Francois Rochon - Giverny Capital,1
≡,RMD - ResMed Inc.,1.89,Reduce 0.01%,235388,$240.87,"$56,698,000",,$255.82,6.21%,$198.14,$292.44,Francois Rochon - Giverny Capital,1
≡,ANET - Arista Networks Inc.,1.83,Add 1.64%,419158,$131.03,"$54,922,000",,$142.58,8.81%,$59.43,$164.94,Francois Rochon - Giverny Capital,1
≡,ADI - Analog Devices,1.6,Add 0.16%,176747,$271.20,"$47,934,000",,$337.51,24.45%,$156.76,$343.96,Francois Rochon - Giverny Capital,1
≡,BFAM - Bright Horizons Family Solutions Inc.,1.39,Buy,410196,$101.40,"$41,594,000",,$67.94,-33.00%,$63.68,$132.99,Francois Rochon - Giverny Capital,1
≡,LULU - Lululemon Athletica Inc.,1.0,Add 0.16%,144237,$207.81,"$29,974,000",,$177.72,-14.48%,$159.25,$374.41,Francois Rochon - Giverny Capital,1
≡,LFUS - Littelfuse Inc.,0.69,Add 0.40%,81585,$252.91,"$20,634,000",,$349.74,38.29%,$140.76,$367.35,Francois Rochon - Giverny Capital,1
≡,JPM - JPMorgan Chase & Co.,0.56,Add 2.23%,51838,$322.22,"$16,703,000",,$307.13,-4.68%,$199.32,$335.87,Francois Rochon - Giverny Capital,1
≡,MA - Mastercard Inc.,0.55,Add 3.73%,28759,$570.88,"$16,418,000",,$521.93,-8.57%,$462.92,$600.08,Francois Rochon - Giverny Capital,1
≡,FND - Floor & Decor Holdings,0.48,Reduce 0.12%,235876,$60.89,"$14,362,000",,$69.25,13.73%,$55.11,$103.87,Francois Rochon - Giverny Capital,1
≡,TWFG - Twfg Inc,0.32,Add 10.39%,331511,$28.77,"$9,538,000",,$18.25,-36.57%,$17.70,$36.85,Francois Rochon - Giverny Capital,1
≡,BLDR - Builders FirstSource Inc.,0.31,Add 3.32%,89984,$102.88,"$9,258,000",,$114.63,11.42%,$94.35,$153.91,Francois Rochon - Giverny Capital,1
≡,BRK.A - Berkshire Hathaway CL A,0.28,,11,$754818.18,"$8,303,000",,$754910.00,0.01%,$685150.00,$812855.00,Francois Rochon - Giverny Capital,1
≡,FERG - Ferguson Enterprises Inc.,0.27,Add 2.45%,36374,$222.63,"$8,098,000",,$259.67,16.64%,$144.32,$271.64,Francois Rochon - Giverny Capital,1
≡,TSM - Taiwan Semiconductor S.A.,0.16,Add 96.85%,16069,$301.01,"$4,837,000",,$364.20,20.99%,$133.00,$380.00,Francois Rochon - Giverny Capital,1
≡,AAPL - Apple Inc.,0.15,Reduce 2.12%,16518,$271.89,"$4,491,000",,$263.88,-2.95%,$168.48,$288.35,Francois Rochon - Giverny Capital,1
≡,COF - Capital One Financial,0.07,Reduce 0.01%,8274,$242.33,"$2,005,000",,$206.74,-14.69%,$141.84,$259.64,Francois Rochon - Giverny Capital,1
≡,SPY - SPDR S&P 500 ETF Trust,0.06,,2474,$681.89,"$1,687,000",,$682.85,0.14%,$477.64,$697.84,Francois Rochon - Giverny Capital,1
≡,YUMC - Yum China Holdings Inc.,0.06,,36036,$47.73,"$1,720,000",,$54.92,15.06%,$40.35,$58.39,Francois Rochon - Giverny Capital,1
≡,GLD - SPDR Gold Trust,0.05,,3876,$396.28,"$1,536,000",,$448.20,13.10%,$261.25,$509.70,Francois Rochon - Giverny Capital,1
≡,MTB - M&T Bank Corp.,0.05,,7540,$201.46,"$1,519,000",,$228.36,13.35%,$147.35,$239.00,Francois Rochon - Giverny Capital,1
≡,BIRK - Birkenstock Holding Plc,0.04,,27392,$40.89,"$1,120,000",,$41.22,0.81%,$36.45,$59.50,Francois Rochon - Giverny Capital,1
≡,CPRT - Copart Inc.,0.04,,27484,$39.15,"$1,076,000",,$37.52,-4.16%,$36.52,$63.85,Francois Rochon - Giverny Capital,1
≡,ITB - Ishares U.S. Home Constructi,0.04,Add 1.19%,11698,$96.34,"$1,127,000",,$112.40,16.67%,$81.88,$117.66,Francois Rochon - Giverny Capital,1
≡,MSFT - Microsoft Corp.,0.03,Add 0.06%,1704,$483.57,"$824,000",,$396.86,-17.93%,$342.95,$553.50,Francois Rochon - Giverny Capital,1
≡,ODFL - Old Dominion Freight Line,0.03,,5255,$156.80,"$824,000",,$193.32,23.29%,$125.76,$208.74,Francois Rochon - Giverny Capital,1
≡,DFH - Dream Finders Homes Inc A,0.02,,32202,$17.11,"$551,000",,$20.99,22.68%,$16.59,$31.50,Francois Rochon - Giverny Capital,1
≡,NVO - Novo Nordisk A S,0.02,,12400,$50.89,"$631,000",,$49.37,-2.99%,$43.08,$91.22,Francois Rochon - Giverny Capital,1
≡,SITE - SiteOne Landscape Supply Inc.,0.02,,3753,$124.43,"$467,000",,$153.53,23.39%,$101.25,$168.56,Francois Rochon - Giverny Capital,1
≡,COST - Costco Co.,0.01,,240,$862.50,"$207,000",,$1012.05,17.34%,$842.91,$1065.16,Francois Rochon - Giverny Capital,1
≡,ISRG - Intuitive Surgical Inc.,0.01,Buy,405,$565.43,"$229,000",,$493.35,-12.75%,$425.00,$609.08,Francois Rochon - Giverny Capital,1
≡,CCL - Carnival Corp.,14.32,Add 6.37%,33944782,$30.54,"$1,036,674,000",,$32.68,7.01%,$15.00,$34.03,Sarah Ketterer - Causeway Capital Management,1
≡,CP - Canadian Pacific Kansas City,12.82,Reduce 6.85%,12596802,$73.71,"$928,557,000",,$83.88,13.80%,$66.06,$85.15,Sarah Ketterer - Causeway Capital Management,1
≡,SW - Smurfit Westrock Plc,10.22,Add 154.33%,19132879,$38.67,"$739,868,000",,$50.82,31.42%,$32.44,$53.29,Sarah Ketterer - Causeway Capital Management,1
≡,DB - Deutsche Bank AG,7.62,Reduce 19.44%,14194354,$38.87,"$551,671,000",,$35.94,-7.54%,$18.38,$40.43,Sarah Ketterer - Causeway Capital Management,1
≡,B - Barrick Mining Corp.,3.65,Reduce 61.17%,6093395,$43.41,"$264,487,000",,$46.65,7.46%,$16.74,$54.69,Sarah Ketterer - Causeway Capital Management,1
≡,BABA - Alibaba Group Holdings,2.44,Reduce 2.31%,1203049,$146.58,"$176,343,000",,$155.43,6.04%,$94.15,$192.67,Sarah Ketterer - Causeway Capital Management,1
≡,TSM - Taiwan Semiconductor S.A.,2.15,Add 0.78%,511720,$303.89,"$155,506,000",,$364.20,19.85%,$133.00,$380.00,Sarah Ketterer - Causeway Capital Management,1
≡,CTSH - Cognizant Technology Solutions,1.78,Add 14.97%,1552361,$83.00,"$128,846,000",,$65.18,-21.47%,$64.28,$88.42,Sarah Ketterer - Causeway Capital Management,1
≡,GOOG - Alphabet Inc. CL C,1.6,Reduce 41.47%,370001,$313.80,"$116,106,000",,$302.82,-3.50%,$142.27,$350.15,Sarah Ketterer - Causeway Capital Management,1
≡,MRK - Merck & Co.,1.52,Reduce 7.89%,1044617,$105.26,"$109,956,000",,$121.57,15.49%,$71.26,$123.33,Sarah Ketterer - Causeway Capital Management,1
≡,CARR - Carrier Global Corp.,1.35,Add 26.07%,1848827,$52.84,"$97,692,000",,$66.43,25.72%,$50.03,$80.43,Sarah Ketterer - Causeway Capital Management,1
≡,G - Genpact Ltd.,1.35,Add 10.95%,2084209,$46.78,"$97,499,000",,$37.73,-19.35%,$34.79,$54.67,Sarah Ketterer - Causeway Capital Management,1
≡,BCS - Barclays plc ADR,1.32,Reduce 13.84%,3750607,$25.45,"$95,453,000",,$25.96,2.00%,$12.04,$27.70,Sarah Ketterer - Causeway Capital Management,1
≡,AZN - AstraZeneca PLC,1.28,Reduce 5.29%,505449,$183.86,"$92,932,000",,$209.48,13.93%,$92.46,$211.27,Sarah Ketterer - Causeway Capital Management,1
≡,BIIB - Biogen Inc.,1.27,Reduce 8.18%,521101,$175.99,"$91,709,000",,$195.62,11.15%,$110.04,$202.41,Sarah Ketterer - Causeway Capital Management,1
≡,C - Citigroup Inc.,1.12,Reduce 30.12%,697445,$116.69,"$81,385,000",,$113.78,-2.49%,$54.10,$125.16,Sarah Ketterer - Causeway Capital Management,1
≡,EG - Everest Group Ltd,1.12,Add 35.79%,238558,$339.35,"$80,955,000",,$346.03,1.97%,$300.51,$365.94,Sarah Ketterer - Causeway Capital Management,1
≡,AXS - Axis Capital Holdings Ltd.,1.07,Reduce 13.82%,721221,$107.09,"$77,236,000",,$104.35,-2.56%,$83.72,$109.89,Sarah Ketterer - Causeway Capital Management,1
≡,META - Meta Platforms Inc.,1.01,Add 27.00%,110385,$660.09,"$72,864,000",,$639.29,-3.15%,$478.72,$795.06,Sarah Ketterer - Causeway Capital Management,1
≡,ALK - Alaska Air Group,1.0,Buy,1434517,$50.30,"$72,156,000",,$57.08,13.48%,$37.63,$78.08,Sarah Ketterer - Causeway Capital Management,1
≡,ADI - Analog Devices,0.99,Reduce 12.98%,263030,$271.20,"$71,334,000",,$337.51,24.45%,$156.76,$343.96,Sarah Ketterer - Causeway Capital Management,1
≡,GFI - Gold Fields Ltd.,0.98,Add 5.06%,1621076,$43.66,"$70,776,000",,$51.47,17.89%,$17.13,$61.64,Sarah Ketterer - Causeway Capital Management,1
≡,BAP - Credicorp Ltd.,0.96,Add 12.24%,242024,$287.00,"$69,461,000",,$333.18,16.09%,$156.69,$380.20,Sarah Ketterer - Causeway Capital Management,1
≡,GPK - Graphic Packaging Hldg Co.,0.94,Add 74.07%,4528554,$15.06,"$68,200,000",,$12.37,-17.86%,$11.83,$27.58,Sarah Ketterer - Causeway Capital Management,1
≡,ZBH - Zimmer Biomet Holdings,0.9,Add 25.22%,728498,$89.92,"$65,507,000",,$97.15,8.04%,$84.59,$113.56,Sarah Ketterer - Causeway Capital Management,1
≡,LYV - Live Nation Inc.,0.88,Add 92.39%,447113,$142.50,"$63,714,000",,$157.53,10.55%,$112.88,$175.25,Sarah Ketterer - Causeway Capital Management,1
≡,DIS - Walt Disney Co.,0.86,Reduce 8.37%,546064,$113.77,"$62,126,000",,$105.44,-7.32%,$79.22,$123.85,Sarah Ketterer - Causeway Capital Management,1
≡,SAP - SAP SE,0.84,Add 29.42%,250748,$242.91,"$60,909,000",,$201.47,-17.06%,$189.22,$313.28,Sarah Ketterer - Causeway Capital Management,1
≡,CFG - Citizens Financial Group Inc.,0.82,Reduce 6.96%,1014186,$58.41,"$59,239,000",,$64.39,10.24%,$31.45,$68.79,Sarah Ketterer - Causeway Capital Management,1
≡,PHG - Koninklijke Philips Electronics NV,0.82,Add 12.28%,2198531,$27.08,"$59,536,000",,$31.22,15.29%,$20.61,$33.44,Sarah Ketterer - Causeway Capital Management,1
≡,BP - BP plc,0.79,Add 3.62%,1640680,$34.73,"$56,981,000",,$37.56,8.15%,$24.13,$39.51,Sarah Ketterer - Causeway Capital Management,1
≡,NGG - National Grid Plc Sp ADR,0.76,Add 5.71%,709485,$77.35,"$54,879,000",,$92.42,19.48%,$56.86,$93.17,Sarah Ketterer - Causeway Capital Management,1
≡,WHR - Whirlpool Corp.,0.76,Add 23.37%,761228,$72.14,"$54,915,000",,$87.22,20.90%,$64.51,$109.47,Sarah Ketterer - Causeway Capital Management,1
≡,JOYY - JOYY Inc.,0.73,Add 2.85%,812601,$64.76,"$52,624,000",,$61.05,-5.73%,$34.90,$70.96,Sarah Ketterer - Causeway Capital Management,1
≡,PFE - Pfizer Inc.,0.72,Add 0.95%,2091719,$24.90,"$52,084,000",,$27.37,9.92%,$19.50,$27.94,Sarah Ketterer - Causeway Capital Management,1
≡,SNY - Sanofi Aventis,0.71,Add 8.64%,1063958,$48.46,"$51,559,000",,$46.43,-4.19%,$44.62,$57.56,Sarah Ketterer - Causeway Capital Management,1
≡,APTV - Aptiv PLC,0.7,Reduce 7.50%,668620,$76.09,"$50,875,000",,$82.77,8.78%,$47.19,$88.93,Sarah Ketterer - Causeway Capital Management,1
≡,NVO - Novo Nordisk A S,0.7,Add 42.80%,993850,$50.88,"$50,567,000",,$49.37,-2.97%,$43.08,$91.22,Sarah Ketterer - Causeway Capital Management,1
≡,RELX - RELX plc,0.66,Add 64.47%,1189379,$40.42,"$48,075,000",,$30.45,-24.67%,$27.57,$56.03,Sarah Ketterer - Causeway Capital Management,1
≡,IR - Ingersoll Rand Inc.,0.65,Add 7.29%,596771,$79.22,"$47,276,000",,$98.76,24.67%,$65.56,$100.96,Sarah Ketterer - Causeway Capital Management,1
≡,PUK - Prudential Plc ADR,0.65,Add 2.27%,1508912,$31.12,"$46,957,000",,$30.31,-2.60%,$17.35,$34.03,Sarah Ketterer - Causeway Capital Management,1
≡,BUD - Anheuser-Busch InBev,0.62,Add 15.03%,701343,$64.04,"$44,914,000",,$79.29,23.81%,$51.43,$81.56,Sarah Ketterer - Causeway Capital Management,1
≡,INFY - Infosys Ltd.,0.61,Add 774.28%,2482318,$17.82,"$44,235,000",,$14.75,-17.23%,$14.19,$30.00,Sarah Ketterer - Causeway Capital Management,1
≡,DEO - Diageo ADR,0.58,Add 3.95%,485288,$86.27,"$41,866,000",,$96.45,11.80%,$84.52,$113.71,Sarah Ketterer - Causeway Capital Management,1
≡,PDD - Pinduoduo Inc.,0.58,Add 19.89%,371241,$113.39,"$42,095,000",,$101.83,-10.19%,$87.11,$139.41,Sarah Ketterer - Causeway Capital Management,1
≡,PAGS - PagSeguro Digital Ltd.,0.54,Add 3.94%,4045457,$9.64,"$38,998,000",,$10.29,6.74%,$6.35,$12.32,Sarah Ketterer - Causeway Capital Management,1
≡,AU - AngloGold Ashanti Ltd.,0.52,Add 118.76%,434260,$86.49,"$37,559,000",,$106.17,22.75%,$27.08,$115.81,Sarah Ketterer - Causeway Capital Management,1
≡,BA - Boeing Co.,0.46,Buy,151928,$217.12,"$32,987,000",,$244.04,12.40%,$128.88,$254.35,Sarah Ketterer - Causeway Capital Management,1
≡,BAH - Booz Allen Hamilton Hldg Corp.,0.46,Buy,396332,$84.36,"$33,435,000",,$76.42,-9.41%,$76.25,$127.73,Sarah Ketterer - Causeway Capital Management,1
≡,SMIN - Ishares Msci India Small Cap,0.44,Add 24.88%,458977,$69.91,"$32,087,000",,$68.05,-2.66%,$60.30,$76.96,Sarah Ketterer - Causeway Capital Management,1
≡,SHG - Shinhan Financial Group Company,0.43,Add 2.44%,579796,$53.63,"$31,094,000",,$69.24,29.11%,$28.18,$73.40,Sarah Ketterer - Causeway Capital Management,1
≡,WB - Weibo Corp.,0.42,Add 1.35%,2992234,$10.22,"$30,581,000",,$9.95,-2.64%,$6.86,$12.96,Sarah Ketterer - Causeway Capital Management,1
≡,TME - Tencent Music Entertainment Grp,0.41,Reduce 26.15%,1689576,$17.53,"$29,618,000",,$15.33,-12.55%,$11.71,$26.70,Sarah Ketterer - Causeway Capital Management,1
≡,ALLY - Ally Financial Inc.,0.38,Reduce 5.55%,600850,$45.29,"$27,212,000",,$41.29,-8.83%,$28.59,$46.93,Sarah Ketterer - Causeway Capital Management,1
≡,BTI - British American Tobacco plc,0.38,Add 5.33%,483138,$56.62,"$27,355,000",,$58.91,4.04%,$35.00,$63.03,Sarah Ketterer - Causeway Capital Management,1
≡,ING - ING Group NV,0.38,Reduce 38.56%,982006,$28.00,"$27,496,000",,$29.03,3.68%,$15.42,$31.18,Sarah Ketterer - Causeway Capital Management,1
≡,NWG - NatWest Group Plc,0.38,Add 10.54%,1587264,$17.50,"$27,777,000",,$16.74,-4.34%,$10.21,$19.36,Sarah Ketterer - Causeway Capital Management,1
≡,VEA - Vanguard FTSE Developed ETF,0.36,Reduce 17.13%,421392,$62.47,"$26,324,000",,$68.58,9.78%,$43.83,$69.40,Sarah Ketterer - Causeway Capital Management,1
≡,ZIM - Zim Integrated Shipping Serv,0.36,Add 12.04%,1213006,$21.23,"$25,752,000",,$27.85,31.18%,$10.36,$29.97,Sarah Ketterer - Causeway Capital Management,1
≡,QFIN - Qifu Technology Inc.,0.35,Add 1.19%,1306636,$19.27,"$25,179,000",,$15.73,-18.37%,$14.79,$46.77,Sarah Ketterer - Causeway Capital Management,1
≡,SMFG - Sumitomo Mitsui Spons ADR,0.31,Add 46.99%,1177274,$19.33,"$22,757,000",,$22.91,18.52%,$11.83,$24.34,Sarah Ketterer - Causeway Capital Management,1
≡,CLS - Celestica Inc,0.3,Reduce 27.19%,73302,$296.20,"$21,712,000",,$286.66,-3.22%,$58.05,$363.40,Sarah Ketterer - Causeway Capital Management,1
≡,INDA - iShares MSCI India ETF,0.29,Reduce 63.36%,386205,$54.05,"$20,874,000",,$53.27,-1.44%,$47.60,$56.01,Sarah Ketterer - Causeway Capital Management,1
≡,JLL - Jones Lang Lasalle Inc.,0.28,Reduce 37.22%,59456,$336.47,"$20,005,000",,$286.83,-14.75%,$194.36,$363.06,Sarah Ketterer - Causeway Capital Management,1
≡,SNN - Smith & Nephew plc,0.27,Add 5.46%,603812,$32.81,"$19,811,000",,$35.72,8.87%,$23.71,$38.47,Sarah Ketterer - Causeway Capital Management,1
≡,VIPS - Vipshop Holdings Ltd,0.27,Add 1.19%,1089598,$17.69,"$19,275,000",,$17.59,-0.57%,$12.02,$21.08,Sarah Ketterer - Causeway Capital Management,1
≡,BXP - BXP Inc.,0.25,Reduce 6.67%,272049,$67.48,"$18,358,000",,$60.66,-10.11%,$52.41,$77.80,Sarah Ketterer - Causeway Capital Management,1
≡,CGAU - Centerra Gold Inc,0.25,Add 44.76%,1249789,$14.42,"$18,016,000",,$18.41,27.67%,$5.31,$20.40,Sarah Ketterer - Causeway Capital Management,1
≡,MT - ArcelorMittal,0.24,Reduce 34.42%,384849,$45.57,"$17,538,000",,$64.25,40.99%,$22.83,$66.97,Sarah Ketterer - Causeway Capital Management,1
≡,HDB - HDFC Bank Ltd.,0.21,Add 9.63%,422279,$36.54,"$15,430,000",,$32.81,-10.21%,$28.87,$39.32,Sarah Ketterer - Causeway Capital Management,1
≡,FINV - Finvolution Group ADR,0.2,Reduce 2.57%,2761927,$5.23,"$14,445,000",,$5.79,10.71%,$4.70,$10.90,Sarah Ketterer - Causeway Capital Management,1
≡,IBN - ICICI Bank Ltd.,0.2,Add 7.29%,477060,$29.80,"$14,216,000",,$30.93,3.79%,$27.25,$34.30,Sarah Ketterer - Causeway Capital Management,1
≡,EWT - Ishares Msci Taiwan ETF,0.17,Add 1614.78%,190341,$63.53,"$12,092,000",,$72.89,14.73%,$37.71,$73.88,Sarah Ketterer - Causeway Capital Management,1
≡,TIGO - Millicom Intl Cellular S.a.,0.17,Add 468.29%,215950,$55.44,"$11,972,000",,$66.20,19.41%,$23.00,$68.93,Sarah Ketterer - Causeway Capital Management,1
≡,VALE - Vale SA,0.16,Buy,904000,$13.03,"$11,779,000",,$15.90,22.03%,$7.53,$17.72,Sarah Ketterer - Causeway Capital Management,1
≡,EWY - iShares MSCI South Korea ETF,0.15,Reduce 50.07%,110800,$97.22,"$10,772,000",,$130.68,34.42%,$47.42,$134.32,Sarah Ketterer - Causeway Capital Management,1
≡,VSS - Vanguard FTSE All Wo X Us Sc,0.14,Reduce 19.17%,72930,$143.33,"$10,453,000",,$156.64,9.29%,$99.27,$158.46,Sarah Ketterer - Causeway Capital Management,1
≡,FSM - Fortuna Mining Corp.,0.12,Add 645.36%,863628,$9.81,"$8,474,000",,$10.35,5.50%,$4.13,$12.54,Sarah Ketterer - Causeway Capital Management,1
≡,EFA - iShares MSCI EAFE ETF,0.11,Reduce 98.33%,83004,$96.03,"$7,971,000",,$104.22,8.53%,$69.65,$105.24,Sarah Ketterer - Causeway Capital Management,1
≡,MMYT - MakeMyTrip Ltd,0.08,Reduce 17.20%,68159,$82.12,"$5,597,000",,$56.74,-30.91%,$53.09,$113.85,Sarah Ketterer - Causeway Capital Management,1
≡,MOMO - Hello Group Inc Spn ADR,0.08,Reduce 68.17%,889397,$6.55,"$5,826,000",,$6.51,-0.61%,$5.05,$9.22,Sarah Ketterer - Causeway Capital Management,1
≡,VWO - Vanguard FTSE Emerging Marke,0.04,Buy,60561,$53.76,"$3,256,000",,$57.79,7.50%,$38.46,$58.61,Sarah Ketterer - Causeway Capital Management,1
≡,URTH - iShares MSCI World ETF,0.03,Add 72.83%,10631,$185.78,"$1,975,000",,$189.46,1.98%,$130.85,$192.84,Sarah Ketterer - Causeway Capital Management,1
≡,ACWI - iShares MSCI ACWI ETF,0.02,Add 16.00%,10935,$141.47,"$1,547,000",,$146.00,3.20%,$99.60,$148.41,Sarah Ketterer - Causeway Capital Management,1
≡,EFXT - Enerflex Ltd,0.02,Buy,73432,$15.44,"$1,134,000",,$19.02,23.19%,$6.12,$19.65,Sarah Ketterer - Causeway Capital Management,1
≡,EZA - Ishares Msci South Africa Et,0.02,Buy,22500,$68.80,"$1,548,000",,$74.71,8.59%,$37.24,$81.19,Sarah Ketterer - Causeway Capital Management,1
≡,GRP.U - Granite Real Estate Investme,0.02,,23700,$59.62,"$1,413,000",,$59.31,-0.52%,$37.06,$60.16,Sarah Ketterer - Causeway Capital Management,1
≡,GSK - GSK plc,0.02,Reduce 97.12%,33897,$49.03,"$1,662,000",,$60.87,24.15%,$31.38,$61.03,Sarah Ketterer - Causeway Capital Management,1
≡,WIT - Wipro Ltd ADR,0.02,Reduce 0.51%,473301,$2.84,"$1,344,000",,$2.29,-19.37%,$2.26,$3.53,Sarah Ketterer - Causeway Capital Management,1
≡,ASHR - Xtrackers Harvest Csi 300 Ch,0.01,Buy,28800,$32.85,"$946,000",,$33.86,3.07%,$22.73,$34.35,Sarah Ketterer - Causeway Capital Management,1
≡,BTG - B2Gold Corp.,0.01,,94491,$4.51,"$426,000",,$5.25,16.41%,$2.49,$5.91,Sarah Ketterer - Causeway Capital Management,1
≡,EWZ - Ishares Msci Brazil ETF,0.01,Buy,13800,$31.74,"$438,000",,$37.74,18.90%,$21.86,$39.45,Sarah Ketterer - Causeway Capital Management,1
≡,INMD - Inmode Ltd,0.01,Buy,71829,$14.69,"$1,055,000",,$14.48,-1.43%,$13.14,$19.78,Sarah Ketterer - Causeway Capital Management,1
≡,ITRN - Ituran Location & Control Ltd.,0.01,,20439,$43.01,"$879,000",,$47.70,10.90%,$28.88,$48.13,Sarah Ketterer - Causeway Capital Management,1
≡,MSFT - Microsoft Corp.,0.01,Add 2.66%,965,$483.94,"$467,000",,$396.86,-17.99%,$342.95,$553.50,Sarah Ketterer - Causeway Capital Management,1
≡,NVDA - NVIDIA Corp.,0.01,Reduce 1.24%,3758,$186.54,"$701,000",,$184.97,-0.84%,$86.60,$212.18,Sarah Ketterer - Causeway Capital Management,1
≡,VEU - Vanguard FTSE All World ex US ETF,0.01,Add 49.94%,14484,$73.53,"$1,065,000",,$80.34,9.26%,$52.10,$81.31,Sarah Ketterer - Causeway Capital Management,1
≡,AAPL - Apple Inc.,0.0,Reduce 3.13%,898,$271.71,"$244,000",,$263.88,-2.88%,$168.48,$288.35,Sarah Ketterer - Causeway Capital Management,1
≡,AVGO - Broadcom Inc.,0.0,Buy,827,$345.83,"$286,000",,$332.54,-3.84%,$137.28,$413.82,Sarah Ketterer - Causeway Capital Management,1
≡,FIX - Comfort Systems USA Inc.,0.0,Buy,243,$934.16,"$227,000",,$1337.75,43.20%,$275.80,$1399.00,Sarah Ketterer - Causeway Capital Management,1
≡,INN - Summit Hotel Properties Inc.,0.0,,14838,$4.85,"$72,000",,$4.47,-7.84%,$3.35,$6.27,Sarah Ketterer - Causeway Capital Management,1
≡,JBS - Jbs Nv A,0.0,Reduce 20.17%,20994,$14.43,"$303,000",,$16.13,11.78%,$12.37,$17.80,Sarah Ketterer - Causeway Capital Management,1
≡,KEP - Korea Elec Power Corp Sp ADR,0.0,Reduce 12.15%,11202,$16.51,"$185,000",,$21.85,32.34%,$7.08,$23.41,Sarah Ketterer - Causeway Capital Management,1
≡,NVS - Novartis AG,0.0,Reduce 5.79%,1935,$137.98,"$267,000",,$166.17,20.43%,$97.72,$167.29,Sarah Ketterer - Causeway Capital Management,1
≡,PBYI - Puma Biotechnology Inc.,0.0,Reduce 5.57%,13310,$5.94,"$79,000",,$6.75,13.64%,$2.58,$7.29,Sarah Ketterer - Causeway Capital Management,1
≡,PDS - Precision Drilling Corp.,0.0,Buy,3291,$71.71,"$236,000",,$87.12,21.49%,$36.20,$91.99,Sarah Ketterer - Causeway Capital Management,1
≡,RNR - RenaissanceRe Holdings Ltd.,0.0,Buy,712,$280.90,"$200,000",,$307.13,9.34%,$217.97,$315.88,Sarah Ketterer - Causeway Capital Management,1
≡,OKTA - Okta Inc.,14.38,Reduce 10.81%,883441,$86.47,"$76,391,000",,$82.46,-4.64%,$75.05,$127.57,Dennis Hong - ShawSpring Partners,1
≡,FOUR - Shift4 Payments Inc. CL A,13.62,Reduce 8.19%,1148861,$62.97,"$72,344,000",,$56.26,-10.66%,$52.65,$127.50,Dennis Hong - ShawSpring Partners,1
≡,CSGP - CoStar Group Inc.,12.12,Add 6.87%,957557,$67.24,"$64,386,000",,$45.74,-31.98%,$43.80,$97.43,Dennis Hong - ShawSpring Partners,1
≡,BABA - Alibaba Group Holdings,10.44,Buy,378155,$146.58,"$55,430,000",,$155.43,6.04%,$94.15,$192.67,Dennis Hong - ShawSpring Partners,1
≡,BRZE - Braze Inc A,9.51,Reduce 20.30%,1473005,$34.29,"$50,509,000",,$16.93,-50.63%,$16.25,$43.89,Dennis Hong - ShawSpring Partners,1
≡,PCOR - Procore Technologies Inc.,9.33,Reduce 36.77%,681536,$72.74,"$49,575,000",,$52.21,-28.22%,$46.08,$88.92,Dennis Hong - ShawSpring Partners,1
≡,MNDY - monday.com Ltd.,7.06,Reduce 32.14%,253959,$147.56,"$37,474,000",,$74.34,-49.62%,$68.68,$323.72,Dennis Hong - ShawSpring Partners,1
≡,FWONK - Liberty Media Corp Formula One Series C,6.9,Add 70.94%,371829,$98.51,"$36,629,000",,$86.74,-11.95%,$75.26,$109.36,Dennis Hong - ShawSpring Partners,1
≡,INTU - Intuit Inc.,6.33,Reduce 55.65%,50721,$662.43,"$33,599,000",,$379.17,-42.76%,$375.40,$810.72,Dennis Hong - ShawSpring Partners,1
≡,BLND - Blend Labs Inc.,5.17,Reduce 8.30%,9024099,$3.04,"$27,433,000",,$1.77,-41.78%,$1.64,$4.49,Dennis Hong - ShawSpring Partners,1
≡,AMZN - Amazon.com Inc.,5.15,Buy,118438,$230.82,"$27,338,000",,$201.15,-12.85%,$161.38,$258.60,Dennis Hong - ShawSpring Partners,1
≡,HCC - Warrior Met Coal Inc.,39.47,,1799831,$88.17,"$158,691,000",,$84.92,-3.69%,$37.85,$105.35,Mohnish Pabrai - Pabrai Investments,1
≡,RIG - Transocean Ltd.,27.78,Add 10.63%,27040133,$4.13,"$111,676,000",,$6.14,48.67%,$1.97,$6.57,Mohnish Pabrai - Pabrai Investments,1
≡,AMR - Alpha Metallurgical Resources Inc.,27.0,Add 2.07%,543000,$199.88,"$108,535,000",,$181.41,-9.24%,$97.41,$253.82,Mohnish Pabrai - Pabrai Investments,1
≡,VAL - Valaris plc,5.76,Reduce 56.94%,459098,$50.40,"$23,139,000",,$88.96,76.51%,$27.15,$96.40,Mohnish Pabrai - Pabrai Investments,1
≡,MSFT - Microsoft Corp.,17.72,Reduce 8.48%,352504,$483.62,"$170,478,000",,$396.86,-17.94%,$342.95,$553.50,Triple Frond Partners,1
≡,TDG - TransDigm Group Inc.,14.36,Add 82.39%,103894,$1329.85,"$138,163,000",,$1302.11,-2.09%,$1107.45,$1519.35,Triple Frond Partners,1
≡,ASML - ASML Holding NV,11.87,Reduce 4.21%,106778,$1069.86,"$114,238,000",,$1419.78,32.71%,$573.49,$1491.51,Triple Frond Partners,1
≡,GOOG - Alphabet Inc. CL C,11.53,Reduce 35.84%,353459,$313.80,"$110,915,000",,$302.82,-3.50%,$142.27,$350.15,Triple Frond Partners,1
≡,AMZN - Amazon.com Inc.,11.48,Reduce 11.46%,478534,$230.82,"$110,455,000",,$201.15,-12.85%,$161.38,$258.60,Triple Frond Partners,1
≡,META - Meta Platforms Inc.,6.68,Reduce 4.21%,97376,$660.09,"$64,277,000",,$639.29,-3.15%,$478.72,$795.06,Triple Frond Partners,1
≡,LRCX - Lam Research,5.26,Reduce 30.97%,295377,$171.18,"$50,563,000",,$235.58,37.62%,$55.98,$251.87,Triple Frond Partners,1
≡,ILMN - Illumina Inc.,5.1,Reduce 4.21%,374160,$131.16,"$49,075,000",,$116.51,-11.17%,$68.70,$155.53,Triple Frond Partners,1
≡,TRU - TransUnion,4.91,Add 28.04%,551153,$85.75,"$47,261,000",,$75.31,-12.17%,$65.24,$99.64,Triple Frond Partners,1
≡,CCC - CCC Intelligent Solutions Hldgs Inc.,3.97,Add 31.12%,4805036,$7.95,"$38,200,000",,$5.04,-36.60%,$4.91,$10.88,Triple Frond Partners,1
≡,LYV - Live Nation Inc.,3.79,Buy,255858,$142.50,"$36,460,000",,$157.53,10.55%,$112.88,$175.25,Triple Frond Partners,1
≡,CHTR - Charter Communications,3.34,Reduce 4.21%,153725,$208.75,"$32,090,000",,$237.01,13.54%,$180.38,$437.06,Triple Frond Partners,1
≡,GPI - Group 1 Automotive,37.04,,568424,$393.30,"$223,561,000",,$330.32,-16.01%,$324.49,$487.78,Greg Alexander - Conifer Management,1
≡,EQH - Equitable Holdings Inc.,33.16,,4200000,$47.65,"$200,130,000",,$45.25,-5.04%,$40.72,$55.97,Greg Alexander - Conifer Management,1
≡,LAD - Lithia Motors Inc.,22.02,,400000,$332.33,"$132,932,000",,$301.04,-9.42%,$260.64,$376.21,Greg Alexander - Conifer Management,1
≡,SDHC - Smith Douglas Homes Corp,3.98,Add 68.32%,1433350,$16.77,"$24,037,000",,$18.26,8.88%,$15.00,$24.75,Greg Alexander - Conifer Management,1
≡,RMNI - Rimini Street Inc.,3.8,,5913199,$3.88,"$22,943,000",,$3.04,-21.65%,$2.79,$5.38,Greg Alexander - Conifer Management,1
≡,HCC - Warrior Met Coal Inc.,9.35,Reduce 9.13%,583320,$88.17,"$51,431,000",,$84.92,-3.69%,$37.85,$105.35,Third Avenue Management,1
≡,TDW - Tidewater Inc.,8.01,Reduce 0.18%,873071,$50.51,"$44,099,000",,$69.90,38.39%,$31.17,$71.57,Third Avenue Management,1
≡,BCC - Boise Cascade Company,5.75,Add 57.10%,429999,$73.60,"$31,648,000",,$86.07,16.94%,$64.95,$120.33,Third Avenue Management,1
≡,VAL - Valaris plc,5.35,Reduce 0.21%,584373,$50.40,"$29,452,000",,$88.96,76.51%,$27.15,$96.40,Third Avenue Management,1
≡,BN - Brookfield Corp.,4.57,Reduce 3.39%,548119,$45.89,"$25,153,000",,$47.78,4.12%,$28.95,$49.57,Third Avenue Management,1
≡,CBRE - CBRE Group,4.29,Reduce 5.07%,146835,$160.79,"$23,610,000",,$141.24,-12.16%,$108.45,$174.27,Third Avenue Management,1
≡,FPH - Five Point Holdings LLC,4.18,,4113917,$5.59,"$22,997,000",,$5.42,-3.04%,$4.58,$6.64,Third Avenue Management,1
≡,PLD - Prologis Inc.,3.37,Add 0.04%,145451,$127.66,"$18,568,000",,$141.77,11.05%,$83.15,$141.95,Third Avenue Management,1
≡,ROG - Rogers Corp.,3.32,Add 0.05%,199474,$91.57,"$18,266,000",,$103.13,12.62%,$51.43,$112.81,Third Avenue Management,1
≡,LEN.B - Lennar Corp. CL B,2.56,Add 0.11%,148008,$95.12,"$14,079,000",,$113.99,19.84%,$92.34,$136.11,Third Avenue Management,1
≡,DB - Deutsche Bank AG,2.36,Buy,337193,$38.56,"$13,002,000",,$35.94,-6.79%,$18.38,$40.43,Third Avenue Management,1
≡,UHAL.B - U Haul Holding Co Non Voting,2.2,Add 0.01%,259246,$46.74,"$12,117,000",,$46.56,-0.39%,$43.93,$67.11,Third Avenue Management,1
≡,SUI - Sun Communities Inc.,2.18,Add 0.14%,96922,$123.91,"$12,010,000",,$131.47,6.10%,$103.13,$133.10,Third Avenue Management,1
≡,PHM - PulteGroup Inc.,2.15,Add 4.05%,100684,$117.26,"$11,806,000",,$141.58,20.74%,$87.56,$144.50,Third Avenue Management,1
≡,JLL - Jones Lang Lasalle Inc.,2.1,Reduce 33.45%,34351,$336.47,"$11,558,000",,$286.83,-14.75%,$194.36,$363.06,Third Avenue Management,1
≡,DHI - D.R. Horton,2.05,Add 0.15%,78194,$144.03,"$11,262,000",,$166.29,15.46%,$109.15,$183.45,Third Avenue Management,1
≡,FNF - Fidelity National Financial Inc.,2.04,Add 73.04%,205320,$54.59,"$11,208,000",,$57.46,5.26%,$47.94,$62.63,Third Avenue Management,1
≡,KALU - Kaiser Aluminum Corp.,1.78,Reduce 4.66%,85363,$114.86,"$9,805,000",,$140.57,22.38%,$45.18,$150.00,Third Avenue Management,1
≡,COLL - Collegium Pharmaceutical Inc.,1.71,,203401,$46.30,"$9,417,000",,$46.10,-0.43%,$23.23,$50.79,Third Avenue Management,1
≡,SUPN - Supernus Pharmaceuticals,1.71,,189493,$49.70,"$9,418,000",,$51.62,3.86%,$29.16,$57.65,Third Avenue Management,1
≡,ECPG - Encore Capital Group Inc.,1.69,,171022,$54.35,"$9,295,000",,$57.29,5.41%,$26.45,$59.20,Third Avenue Management,1
≡,UMBF - UMB Financial Corp.,1.64,Reduce 19.76%,78245,$115.04,"$9,001,000",,$127.77,11.07%,$81.12,$136.11,Third Avenue Management,1
≡,SKY - Skyline Champion Corp.,1.63,,106409,$84.50,"$8,992,000",,$97.05,14.85%,$59.44,$106.85,Third Avenue Management,1
≡,AMH - American Homes 4 Rent,1.62,Add 45.77%,278512,$32.10,"$8,940,000",,$31.50,-1.87%,$28.85,$38.45,Third Avenue Management,1
≡,MYRG - MYR Group Inc.,1.41,,35554,$218.51,"$7,769,000",,$270.32,23.71%,$97.72,$283.69,Third Avenue Management,1
≡,PRA - ProAssurance Corp.,1.29,Reduce 19.51%,292990,$24.16,"$7,079,000",,$24.47,1.28%,$13.90,$24.66,Third Avenue Management,1
≡,PB - Prosperity Bancshares Inc.,1.28,,102168,$69.11,"$7,061,000",,$72.77,5.30%,$60.04,$77.20,Third Avenue Management,1
≡,BATRA - Atlanta Braves Holdings Inc. Series A,1.27,,164438,$42.49,"$6,987,000",,$47.86,12.64%,$38.67,$50.50,Third Avenue Management,1
≡,LXU - LSB Industries Inc.,1.22,,789447,$8.50,"$6,710,000",,$9.68,13.88%,$4.88,$10.41,Third Avenue Management,1
≡,OSG - Octave Specialty Group Inc.,1.11,Add 29.62%,782093,$7.78,"$6,085,000",,$5.77,-25.84%,$5.55,$12.12,Third Avenue Management,1
≡,FR - First Industrial Realty Trust Inc.,1.09,Reduce 1.52%,104728,$57.27,"$5,998,000",,$60.05,4.85%,$39.30,$60.79,Third Avenue Management,1
≡,UNF - UniFirst Corp.,1.0,Add 9.66%,28434,$192.90,"$5,485,000",,$238.27,23.52%,$147.36,$241.32,Third Avenue Management,1
≡,ITIC - Investors Title Co.,0.99,Add 0.05%,21894,$249.66,"$5,466,000",,$264.96,6.13%,$183.20,$282.11,Third Avenue Management,1
≡,CET - Central Securities Corp.,0.94,,101812,$50.71,"$5,163,000",,$51.34,1.24%,$38.11,$52.95,Third Avenue Management,1
≡,WCC - WESCO International Inc.,0.9,Add 1.01%,20295,$244.64,"$4,965,000",,$300.92,23.01%,$124.42,$319.68,Third Avenue Management,1
≡,TPH - TRI Pointe Group,0.89,,155855,$31.47,"$4,905,000",,$46.30,47.12%,$27.90,$46.47,Third Avenue Management,1
≡,SD - SandRidge Energy Inc.,0.87,Add 0.04%,330818,$14.43,"$4,774,000",,$17.00,17.81%,$8.55,$17.34,Third Avenue Management,1
≡,ICFI - ICF International Inc.,0.82,Add 12.42%,52864,$85.29,"$4,509,000",,$75.94,-10.96%,$71.91,$107.46,Third Avenue Management,1
≡,RYN - Rayonier Inc.,0.74,Reduce 13.63%,188340,$21.65,"$4,078,000",,$23.65,9.24%,$20.13,$25.78,Third Avenue Management,1
≡,WY - Weyerhaeuser Co.,0.74,Add 5.97%,171582,$23.69,"$4,065,000",,$26.88,13.47%,$20.96,$30.64,Third Avenue Management,1
≡,ALG - Alamo Group Inc.,0.73,Add 61.47%,24009,$167.85,"$4,030,000",,$208.90,24.46%,$156.02,$232.50,Third Avenue Management,1
≡,BXC - BlueLinx Holdings Inc.,0.72,Add 38.79%,64339,$61.42,"$3,952,000",,$74.42,21.17%,$52.71,$101.68,Third Avenue Management,1
≡,CTLP - Cantaloupe Inc.,0.71,,370013,$10.62,"$3,930,000",,$9.97,-6.12%,$7.01,$11.36,Third Avenue Management,1
≡,PBF - PBF Energy Inc.,0.65,,131050,$27.12,"$3,554,000",,$33.96,25.22%,$13.19,$41.17,Third Avenue Management,1
≡,SBSI - Southside Bancshares Inc.,0.65,Reduce 44.19%,116879,$30.39,"$3,552,000",,$33.01,8.62%,$24.90,$34.37,Third Avenue Management,1
≡,OCFC - OceanFirst Financial Corp.,0.63,Add 18.77%,192807,$17.95,"$3,461,000",,$19.71,9.81%,$13.65,$20.39,Third Avenue Management,1
≡,FSV - Firstservice Corp,0.53,Buy,18714,$155.55,"$2,911,000",,$154.30,-0.80%,$146.97,$208.99,Third Avenue Management,1
≡,FLG - Flagstar Financial Inc.,0.5,Buy,217305,$12.59,"$2,736,000",,$14.10,11.99%,$9.62,$14.54,Third Avenue Management,1
≡,FRPH - FRP Holdings Inc.,0.44,Reduce 39.83%,107429,$22.79,"$2,448,000",,$24.06,5.57%,$21.68,$31.99,Third Avenue Management,1
≡,BATRK - Atlanta Braves Holdings Inc. Series C,0.19,,26104,$39.46,"$1,030,000",,$43.30,9.73%,$35.46,$47.18,Third Avenue Management,1
≡,FG - F&G Annuities & Life Inc.,0.07,Buy,12319,$30.85,"$380,000",,$28.55,-7.46%,$26.45,$46.54,Third Avenue Management,1
≡,GOOG - Alphabet Inc. CL C,13.32,Reduce 15.46%,3931197,$313.80,"$1,233,610,000",,$302.82,-3.50%,$142.27,$350.15,Thomas Russo - Gardner Russo & Quinn,1
≡,BRK.A - Berkshire Hathaway CL A,12.12,Reduce 3.44%,1488,$754799.73,"$1,123,142,000",,$754910.00,0.01%,$685150.00,$812855.00,Thomas Russo - Gardner Russo & Quinn,1
≡,MA - Mastercard Inc.,9.77,Reduce 2.12%,1585999,$570.88,"$905,415,000",,$521.93,-8.57%,$462.92,$600.08,Thomas Russo - Gardner Russo & Quinn,1
≡,CFRHF - Compagnie Financiere Richemont SA,8.21,Reduce 2.83%,3502105,$217.17,"$760,539,000",,$205.31,-5.46%,$147.26,$227.77,Thomas Russo - Gardner Russo & Quinn,1
≡,PM - Philip Morris Intl.,8.13,Add 0.76%,4697508,$160.40,"$753,480,000",,$183.65,14.50%,$140.83,$190.98,Thomas Russo - Gardner Russo & Quinn,1
≡,HKHHF - Heineken Holding NV,7.28,Reduce 0.92%,9200276,$73.29,"$674,248,000",,$80.50,9.84%,$65.91,$81.19,Thomas Russo - Gardner Russo & Quinn,1
≡,BRK.B - Berkshire Hathaway CL B,6.11,Reduce 3.10%,1125395,$502.65,"$565,680,000",,$503.41,0.15%,$455.19,$542.07,Thomas Russo - Gardner Russo & Quinn,1
≡,NSRGY - Nestle,5.99,Reduce 2.79%,5617162,$98.78,"$554,863,000",,$103.71,4.99%,$86.98,$108.38,Thomas Russo - Gardner Russo & Quinn,1
≡,NFLX - Netflix Inc.,5.07,Reduce 2.71%,5004765,$93.76,"$469,247,000",,$77.00,-17.88%,$75.23,$134.12,Thomas Russo - Gardner Russo & Quinn,1
≡,MLM - Martin Marietta,4.88,Add 5.68%,726612,$622.66,"$452,432,000",,$666.53,7.05%,$440.13,$710.97,Thomas Russo - Gardner Russo & Quinn,1
≡,UBER - Uber Technologies Inc.,4.54,Add 9.22%,5145060,$81.71,"$420,403,000",,$70.53,-13.68%,$60.63,$101.99,Thomas Russo - Gardner Russo & Quinn,1
≡,ASHTF - Ashtead Group plc,4.51,Add 9.59%,6111758,$68.41,"$418,101,000",,$71.25,4.15%,$44.80,$76.61,Thomas Russo - Gardner Russo & Quinn,1
≡,PDRDF - Pernod Ricard,2.37,Reduce 5.43%,2553880,$85.85,"$219,256,000",,$103.66,20.75%,$83.15,$120.59,Thomas Russo - Gardner Russo & Quinn,1
≡,DASH - DoorDash Inc.,2.27,Add 0.44%,930467,$226.48,"$210,732,000",,$162.34,-28.32%,$155.40,$285.50,Thomas Russo - Gardner Russo & Quinn,1
≡,JPM - JPMorgan Chase & Co.,1.84,Reduce 2.97%,528817,$322.22,"$170,395,000",,$307.13,-4.68%,$199.32,$335.87,Thomas Russo - Gardner Russo & Quinn,1
≡,CMCSA - Comcast Corp.,0.74,Reduce 5.95%,2300197,$29.89,"$68,753,000",,$31.55,5.55%,$23.89,$34.24,Thomas Russo - Gardner Russo & Quinn,1
≡,BF.A - Brown-Forman Corp. CL A,0.47,Reduce 2.91%,1668094,$26.31,"$43,888,000",,$29.45,11.93%,$25.53,$37.32,Thomas Russo - Gardner Russo & Quinn,1
≡,V - Visa Inc.,0.41,Reduce 11.00%,108818,$350.71,"$38,164,000",,$319.50,-8.90%,$296.78,$373.34,Thomas Russo - Gardner Russo & Quinn,1
≡,XOM - Exxon Mobil Corp.,0.25,Add 0.67%,193033,$120.34,"$23,230,000",,$146.19,21.48%,$94.55,$155.89,Thomas Russo - Gardner Russo & Quinn,1
≡,BF.B - Brown-Forman Corp.,0.2,Reduce 7.52%,708179,$26.06,"$18,455,000",,$29.26,12.28%,$25.13,$37.94,Thomas Russo - Gardner Russo & Quinn,1
≡,BUDFF - Anheuser Busch Inbev SA NV,0.18,Reduce 5.91%,265525,$64.48,"$17,120,000",,$80.05,24.15%,$51.64,$81.00,Thomas Russo - Gardner Russo & Quinn,1
≡,MKL - Markel Group Inc.,0.15,Reduce 17.95%,6279,$2149.71,"$13,498,000",,$2084.46,-3.04%,$1621.89,$2207.59,Thomas Russo - Gardner Russo & Quinn,1
≡,CR - Crane Co,0.11,Reduce 3.67%,54401,$184.43,"$10,033,000",,$200.08,8.49%,$126.56,$214.31,Thomas Russo - Gardner Russo & Quinn,1
≡,MO - Altria Group Inc.,0.1,Reduce 0.56%,164772,$57.66,"$9,501,000",,$66.54,15.40%,$48.95,$67.77,Thomas Russo - Gardner Russo & Quinn,1
≡,UNP - Union Pacific,0.06,Add 0.57%,24984,$231.31,"$5,779,000",,$262.80,13.61%,$200.99,$265.37,Thomas Russo - Gardner Russo & Quinn,1
≡,AXP - American Express,0.05,Reduce 10.80%,12160,$369.98,"$4,499,000",,$344.53,-6.88%,$218.83,$386.63,Thomas Russo - Gardner Russo & Quinn,1
≡,GOOGL - Alphabet Inc.,0.05,Reduce 3.68%,14916,$313.02,"$4,669,000",,$302.02,-3.51%,$140.14,$349.00,Thomas Russo - Gardner Russo & Quinn,1
≡,COST - Costco Co.,0.04,,4624,$862.24,"$3,987,000",,$1012.05,17.37%,$842.91,$1065.16,Thomas Russo - Gardner Russo & Quinn,1
≡,DOV - Dover Corp.,0.04,Reduce 0.13%,19526,$195.23,"$3,812,000",,$233.25,19.47%,$141.82,$237.54,Thomas Russo - Gardner Russo & Quinn,1
≡,ABBV - AbbVie Inc.,0.03,,12410,$228.53,"$2,836,000",,$232.86,1.89%,$159.05,$241.12,Thomas Russo - Gardner Russo & Quinn,1
≡,CABJF - Carlsberg A/S,0.03,Add 91.55%,23091,$131.35,"$3,033,000",,$145.00,10.39%,$85.01,$151.25,Thomas Russo - Gardner Russo & Quinn,1
≡,DGEAF - Diageo Plc,0.03,Buy,129805,$21.57,"$2,800,000",,$25.13,16.50%,$20.93,$29.28,Thomas Russo - Gardner Russo & Quinn,1
≡,MKC - McCormick & Co.,0.03,Reduce 2.22%,40666,$68.12,"$2,770,000",,$69.19,1.57%,$59.62,$84.04,Thomas Russo - Gardner Russo & Quinn,1
≡,ABT - Abbott Labs,0.02,,11510,$125.28,"$1,442,000",,$112.26,-10.39%,$105.27,$138.63,Thomas Russo - Gardner Russo & Quinn,1
≡,COCXF - Lindt & Spruengli AG,0.02,,15,$146933.33,"$2,204,000",,$142302.63,-3.15%,$108817.57,$142302.63,Thomas Russo - Gardner Russo & Quinn,1
≡,DLG.MI - De'Longhi SPA,0.02,,35250,$42.87,"$1,511,000",,,,,,Thomas Russo - Gardner Russo & Quinn,1
≡,DVDCF - Davide Campari-Milano S.p.A.,0.02,Add 15.09%,242103,$6.51,"$1,575,000",,$7.90,21.35%,$5.28,$8.10,Thomas Russo - Gardner Russo & Quinn,1
≡,ECTXF - Electrolux Professional Ab B,0.02,,200000,$7.08,"$1,415,000",,$7.15,0.99%,$6.54,$7.15,Thomas Russo - Gardner Russo & Quinn,1
≡,FLUIF - Fluidra SA,0.02,Add 11.32%,59000,$27.20,"$1,605,000",,$30.25,11.21%,$20.62,$30.25,Thomas Russo - Gardner Russo & Quinn,1
≡,H - Hyatt Hotels Corp.,0.02,,8675,$160.35,"$1,391,000",,$169.59,5.76%,$102.10,$180.53,Thomas Russo - Gardner Russo & Quinn,1
≡,KNCRF - Konecranes Oyj,0.02,,18450,$110.30,"$2,035,000",,$110.05,-0.23%,$57.29,$110.05,Thomas Russo - Gardner Russo & Quinn,1
≡,LRLCF - L'Oreal SA,0.02,Reduce 8.52%,3705,$430.50,"$1,595,000",,$447.60,3.97%,$330.72,$485.61,Thomas Russo - Gardner Russo & Quinn,1
≡,MSFT - Microsoft Corp.,0.02,Add 5.71%,3705,$483.67,"$1,792,000",,$396.86,-17.95%,$342.95,$553.50,Thomas Russo - Gardner Russo & Quinn,1
≡,PEP - PepsiCo Inc.,0.02,Reduce 10.64%,9794,$143.56,"$1,406,000",,$161.92,12.79%,$123.93,$171.48,Thomas Russo - Gardner Russo & Quinn,1
≡,PG - Procter & Gamble,0.02,Add 9.44%,11951,$143.34,"$1,713,000",,$159.55,11.31%,$136.65,$175.18,Thomas Russo - Gardner Russo & Quinn,1
≡,SSPPF - Ssp Group Plc,0.02,,660000,$2.77,"$1,829,000",,$2.51,-9.39%,$1.71,$2.51,Thomas Russo - Gardner Russo & Quinn,1
≡,VMC - Vulcan Materials,0.02,Reduce 20.06%,7912,$285.26,"$2,257,000",,$302.22,5.95%,$213.97,$331.09,Thomas Russo - Gardner Russo & Quinn,1
≡,WRBY - Warby Parker Inc.,0.02,Add 6.56%,65000,$21.78,"$1,416,000",,$21.96,0.83%,$13.63,$31.00,Thomas Russo - Gardner Russo & Quinn,1
≡,AAPL - Apple Inc.,0.01,Reduce 0.53%,4674,$271.93,"$1,271,000",,$263.88,-2.96%,$168.48,$288.35,Thomas Russo - Gardner Russo & Quinn,1
≡,AKBLF - Alk Abello A s,0.01,Buy,35000,$35.94,"$1,258,000",,,,,,Thomas Russo - Gardner Russo & Quinn,1
≡,FBLA - Fb Bancorp Inc,0.01,,50000,$12.86,"$643,000",,$13.63,5.99%,$9.81,$14.00,Thomas Russo - Gardner Russo & Quinn,1
≡,FLMNF - Fielmann Group Ag,0.01,Add 2.80%,25700,$51.13,"$1,314,000",,,,,,Thomas Russo - Gardner Russo & Quinn,1
≡,FULT - Fulton Financial Corp.,0.01,Reduce 16.25%,54100,$19.33,"$1,046,000",,$22.12,14.43%,$13.91,$22.99,Thomas Russo - Gardner Russo & Quinn,1
≡,HINKF - Heineken NV,0.01,,15131,$81.88,"$1,239,000",,$96.20,17.49%,$72.73,$96.20,Thomas Russo - Gardner Russo & Quinn,1
≡,HMRZF - Hennes & Mauritz Ab B Shs,0.01,,64000,$20.17,"$1,291,000",,$20.38,1.04%,$9.70,$20.50,Thomas Russo - Gardner Russo & Quinn,1
≡,HRI - HERC Holdings Inc.,0.01,,6450,$148.37,"$957,000",,$150.12,1.18%,$94.23,$187.47,Thomas Russo - Gardner Russo & Quinn,1
≡,HRL - Hormel Foods Corp.,0.01,,19835,$23.70,"$470,000",,$23.44,-1.10%,$20.77,$30.78,Thomas Russo - Gardner Russo & Quinn,1
≡,JBTM - JBT Marel Corp.,0.01,,7250,$150.62,"$1,092,000",,$163.26,8.39%,$89.88,$170.19,Thomas Russo - Gardner Russo & Quinn,1
≡,KMROF - Kalmar Oyj B Share,0.01,Add 20.00%,24000,$47.63,"$1,143,000",,,,,,Thomas Russo - Gardner Russo & Quinn,1
≡,KO - Coca Cola Co.,0.01,,13640,$69.94,"$954,000",,$79.56,13.75%,$64.63,$80.41,Thomas Russo - Gardner Russo & Quinn,1
≡,LAMR - Lamar Advertising Co.,0.01,,5974,$126.55,"$756,000",,$132.57,4.76%,$95.95,$136.69,Thomas Russo - Gardner Russo & Quinn,1
≡,LEVI - Levi Strauss & Co.,0.01,,47725,$20.74,"$990,000",,$21.83,5.26%,$11.83,$24.49,Thomas Russo - Gardner Russo & Quinn,1
≡,LTSSF - Lotus Bakeries,0.01,,115,$9217.39,"$1,060,000",,$12350.00,33.99%,$9026.43,$12350.00,Thomas Russo - Gardner Russo & Quinn,1
≡,NSRGF - Nestle Sa Reg,0.01,Reduce 0.36%,11130,$99.37,"$1,106,000",,$102.85,3.50%,$85.00,$109.03,Thomas Russo - Gardner Russo & Quinn,1
≡,ORCL - Oracle Corp.,0.01,,3475,$194.82,"$677,000",,$153.97,-20.97%,$117.67,$344.21,Thomas Russo - Gardner Russo & Quinn,1
≡,PNC - PNC Financial Services,0.01,,3750,$208.80,"$783,000",,$231.24,10.75%,$140.02,$243.94,Thomas Russo - Gardner Russo & Quinn,1
≡,PUIGF - Puig Brands SA B,0.01,,68000,$17.47,"$1,188,000",,$17.63,0.92%,$16.55,$18.99,Thomas Russo - Gardner Russo & Quinn,1
≡,RTLLF - Rational Ag,0.01,,975,$776.41,"$757,000",,$781.94,0.71%,$708.32,$922.44,Thomas Russo - Gardner Russo & Quinn,1
≡,SWZ - Swiss Helvetia Fund Inc.,0.01,Reduce 66.31%,146284,$6.22,"$910,000",,$6.14,-1.29%,$5.84,$6.71,Thomas Russo - Gardner Russo & Quinn,1
≡,WFC - Wells Fargo,0.01,Reduce 21.53%,7964,$93.17,"$742,000",,$87.40,-6.19%,$57.18,$97.28,Thomas Russo - Gardner Russo & Quinn,1
≡,WILLF - Demant A s,0.01,,41000,$33.83,"$1,387,000",,$36.53,7.98%,$31.85,$43.78,Thomas Russo - Gardner Russo & Quinn,1
≡,WMT - Walmart Inc.,0.01,,10165,$111.36,"$1,132,000",,$128.85,15.71%,$79.27,$134.69,Thomas Russo - Gardner Russo & Quinn,1
≡,YETI - YETI Holdings Inc.,0.01,,24000,$44.17,"$1,060,000",,$48.01,8.69%,$26.61,$51.29,Thomas Russo - Gardner Russo & Quinn,1
≡,ZLDSF - Zalando Se,0.01,,28000,$29.75,"$833,000",,$23.56,-20.81%,$23.56,$38.51,Thomas Russo - Gardner Russo & Quinn,1
≡,AMZN - Amazon.com Inc.,0.0,Buy,1040,$230.77,"$240,000",,$201.15,-12.84%,$161.38,$258.60,Thomas Russo - Gardner Russo & Quinn,1
≡,CAT - Caterpillar Inc.,0.0,Reduce 21.43%,550,$572.73,"$315,000",,$764.76,33.53%,$263.67,$789.81,Thomas Russo - Gardner Russo & Quinn,1
≡,CIR.MI - Cir SPA,0.0,,251250,$0.82,"$207,000",,,,,,Thomas Russo - Gardner Russo & Quinn,1
≡,CVX - Chevron Corp.,0.0,,2670,$152.43,"$407,000",,$180.55,18.45%,$126.35,$184.71,Thomas Russo - Gardner Russo & Quinn,1
≡,DIS - Walt Disney Co.,0.0,,2510,$113.94,"$286,000",,$105.44,-7.46%,$79.22,$123.85,Thomas Russo - Gardner Russo & Quinn,1
≡,GNRC - Generac Holdings Inc.,0.0,,2250,$136.44,"$307,000",,$233.46,71.11%,$99.50,$236.00,Thomas Russo - Gardner Russo & Quinn,1
≡,IBM - International Business Machines,0.0,Buy,750,$296.00,"$222,000",,$258.31,-12.73%,$209.30,$323.06,Thomas Russo - Gardner Russo & Quinn,1
≡,JNJ - Johnson & Johnson,0.0,Buy,976,$206.97,"$202,000",,$243.33,17.57%,$138.40,$246.35,Thomas Russo - Gardner Russo & Quinn,1
≡,LTGIF - Lt Group Inc,0.0,,1775000,$0.25,"$446,000",,,,,,Thomas Russo - Gardner Russo & Quinn,1
≡,MCD - McDonald's Corp.,0.0,Add 28.37%,905,$306.08,"$277,000",,$327.62,7.04%,$280.19,$335.67,Thomas Russo - Gardner Russo & Quinn,1
≡,OUT - Outfront Media Inc.,0.0,Reduce 0.08%,15677,$24.11,"$378,000",,$25.09,4.06%,$12.35,$27.04,Thomas Russo - Gardner Russo & Quinn,1
≡,PHJMF - Hanjaya Mandala Sampoerna,0.0,,5000000,$0.04,"$217,000",,$0.05,25.00%,$0.02,$0.08,Thomas Russo - Gardner Russo & Quinn,1
≡,UNM - Unum Group,0.0,,3800,$77.63,"$295,000",,$72.91,-6.08%,$65.28,$82.55,Thomas Russo - Gardner Russo & Quinn,1
≡,C - Citigroup Inc.,18.11,Reduce 0.04%,876278,$116.69,"$102,253,000",,$113.78,-2.49%,$54.10,$125.16,Kahn Brothers Group,1
≡,BAYRY - Bayer Ag Sponsored ADR,12.94,Reduce 0.49%,6754291,$10.82,"$73,082,000",,$13.58,25.51%,$5.28,$13.98,Kahn Brothers Group,1
≡,FLG - Flagstar Financial Inc.,9.31,Reduce 2.78%,4177212,$12.59,"$52,591,000",,$14.10,11.99%,$9.62,$14.54,Kahn Brothers Group,1
≡,MRK - Merck & Co.,8.02,Reduce 0.84%,430103,$105.26,"$45,273,000",,$121.57,15.49%,$71.26,$123.33,Kahn Brothers Group,1
≡,DIS - Walt Disney Co.,7.95,Reduce 0.04%,394369,$113.77,"$44,867,000",,$105.44,-7.32%,$79.22,$123.85,Kahn Brothers Group,1
≡,GOOG - Alphabet Inc. CL C,7.53,Add 0.52%,135416,$313.80,"$42,494,000",,$302.82,-3.50%,$142.27,$350.15,Kahn Brothers Group,1
≡,BP - BP plc,6.39,Reduce 4.35%,1038402,$34.73,"$36,064,000",,$37.56,8.15%,$24.13,$39.51,Kahn Brothers Group,1
≡,SEB - Seaboard Corp.,5.73,Reduce 5.68%,7285,$4444.89,"$32,381,000",,$4915.02,10.58%,$2433.99,$5654.00,Kahn Brothers Group,1
≡,OGN - Organon & Co.,4.61,Add 0.35%,3629451,$7.17,"$26,023,000",,$7.28,1.53%,$6.16,$16.07,Kahn Brothers Group,1
≡,IDT - IDT Corp. CL B,3.55,Reduce 0.09%,392011,$51.21,"$20,075,000",,$48.76,-4.78%,$44.88,$70.97,Kahn Brothers Group,1
≡,PFE - Pfizer Inc.,2.44,Reduce 21.66%,553950,$24.90,"$13,793,000",,$27.37,9.92%,$19.50,$27.94,Kahn Brothers Group,1
≡,SEG - Seaport Entertainment Group,2.05,Add 0.48%,586170,$19.77,"$11,589,000",,$20.27,2.53%,$16.52,$28.34,Kahn Brothers Group,1
≡,BMY - Bristol-Myers Squibb,1.93,Reduce 25.75%,202196,$53.94,"$10,906,000",,$60.35,11.88%,$41.88,$62.05,Kahn Brothers Group,1
≡,PTEN - Patterson-UTI Energy Inc.,1.88,Reduce 7.61%,1742013,$6.11,"$10,644,000",,$7.92,29.62%,$4.91,$8.91,Kahn Brothers Group,1
≡,GSK - GSK plc,1.55,Reduce 31.49%,178696,$49.04,"$8,763,000",,$60.87,24.12%,$31.38,$61.03,Kahn Brothers Group,1
≡,MBI - MBIA Inc.,1.3,Reduce 0.10%,1028784,$7.16,"$7,366,000",,$5.96,-16.76%,$3.86,$8.26,Kahn Brothers Group,1
≡,GNE - Genie Energy Ltd.,0.46,Reduce 0.81%,190312,$13.78,"$2,622,000",,$14.74,6.97%,$12.81,$28.05,Kahn Brothers Group,1
≡,XOM - Exxon Mobil Corp.,0.43,Add 12.67%,20217,$120.34,"$2,433,000",,$146.19,21.48%,$94.55,$155.89,Kahn Brothers Group,1
≡,FRFHF - Fairfax Financial Holdings Ltd.,0.34,,1018,$1908.64,"$1,943,000",,$1731.00,-9.31%,$1282.07,$1933.22,Kahn Brothers Group,1
≡,NVS - Novartis AG,0.33,Reduce 4.52%,13678,$137.89,"$1,886,000",,$166.17,20.51%,$97.72,$167.29,Kahn Brothers Group,1
≡,WBS - Webster Financial Corp.,0.33,Reduce 1.13%,29833,$62.95,"$1,878,000",,$72.07,14.49%,$38.35,$73.87,Kahn Brothers Group,1
≡,FBAK - First National Bank Alaska,0.26,Reduce 1.40%,4920,$299.80,"$1,475,000",,$202.54,-32.44%,$165.01,$211.60,Kahn Brothers Group,1
≡,CSX - CSX Corp.,0.24,Reduce 7.86%,37531,$36.24,"$1,360,000",,$41.03,13.22%,$25.91,$41.79,Kahn Brothers Group,1
≡,TRMLF - Tourmaline Oil Corp,0.21,Add 10.45%,26959,$44.92,"$1,211,000",,$45.37,1.00%,$37.35,$49.00,Kahn Brothers Group,1
≡,JPM - JPMorgan Chase & Co.,0.2,Add 29.99%,3468,$322.09,"$1,117,000",,$307.13,-4.64%,$199.32,$335.87,Kahn Brothers Group,1
≡,MSFT - Microsoft Corp.,0.2,Add 25.56%,2392,$483.70,"$1,157,000",,$396.86,-17.95%,$342.95,$553.50,Kahn Brothers Group,1
≡,AAPL - Apple Inc.,0.15,Add 3.34%,3092,$271.99,"$841,000",,$263.88,-2.98%,$168.48,$288.35,Kahn Brothers Group,1
≡,HLN - Haleon Plc ADR,0.12,Reduce 3.98%,65321,$10.10,"$660,000",,$11.23,11.19%,$8.71,$11.35,Kahn Brothers Group,1
≡,BAC - Bank of America Corp.,0.1,Reduce 5.77%,10484,$55.04,"$577,000",,$52.74,-4.18%,$32.52,$57.55,Kahn Brothers Group,1
≡,SEIC - SEI Investments,0.1,,6596,$82.02,"$541,000",,$79.02,-3.66%,$63.90,$93.38,Kahn Brothers Group,1
≡,PEYUF - Peyto Exploration & Development Corp.,0.09,,31857,$16.57,"$528,000",,$19.10,15.27%,$9.52,$19.40,Kahn Brothers Group,1
≡,PNC - PNC Financial Services,0.08,Add 54.91%,2257,$208.68,"$471,000",,$231.24,10.81%,$140.02,$243.94,Kahn Brothers Group,1
≡,DB - Deutsche Bank AG,0.07,,10000,$38.60,"$386,000",,$35.94,-6.89%,$18.38,$40.43,Kahn Brothers Group,1
≡,AM - Antero Midstream Corp.,0.06,,18856,$17.77,"$335,000",,$21.45,20.71%,$14.32,$21.66,Kahn Brothers Group,1
≡,BX - Blackstone Group,0.06,Add 53.33%,2300,$154.35,"$355,000",,$131.39,-14.88%,$111.85,$186.25,Kahn Brothers Group,1
≡,IBM - International Business Machines,0.06,Reduce 18.57%,1228,$296.42,"$364,000",,$258.31,-12.86%,$209.30,$323.06,Kahn Brothers Group,1
≡,NVDA - NVIDIA Corp.,0.06,,1740,$186.78,"$325,000",,$184.97,-0.97%,$86.60,$212.18,Kahn Brothers Group,1
≡,PEG - Public Serv. Enterprise Inc.,0.06,Add 22.08%,4424,$80.24,"$355,000",,$86.95,8.36%,$72.92,$89.82,Kahn Brothers Group,1
≡,VZ - Verizon Communications,0.06,Add 12.57%,8147,$40.75,"$332,000",,$48.93,20.07%,$10.42,$50.24,Kahn Brothers Group,1
≡,AGO - Assured Guaranty Ltd.,0.05,Add 20.08%,3110,$89.71,"$279,000",,$87.63,-2.32%,$73.21,$92.40,Kahn Brothers Group,1
≡,CVX - Chevron Corp.,0.05,,2003,$152.27,"$305,000",,$180.55,18.57%,$126.35,$184.71,Kahn Brothers Group,1
≡,NAVI - Navient Corp.,0.05,,20600,$13.01,"$268,000",,$9.48,-27.13%,$9.15,$15.68,Kahn Brothers Group,1
≡,PEP - PepsiCo Inc.,0.05,,1800,$143.33,"$258,000",,$161.92,12.97%,$123.93,$171.48,Kahn Brothers Group,1
≡,PG - Procter & Gamble,0.05,Add 5.66%,1867,$143.55,"$268,000",,$159.55,11.15%,$136.65,$175.18,Kahn Brothers Group,1
≡,PIFYF - Pine Cliff Energy Ltd,0.05,,520000,$0.59,"$307,000",,$0.52,-11.86%,$0.36,$0.66,Kahn Brothers Group,1
≡,ZDGE - Zedge Inc.,0.05,Reduce 0.42%,82558,$3.28,"$271,000",,$3.17,-3.35%,$1.71,$4.84,Kahn Brothers Group,1
≡,AR - Antero Resources,0.04,Reduce 65.02%,6242,$34.44,"$215,000",,$33.63,-2.35%,$29.10,$44.02,Kahn Brothers Group,1
≡,AXP - American Express,0.04,Reduce 46.96%,610,$370.49,"$226,000",,$344.53,-7.01%,$218.83,$386.63,Kahn Brothers Group,1
≡,BN - Brookfield Corp.,0.04,,5070,$45.96,"$233,000",,$47.78,3.96%,$28.95,$49.57,Kahn Brothers Group,1
≡,CMCSA - Comcast Corp.,0.04,Add 10.11%,7025,$29.89,"$210,000",,$31.55,5.55%,$23.89,$34.24,Kahn Brothers Group,1
≡,OBT - Orange County Bancorp Inc,0.04,,8000,$28.50,"$228,000",,$35.39,24.18%,$20.62,$36.34,Kahn Brothers Group,1
≡,WRLC - Windrock Ltd Co,0.04,,569,$439.37,"$250,000",,,,,,Kahn Brothers Group,1
≡,RFL - Rafael Holdings Inc.,0.01,Reduce 62.66%,59246,$1.18,"$70,000",,$1.19,0.85%,$1.12,$3.19,Kahn Brothers Group,1
≡,BRK.B - Berkshire Hathaway CL B,8.55,,286850,$502.65,"$144,185,000",,$503.41,0.15%,$455.19,$542.07,Wallace Weitz - Weitz Investment Management,1
≡,DHR - Danaher Corp.,6.98,Reduce 2.47%,513950,$228.92,"$117,653,000",,$206.36,-9.85%,$170.19,$242.80,Wallace Weitz - Weitz Investment Management,1
≡,GOOG - Alphabet Inc. CL C,6.47,Reduce 21.04%,347900,$313.80,"$109,171,000",,$302.82,-3.50%,$142.27,$350.15,Wallace Weitz - Weitz Investment Management,1
≡,V - Visa Inc.,5.63,,270580,$350.71,"$94,895,000",,$319.50,-8.90%,$296.78,$373.34,Wallace Weitz - Weitz Investment Management,1
≡,MA - Mastercard Inc.,5.28,,155900,$570.88,"$89,000,000",,$521.93,-8.57%,$462.92,$600.08,Wallace Weitz - Weitz Investment Management,1
≡,TMO - Thermo Fisher Scientific,4.64,Reduce 10.30%,134950,$579.45,"$78,197,000",,$501.59,-13.44%,$384.82,$643.99,Wallace Weitz - Weitz Investment Management,1
≡,AON - Aon Plc,4.58,Add 2.48%,218735,$352.88,"$77,187,000",,$325.96,-7.63%,$304.59,$409.47,Wallace Weitz - Weitz Investment Management,1
≡,META - Meta Platforms Inc.,4.25,,108710,$660.09,"$71,758,000",,$639.29,-3.15%,$478.72,$795.06,Wallace Weitz - Weitz Investment Management,1
≡,MSFT - Microsoft Corp.,4.19,Reduce 5.20%,145975,$483.62,"$70,596,000",,$396.86,-17.94%,$342.95,$553.50,Wallace Weitz - Weitz Investment Management,1
≡,IEX - IDEX Corp.,4.13,Reduce 3.69%,391475,$177.94,"$69,659,000",,$209.21,17.57%,$151.00,$217.16,Wallace Weitz - Weitz Investment Management,1
≡,VMC - Vulcan Materials,3.55,Reduce 1.18%,210200,$285.22,"$59,953,000",,$302.22,5.96%,$213.97,$331.09,Wallace Weitz - Weitz Investment Management,1
≡,AMZN - Amazon.com Inc.,3.05,,222500,$230.82,"$51,357,000",,$201.15,-12.85%,$161.38,$258.60,Wallace Weitz - Weitz Investment Management,1
≡,CSGP - CoStar Group Inc.,2.87,,719850,$67.24,"$48,403,000",,$45.74,-31.98%,$43.80,$97.43,Wallace Weitz - Weitz Investment Management,1
≡,TECH - Bio-Techne Corp.,2.8,Add 0.10%,802950,$58.81,"$47,221,000",,$58.50,-0.53%,$45.74,$72.06,Wallace Weitz - Weitz Investment Management,1
≡,EFX - Equifax Inc.,2.76,Add 0.13%,214880,$216.98,"$46,625,000",,$192.70,-11.19%,$166.02,$279.27,Wallace Weitz - Weitz Investment Management,1
≡,ACN - Accenture,2.56,Add 0.22%,160900,$268.30,"$43,169,000",,$219.89,-18.04%,$215.16,$383.40,Wallace Weitz - Weitz Investment Management,1
≡,HEI.A - HEICO Corp. CL A,2.44,,162779,$252.43,"$41,090,000",,$254.25,0.72%,$174.66,$279.66,Wallace Weitz - Weitz Investment Management,1
≡,GPN - Global Payments Inc.,2.32,Reduce 8.18%,505000,$77.40,"$39,087,000",,$69.77,-9.86%,$65.33,$106.01,Wallace Weitz - Weitz Investment Management,1
≡,ADI - Analog Devices,2.14,Reduce 4.67%,132800,$271.20,"$36,015,000",,$337.51,24.45%,$156.76,$343.96,Wallace Weitz - Weitz Investment Management,1
≡,ODFL - Old Dominion Freight Line,1.94,Add 0.14%,208800,$156.80,"$32,740,000",,$193.32,23.29%,$125.76,$208.74,Wallace Weitz - Weitz Investment Management,1
≡,LBRDK - Liberty Broadband Corp. CL C,1.88,Add 30.07%,651000,$48.60,"$31,639,000",,$55.09,13.35%,$42.10,$97.16,Wallace Weitz - Weitz Investment Management,1
≡,TXN - Texas Instruments,1.7,Add 0.32%,165100,$173.49,"$28,643,000",,$225.69,30.09%,$135.67,$231.32,Wallace Weitz - Weitz Investment Management,1
≡,SIRI - SiriusXM Holdings Inc,1.64,,1384000,$19.99,"$27,673,000",,$21.02,5.15%,$17.77,$26.06,Wallace Weitz - Weitz Investment Management,1
≡,MLM - Martin Marietta,1.52,,41275,$622.65,"$25,700,000",,$666.53,7.05%,$440.13,$710.97,Wallace Weitz - Weitz Investment Management,1
≡,LH - Labcorp Holdings Inc.,1.48,Reduce 28.62%,99750,$250.88,"$25,025,000",,$276.67,10.28%,$207.67,$292.94,Wallace Weitz - Weitz Investment Management,1
≡,IDXX - IDEXX Laboratories,1.42,Reduce 37.85%,35300,$676.54,"$23,882,000",,$626.17,-7.45%,$356.14,$769.98,Wallace Weitz - Weitz Investment Management,1
≡,CRM - Salesforce.com,1.37,,87500,$264.91,"$23,180,000",,$184.29,-30.43%,$180.24,$327.60,Wallace Weitz - Weitz Investment Management,1
≡,ACIW - ACI Worldwide Inc.,1.04,Add 0.25%,367700,$47.81,"$17,580,000",,$40.58,-15.12%,$38.53,$58.14,Wallace Weitz - Weitz Investment Management,1
≡,ROP - Roper Technologies Inc.,0.96,Add 16.31%,36550,$445.14,"$16,270,000",,$315.53,-29.12%,$313.07,$591.26,Wallace Weitz - Weitz Investment Management,1
≡,PRM - Perimeter Solutions SA,0.83,Reduce 31.62%,509400,$27.53,"$14,024,000",,$26.46,-3.89%,$8.76,$29.88,Wallace Weitz - Weitz Investment Management,1
≡,ORCL - Oracle Corp.,0.81,,70000,$194.91,"$13,644,000",,$153.97,-21.00%,$117.67,$344.21,Wallace Weitz - Weitz Investment Management,1
≡,LKQ - LKQ Corp.,0.79,Reduce 17.42%,441000,$30.20,"$13,318,000",,$32.51,7.65%,$28.13,$43.32,Wallace Weitz - Weitz Investment Management,1
≡,EEFT - Euronet Worldwide Inc.,0.72,Buy,160000,$76.11,"$12,178,000",,$70.55,-7.31%,$64.34,$114.25,Wallace Weitz - Weitz Investment Management,1
≡,CDW - CDW Corp.,0.45,Add 57.78%,56250,$136.20,"$7,661,000",,$125.15,-8.11%,$120.52,$192.09,Wallace Weitz - Weitz Investment Management,1
≡,MELI - Mercadolibre Inc.,0.44,,3700,$2014.32,"$7,453,000",,$1975.51,-1.93%,$1723.90,$2645.22,Wallace Weitz - Weitz Investment Management,1
≡,LBRDA - Liberty Broadband Corp. CL A,0.4,,140000,$48.28,"$6,759,000",,$55.02,13.96%,$42.05,$95.93,Wallace Weitz - Weitz Investment Management,1
≡,IT - Gartner Inc.,0.37,Reduce 77.25%,24425,$252.28,"$6,162,000",,$156.30,-38.05%,$139.18,$517.06,Wallace Weitz - Weitz Investment Management,1
≡,SPGI - S&P Global Inc.,0.22,,7140,$522.55,"$3,731,000",,$410.45,-21.45%,$381.61,$576.91,Wallace Weitz - Weitz Investment Management,1
≡,VLTO - Veralto Corp.,0.22,Add 1.33%,38000,$99.79,"$3,792,000",,$92.20,-7.61%,$83.58,$109.85,Wallace Weitz - Weitz Investment Management,1
≡,LIN - Linde plc,0.18,Add 4.35%,7200,$426.39,"$3,070,000",,$482.22,13.09%,$387.78,$488.54,Wallace Weitz - Weitz Investment Management,1
≡,CMCSA - Comcast Corp.,0.15,Reduce 81.17%,85000,$29.89,"$2,541,000",,$31.55,5.55%,$23.89,$34.24,Wallace Weitz - Weitz Investment Management,1
≡,FTV - Fortive Corp.,0.15,Reduce 2.16%,45400,$55.22,"$2,507,000",,$56.81,2.88%,$46.10,$63.54,Wallace Weitz - Weitz Investment Management,1
≡,DEO - Diageo ADR,0.12,Reduce 15.90%,23800,$86.26,"$2,053,000",,$96.45,11.81%,$84.52,$113.71,Wallace Weitz - Weitz Investment Management,1
≡,CHTR - Charter Communications,0.01,Reduce 99.37%,650,$209.23,"$136,000",,$237.01,13.28%,$180.38,$437.06,Wallace Weitz - Weitz Investment Management,1
≡,AMZN - Amazon.com Inc.,8.53,Reduce 23.05%,8653721,$230.82,"$1,997,452,000",,$201.15,-12.85%,$161.38,$258.60,Polen Capital Management,1
≡,MSFT - Microsoft Corp.,8.08,Reduce 22.11%,3909985,$483.62,"$1,890,947,000",,$396.86,-17.94%,$342.95,$553.50,Polen Capital Management,1
≡,ORCL - Oracle Corp.,5.98,Reduce 22.64%,7185496,$194.91,"$1,400,525,000",,$153.97,-21.00%,$117.67,$344.21,Polen Capital Management,1
≡,LLY - Eli Lilly & Co.,5.72,Reduce 23.22%,1246090,$1074.68,"$1,339,148,000",,$1036.05,-3.59%,$620.46,$1132.06,Polen Capital Management,1
≡,GOOG - Alphabet Inc. CL C,5.38,Reduce 13.41%,4018121,$313.80,"$1,260,887,000",,$302.82,-3.50%,$142.27,$350.15,Polen Capital Management,1
≡,AVGO - Broadcom Inc.,5.22,Reduce 21.27%,3531637,$346.10,"$1,222,300,000",,$332.54,-3.92%,$137.28,$413.82,Polen Capital Management,1
≡,MA - Mastercard Inc.,5.2,Reduce 22.24%,2131727,$570.88,"$1,216,960,000",,$521.93,-8.57%,$462.92,$600.08,Polen Capital Management,1
≡,V - Visa Inc.,5.06,Reduce 22.23%,3375342,$350.71,"$1,183,766,000",,$319.50,-8.90%,$296.78,$373.34,Polen Capital Management,1
≡,SHOP - Shopify Inc.,4.95,Reduce 34.89%,7201872,$160.97,"$1,159,285,000",,$113.54,-29.47%,$69.84,$182.19,Polen Capital Management,1
≡,NVDA - NVIDIA Corp.,4.24,Reduce 15.39%,5328112,$186.50,"$993,693,000",,$184.97,-0.82%,$86.60,$212.18,Polen Capital Management,1
≡,NOW - ServiceNow Inc.,3.72,Add 1.07%,5680788,$153.19,"$870,240,000",,$105.91,-30.86%,$98.00,$211.48,Polen Capital Management,1
≡,MSCI - MSCI Inc.,3.26,Reduce 15.96%,1331085,$573.73,"$763,684,000",,$521.33,-9.13%,$480.26,$623.82,Polen Capital Management,1
≡,ZTS - Zoetis Inc.,2.99,Reduce 26.00%,5562669,$125.82,"$699,895,000",,$125.56,-0.21%,$114.76,$174.46,Polen Capital Management,1
≡,AON - Aon Plc,2.78,Reduce 25.86%,1846294,$352.88,"$651,520,000",,$325.96,-7.63%,$304.59,$409.47,Polen Capital Management,1
≡,IDXX - IDEXX Laboratories,2.78,Reduce 14.78%,960537,$676.53,"$649,832,000",,$626.17,-7.44%,$356.14,$769.98,Polen Capital Management,1
≡,SBUX - Starbucks Corp.,2.44,Reduce 23.60%,6785308,$84.21,"$571,391,000",,$95.39,13.28%,$73.47,$114.31,Polen Capital Management,1
≡,ACN - Accenture,2.16,Reduce 23.52%,1882707,$268.30,"$505,130,000",,$219.89,-18.04%,$215.16,$383.40,Polen Capital Management,1
≡,ABT - Abbott Labs,2.12,Reduce 46.61%,3962230,$125.29,"$496,428,000",,$112.26,-10.40%,$105.27,$138.63,Polen Capital Management,1
≡,ISRG - Intuitive Surgical Inc.,2.04,Buy,842618,$566.36,"$477,225,000",,$493.35,-12.89%,$425.00,$609.08,Polen Capital Management,1
≡,ADBE - Adobe Inc.,2.01,Reduce 27.55%,1345588,$349.99,"$470,942,000",,$260.45,-25.58%,$251.10,$464.33,Polen Capital Management,1
≡,ABNB - Airbnb Inc.,1.76,Reduce 23.75%,3030730,$135.72,"$411,331,000",,$124.23,-8.47%,$99.88,$162.58,Polen Capital Management,1
≡,SNPS - Synopsys Inc.,1.69,Reduce 19.13%,844881,$469.72,"$396,858,000",,$421.95,-10.17%,$365.74,$651.73,Polen Capital Management,1
≡,BSX - Boston Scientific,1.64,Reduce 28.20%,4019552,$95.35,"$383,264,000",,$76.29,-19.99%,$72.69,$109.50,Polen Capital Management,1
≡,IWF - iShares Russell 1000 Growth ETF,1.57,Add 240.61%,776086,$473.30,"$367,321,000",,$449.35,-5.06%,$307.77,$492.50,Polen Capital Management,1
≡,INTU - Intuit Inc.,1.45,Reduce 22.53%,512656,$662.42,"$339,594,000",,$379.17,-42.76%,$375.40,$810.72,Polen Capital Management,1
≡,CSGP - CoStar Group Inc.,1.4,Reduce 23.35%,4890936,$67.24,"$328,867,000",,$45.74,-31.98%,$43.80,$97.43,Polen Capital Management,1
≡,PAYC - Paycom Software Inc.,1.25,Reduce 30.40%,1835028,$159.36,"$292,430,000",,$122.32,-23.24%,$104.90,$266.71,Polen Capital Management,1
≡,UBER - Uber Technologies Inc.,1.24,Reduce 21.99%,3565793,$81.71,"$291,361,000",,$70.53,-13.68%,$60.63,$101.99,Polen Capital Management,1
≡,MELI - Mercadolibre Inc.,0.41,Reduce 3.22%,47920,$2014.25,"$96,523,000",,$1975.51,-1.92%,$1723.90,$2645.22,Polen Capital Management,1
≡,ACWI - iShares MSCI ACWI ETF,0.37,Add 220.37%,610133,$141.49,"$86,328,000",,$146.00,3.19%,$99.60,$148.41,Polen Capital Management,1
≡,TSM - Taiwan Semiconductor S.A.,0.26,Add 13.29%,200593,$303.89,"$60,958,000",,$364.20,19.85%,$133.00,$380.00,Polen Capital Management,1
≡,SAP - SAP SE,0.24,Reduce 32.36%,233332,$242.91,"$56,679,000",,$201.47,-17.06%,$189.22,$313.28,Polen Capital Management,1
≡,SPOT - Spotify Technology S.A.,0.18,Add 547.02%,71658,$580.70,"$41,612,000",,$462.82,-20.30%,$405.00,$785.00,Polen Capital Management,1
≡,ICLR - ICON plc,0.08,Reduce 76.28%,105206,$182.22,"$19,171,000",,$88.62,-51.37%,$66.57,$211.00,Polen Capital Management,1
≡,NU - Nu Holdings Ltd,0.08,Reduce 24.87%,1157836,$16.74,"$19,382,000",,$16.82,0.48%,$9.01,$18.98,Polen Capital Management,1
≡,NFLX - Netflix Inc.,0.07,Reduce 96.37%,173797,$93.76,"$16,295,000",,$77.00,-17.88%,$75.23,$134.12,Polen Capital Management,1
≡,VUG - Vanguard Growth ETF,0.07,Add 184.94%,33124,$487.86,"$16,160,000",,$459.53,-5.81%,$315.12,$504.86,Polen Capital Management,1
≡,HDB - HDFC Bank Ltd.,0.06,Reduce 38.15%,367007,$36.54,"$13,410,000",,$32.81,-10.21%,$28.87,$39.32,Polen Capital Management,1
≡,ASML - ASML Holding NV,0.05,Reduce 43.45%,11195,$1069.85,"$11,977,000",,$1419.78,32.71%,$573.49,$1491.51,Polen Capital Management,1
≡,MNDY - monday.com Ltd.,0.05,Reduce 36.94%,79332,$147.56,"$11,706,000",,$74.34,-49.62%,$68.68,$323.72,Polen Capital Management,1
≡,ACWX - iShares MSCI ACWI EX U.S. ETF,0.04,Add 105.74%,126761,$67.13,"$8,509,000",,$73.10,8.89%,$47.55,$74.02,Polen Capital Management,1
≡,GOOGL - Alphabet Inc.,0.04,Reduce 93.48%,30864,$312.99,"$9,660,000",,$302.02,-3.50%,$140.14,$349.00,Polen Capital Management,1
≡,IVV - Ishares Core S&P 500 ETF,0.04,Buy,13669,$684.91,"$9,362,000",,$685.84,0.14%,$479.35,$700.97,Polen Capital Management,1
≡,ONON - On Holding AG,0.04,Reduce 24.73%,194483,$46.48,"$9,040,000",,$46.66,0.39%,$34.38,$61.29,Polen Capital Management,1
≡,WTW - Willis Towers Watson plc,0.04,Reduce 87.52%,27425,$328.61,"$9,012,000",,$295.50,-10.08%,$275.60,$351.81,Polen Capital Management,1
≡,AGX - Argan Inc.,0.03,Reduce 33.70%,24886,$313.31,"$7,797,000",,$406.88,29.86%,$100.23,$449.90,Polen Capital Management,1
≡,BE - Bloom Energy Corp.,0.03,Reduce 42.59%,75434,$86.88,"$6,554,000",,$145.32,67.27%,$15.15,$176.49,Polen Capital Management,1
≡,DLO - DLocal Ltd,0.03,Reduce 33.25%,466809,$14.14,"$6,601,000",,$11.85,-16.20%,$7.26,$16.78,Polen Capital Management,1
≡,GLOB - Globant S.A.,0.03,Reduce 33.04%,90462,$65.36,"$5,913,000",,$48.46,-25.86%,$47.61,$223.73,Polen Capital Management,1
≡,MDT - Medtronic plc,0.03,Reduce 32.38%,84500,$96.06,"$8,117,000",,$96.41,0.36%,$77.73,$105.55,Polen Capital Management,1
≡,POWL - Powell Industries,0.03,Reduce 12.91%,20341,$318.77,"$6,484,000",,$561.64,76.19%,$145.53,$612.50,Polen Capital Management,1
≡,TME - Tencent Music Entertainment Grp,0.03,Reduce 26.53%,412467,$17.53,"$7,231,000",,$15.33,-12.55%,$11.71,$26.70,Polen Capital Management,1
≡,VSEC - VSE Corp.,0.03,Reduce 0.09%,34390,$172.78,"$5,942,000",,$213.34,23.47%,$95.86,$225.00,Polen Capital Management,1
≡,WGS - GeneDx Holdings Corp.,0.03,Reduce 12.19%,59861,$130.07,"$7,786,000",,$91.03,-30.01%,$55.17,$170.87,Polen Capital Management,1
≡,ADPT - Adaptive Biotechnologies Corp.,0.02,Add 11.87%,325767,$16.24,"$5,290,000",,$15.79,-2.77%,$6.26,$20.76,Polen Capital Management,1
≡,BELFB - Bel Fuse Inc. CL B,0.02,Add 15.27%,22522,$169.61,"$3,820,000",,$235.30,38.73%,$57.85,$248.61,Polen Capital Management,1
≡,BWXT - BWX Technologies Inc.,0.02,Reduce 12.03%,32328,$172.85,"$5,588,000",,$201.09,16.34%,$83.78,$220.57,Polen Capital Management,1
≡,CECO - CECO Environmental Corp.,0.02,Add 15.86%,69775,$59.85,"$4,176,000",,$78.93,31.88%,$17.57,$79.96,Polen Capital Management,1
≡,CVNA - Carvana Co.,0.02,Reduce 14.17%,8974,$422.00,"$3,787,000",,$350.94,-16.84%,$148.25,$486.89,Polen Capital Management,1
≡,IBN - ICICI Bank Ltd.,0.02,Reduce 44.77%,123872,$29.80,"$3,691,000",,$30.93,3.79%,$27.25,$34.30,Polen Capital Management,1
≡,IESC - IES Holdings Inc.,0.02,Reduce 9.91%,10941,$389.00,"$4,256,000",,$500.85,28.75%,$146.52,$537.70,Polen Capital Management,1
≡,MMYT - MakeMyTrip Ltd,0.02,Reduce 38.53%,53658,$82.11,"$4,406,000",,$56.74,-30.90%,$53.09,$113.85,Polen Capital Management,1
≡,PDD - Pinduoduo Inc.,0.02,Reduce 50.49%,31329,$113.38,"$3,552,000",,$101.83,-10.19%,$87.11,$139.41,Polen Capital Management,1
≡,RHLD - Resolute Holdings Manag,0.02,,20915,$206.41,"$4,317,000",,$179.59,-12.99%,$24.22,$236.19,Polen Capital Management,1
≡,SE - Sea Ltd,0.02,Reduce 39.19%,42710,$127.58,"$5,449,000",,$108.51,-14.95%,$99.50,$199.30,Polen Capital Management,1
≡,SPY - SPDR S&P 500 ETF Trust,0.02,Add 167.93%,6717,$682.00,"$4,581,000",,$682.85,0.12%,$477.64,$697.84,Polen Capital Management,1
≡,TSLA - Tesla Inc.,0.02,Reduce 4.88%,8171,$449.76,"$3,675,000",,$410.63,-8.70%,$214.25,$498.83,Polen Capital Management,1
≡,VT - Vanguard Tot World Stk ETF,0.02,Add 632.49%,33592,$141.05,"$4,738,000",,$146.29,3.71%,$99.27,$148.72,Polen Capital Management,1
≡,AAPL - Apple Inc.,0.01,Reduce 49.70%,7724,$271.88,"$2,100,000",,$263.88,-2.94%,$168.48,$288.35,Polen Capital Management,1
≡,AFRM - Affirm Holdings Inc.,0.01,Reduce 0.38%,32969,$74.43,"$2,454,000",,$51.60,-30.67%,$30.90,$100.00,Polen Capital Management,1
≡,AMPX - Amprius Technologies Inc,0.01,Reduce 15.07%,288290,$7.89,"$2,275,000",,$9.77,23.83%,$1.70,$16.03,Polen Capital Management,1
≡,ATEC - Alphatec Holdings Inc.,0.01,Add 85.22%,95761,$21.04,"$2,015,000",,$13.50,-35.84%,$8.81,$23.29,Polen Capital Management,1
≡,ATRO - Astronics Corp.,0.01,Reduce 0.56%,53691,$54.24,"$2,912,000",,$76.97,41.91%,$18.54,$81.89,Polen Capital Management,1
≡,BBIO - BridgeBio Pharma Inc.,0.01,Add 5.74%,38241,$76.49,"$2,925,000",,$75.85,-0.84%,$28.33,$84.94,Polen Capital Management,1
≡,BFLY - Butterfly Network Inc,0.01,Buy,472971,$3.80,"$1,797,000",,$3.04,-20.00%,$1.32,$5.03,Polen Capital Management,1
≡,BKD - Brookdale Senior Living Inc.,0.01,Add 20.22%,200588,$10.79,"$2,164,000",,$16.64,54.22%,$4.97,$17.09,Polen Capital Management,1
≡,CAAP - Corp America Airports SA,0.01,Add 18.94%,51919,$26.00,"$1,350,000",,$28.74,10.54%,$15.01,$30.50,Polen Capital Management,1
≡,CATH - Global X S&P 500 Catholic Values ETF,0.01,Reduce 10.69%,27566,$82.24,"$2,267,000",,$82.08,-0.19%,$57.89,$83.95,Polen Capital Management,1
≡,CCJ - Cameco Corp.,0.01,Reduce 27.05%,28174,$91.50,"$2,578,000",,$112.94,23.43%,$34.91,$135.24,Polen Capital Management,1
≡,CRS - Carpenter Technology,0.01,Reduce 0.41%,6062,$314.91,"$1,909,000",,$374.88,19.04%,$138.14,$390.70,Polen Capital Management,1
≡,DAVE - Dave Inc,0.01,Reduce 5.02%,11805,$221.43,"$2,614,000",,$176.61,-20.24%,$65.46,$286.45,Polen Capital Management,1
≡,ERO - Ero Copper Corp,0.01,Buy,45544,$28.28,"$1,288,000",,$29.93,5.83%,$9.30,$39.80,Polen Capital Management,1
≡,ESQ - Esquire Financial Holdings Inc.,0.01,,11709,$102.06,"$1,195,000",,$110.42,8.19%,$68.39,$134.56,Polen Capital Management,1
≡,ESTA - Establishment Labs Hldg Inc.,0.01,Buy,17475,$72.90,"$1,274,000",,$74.34,1.98%,$26.56,$78.24,Polen Capital Management,1
≡,FSLR - First Solar Inc.,0.01,Reduce 25.97%,8302,$261.26,"$2,169,000",,$226.05,-13.48%,$116.56,$285.99,Polen Capital Management,1
≡,FTI - TechnipFMC plc,0.01,Reduce 29.47%,35915,$44.55,"$1,600,000",,$61.27,37.53%,$22.02,$62.67,Polen Capital Management,1
≡,GH - Guardant Health Inc.,0.01,Add 13.87%,19667,$102.15,"$2,009,000",,$107.11,4.86%,$34.88,$120.74,Polen Capital Management,1
≡,HCI - HCI Group Inc.,0.01,Reduce 0.23%,18126,$191.71,"$3,475,000",,$160.00,-16.54%,$114.42,$210.01,Polen Capital Management,1
≡,HURN - Huron Consulting Group Inc.,0.01,Add 46.49%,15086,$172.94,"$2,609,000",,$130.21,-24.71%,$120.25,$186.78,Polen Capital Management,1
≡,IE - Ivanhoe Electric Inc Us,0.01,Reduce 16.14%,157882,$15.98,"$2,523,000",,$15.44,-3.38%,$4.50,$21.55,Polen Capital Management,1
≡,IRMD - iRadimed Corp.,0.01,Reduce 5.51%,26891,$97.28,"$2,616,000",,$100.63,3.44%,$46.88,$107.90,Polen Capital Management,1
≡,IRS - Irsa Sp ADR,0.01,Add 7.98%,102911,$16.54,"$1,702,000",,$14.86,-10.16%,$9.67,$19.14,Polen Capital Management,1
≡,IT - Gartner Inc.,0.01,Reduce 5.72%,8753,$252.26,"$2,208,000",,$156.30,-38.04%,$139.18,$517.06,Polen Capital Management,1
≡,JOBY - Joby Aviation Inc.,0.01,Reduce 21.43%,250067,$13.20,"$3,301,000",,$9.99,-24.32%,$4.96,$20.95,Polen Capital Management,1
≡,KAR - KAR Auction Services,0.01,Reduce 3.11%,46259,$29.79,"$1,378,000",,$30.88,3.66%,$17.08,$30.98,Polen Capital Management,1
≡,KARO - Karooooo Ltd,0.01,Reduce 9.43%,74821,$45.50,"$3,404,000",,$46.35,1.87%,$34.94,$61.71,Polen Capital Management,1
≡,KTOS - Kratos Defense & Security Sol.,0.01,Reduce 16.96%,19697,$75.90,"$1,495,000",,$91.97,21.17%,$23.90,$134.00,Polen Capital Management,1
≡,LASR - nLight Inc.,0.01,Add 18.92%,61624,$37.52,"$2,312,000",,$50.89,35.63%,$6.20,$55.92,Polen Capital Management,1
≡,METC - Ramaco Resources Inc A,0.01,Reduce 51.46%,88507,$18.00,"$1,593,000",,$16.06,-10.78%,$6.25,$57.80,Polen Capital Management,1
≡,MIR - Mirion Technologies Inc,0.01,Add 4.34%,79419,$23.42,"$1,860,000",,$21.99,-6.11%,$12.00,$30.28,Polen Capital Management,1
≡,MOD - Modine Mfg.,0.01,Reduce 56.00%,14309,$133.48,"$1,910,000",,$216.84,62.45%,$64.79,$235.02,Polen Capital Management,1
≡,OPY - Oppenheimer Holdings Inc. CL A,0.01,,16343,$72.26,"$1,181,000",,$85.84,18.79%,$48.12,$93.90,Polen Capital Management,1
≡,PGY - Pagaya Technologies Ltd A,0.01,Reduce 16.31%,63497,$20.90,"$1,327,000",,$12.30,-41.15%,$8.50,$44.99,Polen Capital Management,1
≡,PL - Planet Labs PBC,0.01,Buy,111538,$19.72,"$2,200,000",,$22.21,12.63%,$2.79,$30.90,Polen Capital Management,1
≡,PTGX - Protagonist Therapeutics Inc.,0.01,Add 0.12%,20349,$87.33,"$1,777,000",,$82.46,-5.58%,$33.70,$96.54,Polen Capital Management,1
≡,RDVT - Red Violet Inc.,0.01,Add 0.31%,30328,$56.94,"$1,727,000",,$42.39,-25.55%,$32.23,$64.14,Polen Capital Management,1
≡,REAL - RealReal Inc.,0.01,Add 142.88%,175088,$15.78,"$2,763,000",,$10.90,-30.93%,$4.61,$17.39,Polen Capital Management,1
≡,SEI - Solaris Energy Infrastructure Inc.,0.01,Buy,28597,$45.98,"$1,315,000",,$52.54,14.27%,$14.12,$61.36,Polen Capital Management,1
≡,SION - Sionna Therapeutics Inc,0.01,,31258,$41.14,"$1,286,000",,$38.03,-7.56%,$7.26,$45.00,Polen Capital Management,1
≡,SOFI - SoFi Technologies Inc.,0.01,Reduce 17.99%,117450,$26.18,"$3,075,000",,$19.51,-25.48%,$8.60,$32.73,Polen Capital Management,1
≡,SPHR - Sphere Entertainment Co.,0.01,Buy,23828,$95.10,"$2,266,000",,$114.71,20.62%,$23.89,$118.13,Polen Capital Management,1
≡,TMDX - TransMedics Group Inc.,0.01,Add 90.30%,10828,$121.63,"$1,317,000",,$133.82,10.02%,$62.07,$156.00,Polen Capital Management,1
≡,TMO - Thermo Fisher Scientific,0.01,Reduce 97.99%,2307,$579.54,"$1,337,000",,$501.59,-13.45%,$384.82,$643.99,Polen Capital Management,1
≡,VTI - Vanguard Total Stock Mkt ETF,0.01,Buy,5677,$335.21,"$1,903,000",,$337.07,0.55%,$234.39,$344.42,Polen Capital Management,1
≡,W - Wayfair Inc.,0.01,Reduce 10.06%,26857,$100.42,"$2,697,000",,$85.23,-15.13%,$20.41,$119.98,Polen Capital Management,1
≡,WDAY - Workday Inc.,0.01,Reduce 99.42%,10782,$214.80,"$2,316,000",,$143.12,-33.37%,$139.91,$281.00,Polen Capital Management,1
≡,XMTR - Xometry Inc.,0.01,Add 169.25%,22321,$59.45,"$1,327,000",,$55.83,-6.09%,$18.59,$73.87,Polen Capital Management,1
≡,YOU - Clear Secure Inc.,0.01,Add 36.21%,39325,$35.09,"$1,380,000",,$32.50,-7.38%,$21.09,$42.29,Polen Capital Management,1
≡,ABCL - AbCellera Biologics Inc.,0.0,Reduce 61.93%,102508,$3.42,"$351,000",,$3.17,-7.31%,$1.89,$6.52,Polen Capital Management,1
≡,ADP - Automatic Data Processing Inc.,0.0,Reduce 19.71%,1976,$257.09,"$508,000",,$213.08,-17.12%,$208.62,$324.50,Polen Capital Management,1
≡,ADSK - Autodesk Inc.,0.0,Reduce 9.22%,1182,$296.11,"$350,000",,$225.32,-23.91%,$216.01,$329.09,Polen Capital Management,1
≡,ADT - ADT Inc.,0.0,Reduce 36.82%,49368,$8.06,"$398,000",,$7.75,-3.85%,$7.08,$8.87,Polen Capital Management,1
≡,AEHR - Aehr Test Systems,0.0,Add 29.19%,30111,$20.19,"$608,000",,$28.49,41.11%,$6.27,$37.49,Polen Capital Management,1
≡,AMSC - American Superconductor Corp.,0.0,Reduce 50.17%,23565,$28.77,"$678,000",,$36.66,27.42%,$13.98,$70.49,Polen Capital Management,1
≡,AORT - Artivion Inc.,0.0,Buy,25259,$45.61,"$1,152,000",,$36.50,-19.97%,$21.97,$48.25,Polen Capital Management,1
≡,APEI - American Public Education Inc.,0.0,Buy,14117,$37.83,"$534,000",,$44.30,17.10%,$18.77,$46.06,Polen Capital Management,1
≡,APPN - Appian Corp.,0.0,Buy,10366,$35.40,"$367,000",,$23.04,-34.92%,$22.19,$46.06,Polen Capital Management,1
≡,ASND - Ascendis Pharma,0.0,Reduce 56.22%,1211,$213.05,"$258,000",,$223.41,4.86%,$124.06,$242.00,Polen Capital Management,1
≡,ASPI - Asp Isotopes Inc,0.0,Reduce 40.10%,139511,$5.35,"$746,000",,$5.39,0.75%,$3.65,$14.49,Polen Capital Management,1
≡,ASTE - Astec Industries,0.0,Add 23.39%,22344,$43.32,"$968,000",,$58.77,35.66%,$29.38,$59.99,Polen Capital Management,1
≡,AVAV - AeroVironment Inc.,0.0,Add 48.81%,1689,$242.16,"$409,000",,$262.99,8.60%,$102.25,$417.86,Polen Capital Management,1
≡,AWI - Armstrong World Industries Inc.,0.0,Add 27.30%,1511,$191.26,"$289,000",,$198.22,3.64%,$121.70,$206.05,Polen Capital Management,1
≡,AX - Axos Financial Inc.,0.0,Add 19.69%,10986,$86.20,"$947,000",,$97.56,13.18%,$54.46,$101.92,Polen Capital Management,1
≡,AXTI - AXT Inc.,0.0,Buy,22215,$16.34,"$363,000",,$23.21,42.04%,$1.13,$28.65,Polen Capital Management,1
≡,AYI - Acuity Brands Inc.,0.0,Reduce 33.81%,1061,$360.04,"$382,000",,$311.16,-13.58%,$216.28,$379.92,Polen Capital Management,1
≡,BW - Babcock & Wilcox Enterprises,0.0,Buy,122280,$6.34,"$775,000",,$9.52,50.16%,$0.22,$11.57,Polen Capital Management,1
≡,CCO - Clear Channel Outdoor Holdings,0.0,Buy,95912,$2.21,"$212,000",,$2.38,7.69%,$0.81,$2.39,Polen Capital Management,1
≡,CEG - Constellation Energy Corp.,0.0,Reduce 33.03%,2812,$353.13,"$993,000",,$303.01,-14.19%,$160.75,$412.23,Polen Capital Management,1
≡,CELC - Celcuity Inc.,0.0,Buy,4660,$99.79,"$465,000",,$107.32,7.55%,$7.58,$120.32,Polen Capital Management,1
≡,CPF - Central Pacific Financial,0.0,Add 28.50%,22150,$31.15,"$690,000",,$34.38,10.37%,$22.52,$35.01,Polen Capital Management,1
≡,CPS - Cooper Standard Holdings Inc.,0.0,Buy,7635,$32.87,"$251,000",,$43.63,32.74%,$10.38,$47.98,Polen Capital Management,1
≡,CRDO - Credo Technology Group Holdi,0.0,Reduce 21.66%,7915,$143.90,"$1,139,000",,$124.80,-13.27%,$29.09,$213.80,Polen Capital Management,1
≡,CRM - Salesforce.com,0.0,Reduce 31.21%,2581,$265.01,"$684,000",,$184.29,-30.46%,$180.24,$327.60,Polen Capital Management,1
≡,CSIQ - Canadian Solar Inc,0.0,Buy,22223,$23.76,"$528,000",,$19.06,-19.78%,$6.57,$34.59,Polen Capital Management,1
≡,CW - Curtiss-Wright Corp.,0.0,Reduce 36.56%,1211,$551.61,"$668,000",,$688.00,24.73%,$266.51,$709.99,Polen Capital Management,1
≡,CYTK - Cytokinetics Inc.,0.0,Buy,9584,$63.54,"$609,000",,$66.62,4.85%,$29.31,$70.98,Polen Capital Management,1
≡,DNLI - Denali Therapeutics Inc.,0.0,Buy,26900,$16.51,"$444,000",,$19.28,16.78%,$10.57,$23.77,Polen Capital Management,1
≡,EMBJ - Embraer SA,0.0,Reduce 60.10%,7924,$64.36,"$510,000",,$71.51,11.11%,$38.41,$80.75,Polen Capital Management,1
≡,EOSE - Eos Energy Enterprises Inc,0.0,,21080,$11.48,"$242,000",,$11.45,-0.26%,$3.07,$19.86,Polen Capital Management,1
≡,ESPR - Esperion Therapeutics Inc.,0.0,Buy,116292,$3.70,"$430,000",,$3.55,-4.05%,$0.69,$4.18,Polen Capital Management,1
≡,FIGR - Figure Technology Solut Cl A,0.0,Buy,12803,$40.85,"$523,000",,$36.91,-9.65%,$30.01,$78.00,Polen Capital Management,1
≡,FIGS - FIGS Inc.,0.0,Buy,48828,$11.37,"$555,000",,$10.25,-9.85%,$3.57,$12.50,Polen Capital Management,1
≡,FROG - JFrog Ltd,0.0,Buy,9884,$62.42,"$617,000",,$47.57,-23.79%,$27.00,$70.43,Polen Capital Management,1
≡,FTAI - FTAI Aviation Ltd.,0.0,Reduce 74.57%,2748,$196.87,"$541,000",,$285.75,45.15%,$80.89,$310.00,Polen Capital Management,1
≡,GAP - Gap Inc.,0.0,Buy,12860,$25.58,"$329,000",,$27.60,7.90%,$16.48,$29.24,Polen Capital Management,1
≡,GDYN - Grid Dynamics Holdings Inc,0.0,Buy,19383,$9.03,"$175,000",,$6.51,-27.91%,$6.16,$25.50,Polen Capital Management,1
≡,GGAL - Grupo Financiero Galicia S.A.,0.0,Buy,21373,$53.95,"$1,153,000",,$45.16,-16.29%,$25.51,$64.52,Polen Capital Management,1
≡,GHM - Graham Corp.,0.0,Buy,6217,$64.18,"$399,000",,$82.08,27.89%,$24.78,$91.91,Polen Capital Management,1
≡,GPGI - GPGI Inc.,0.0,,33395,$19.28,"$644,000",,$24.11,25.05%,$9.24,$26.78,Polen Capital Management,1
≡,GRAL - Grail Inc,0.0,Reduce 18.87%,13526,$85.61,"$1,158,000",,$99.03,15.68%,$20.44,$118.84,Polen Capital Management,1
≡,GRBK - Green Brick Partners,0.0,Buy,6526,$62.67,"$409,000",,$79.49,26.84%,$50.57,$80.97,Polen Capital Management,1
≡,HHH - Howard Hughes Holdings Inc.,0.0,Reduce 41.32%,13980,$79.76,"$1,115,000",,$82.76,3.76%,$61.41,$91.07,Polen Capital Management,1
≡,HLLY - Holley Inc,0.0,Buy,77032,$4.13,"$318,000",,$4.15,0.48%,$1.60,$4.43,Polen Capital Management,1
≡,HQY - HealthEquity Inc.,0.0,Buy,4980,$91.57,"$456,000",,$74.36,-18.79%,$72.76,$116.65,Polen Capital Management,1
≡,IHRT - iHeartMedia Inc.,0.0,Add 9.74%,155516,$4.16,"$647,000",,$3.42,-17.79%,$0.95,$5.44,Polen Capital Management,1
≡,IOO - Ishares Global 100 ETF,0.0,Buy,2743,$126.50,"$347,000",,$126.82,0.25%,$81.94,$130.15,Polen Capital Management,1
≡,KOD - Kodiak Sciences Inc.,0.0,Add 91.68%,41340,$27.96,"$1,156,000",,$22.66,-18.96%,$1.92,$31.18,Polen Capital Management,1
≡,KRMN - Karman Holdings Inc,0.0,Buy,6455,$73.12,"$472,000",,$75.11,2.72%,$25.03,$118.38,Polen Capital Management,1
≡,KURA - Kura Oncology Inc.,0.0,Buy,90847,$10.39,"$944,000",,$8.48,-18.38%,$5.41,$12.49,Polen Capital Management,1
≡,LMB - Limbach Holdings Inc.,0.0,Reduce 62.57%,5892,$77.90,"$459,000",,$91.16,17.02%,$63.02,$154.05,Polen Capital Management,1
≡,LQDA - Liquidia Corp.,0.0,Buy,33538,$34.50,"$1,157,000",,$33.84,-1.91%,$11.26,$46.67,Polen Capital Management,1
≡,LTH - Life Time Group Holdings Inc,0.0,Reduce 70.65%,9609,$26.54,"$255,000",,$29.06,9.50%,$24.14,$34.99,Polen Capital Management,1
≡,LUXE - LuxExperience B.V.,0.0,Add 64.76%,50258,$8.36,"$420,000",,$10.27,22.85%,$6.18,$12.06,Polen Capital Management,1
≡,LYFT - Lyft Inc.,0.0,Buy,18239,$19.35,"$353,000",,$13.30,-31.27%,$9.66,$25.54,Polen Capital Management,1
≡,MAMA - Mama's Creations Inc,0.0,Buy,32989,$13.49,"$445,000",,$14.98,11.05%,$5.50,$16.68,Polen Capital Management,1
≡,MEDP - Medpace Holdings Inc.,0.0,Reduce 12.12%,696,$561.78,"$391,000",,$428.18,-23.78%,$250.05,$628.92,Polen Capital Management,1
≡,MESO - Mesoblast Ltd Spon ADR,0.0,Buy,23005,$18.04,"$415,000",,$16.85,-6.60%,$9.61,$21.50,Polen Capital Management,1
≡,MIRM - Mirum Pharmaceuticals Inc.,0.0,Add 0.16%,13360,$78.97,"$1,055,000",,$102.83,30.21%,$36.88,$105.74,Polen Capital Management,1
≡,MLI - Mueller Industries,0.0,Reduce 45.35%,2720,$114.71,"$312,000",,$118.77,3.54%,$66.31,$139.29,Polen Capital Management,1
≡,NAMS - Newamsterdam Pharma Co Nv,0.0,Buy,11239,$35.06,"$394,000",,$35.24,0.51%,$14.06,$42.00,Polen Capital Management,1
≡,NMRK - Newmark Group Inc. CL A,0.0,Add 113.15%,23619,$17.36,"$410,000",,$14.62,-15.78%,$9.59,$19.80,Polen Capital Management,1
≡,NRG - NRG Energy Inc.,0.0,Reduce 49.53%,3033,$159.25,"$483,000",,$173.45,8.92%,$78.59,$179.52,Polen Capital Management,1
≡,NSSC - Napco Security Technologies Inc.,0.0,,12567,$41.70,"$524,000",,$44.13,5.83%,$18.78,$47.96,Polen Capital Management,1
≡,NTRA - Natera Inc.,0.0,Reduce 52.97%,1376,$228.92,"$315,000",,$211.25,-7.72%,$125.38,$256.36,Polen Capital Management,1
≡,NUVL - Nuvalent Inc.,0.0,Buy,6359,$100.64,"$640,000",,$102.24,1.59%,$55.54,$113.02,Polen Capital Management,1
≡,ODD - Oddity Tech Ltd Cl A,0.0,Reduce 35.06%,16175,$40.19,"$650,000",,$28.08,-30.13%,$27.09,$79.18,Polen Capital Management,1
≡,OLMA - Olema Pharmaceuticals Inc,0.0,Buy,15206,$24.99,"$380,000",,$22.62,-9.48%,$2.86,$36.26,Polen Capital Management,1
≡,OPFI - Oppfi Inc,0.0,Reduce 33.64%,40472,$10.45,"$423,000",,$8.98,-14.07%,$7.31,$15.03,Polen Capital Management,1
≡,OSCR - Oscar Health Inc.,0.0,Reduce 36.13%,13755,$14.39,"$198,000",,$13.39,-6.95%,$11.20,$23.80,Polen Capital Management,1
≡,PACB - Pacific Biosciences of California,0.0,Buy,137149,$1.87,"$256,000",,$1.58,-15.51%,$0.85,$2.73,Polen Capital Management,1
≡,PBI - Pitney Bowes Inc.,0.0,Reduce 31.38%,60710,$10.57,"$642,000",,$10.24,-3.12%,$7.22,$12.89,Polen Capital Management,1
≡,PGEN - Precigen Inc.,0.0,Buy,42095,$4.18,"$176,000",,$5.21,24.64%,$1.11,$5.47,Polen Capital Management,1
≡,PLPC - Preformed Line Products,0.0,,5660,$206.71,"$1,170,000",,$273.24,32.19%,$118.43,$287.97,Polen Capital Management,1
≡,PRCH - Porch Group Inc,0.0,Reduce 75.31%,53683,$9.13,"$490,000",,$8.63,-5.48%,$3.72,$19.44,Polen Capital Management,1
≡,PRLB - Proto Labs Inc.,0.0,Buy,4148,$50.63,"$210,000",,$66.82,31.98%,$29.59,$68.91,Polen Capital Management,1
≡,PSNL - Personalis Inc.,0.0,Buy,50705,$7.97,"$404,000",,$8.57,7.53%,$2.83,$11.50,Polen Capital Management,1
≡,PTON - Peloton Interactive Inc.,0.0,Reduce 88.66%,36795,$6.17,"$227,000",,$4.19,-32.09%,$4.08,$10.02,Polen Capital Management,1
≡,PYPL - PayPal Holdings Inc.,0.0,Reduce 8.60%,3487,$58.50,"$204,000",,$40.81,-30.24%,$38.46,$79.32,Polen Capital Management,1
≡,RKLB - Rocket Lab Corp.,0.0,Buy,15324,$69.76,"$1,069,000",,$69.89,0.19%,$14.71,$99.58,Polen Capital Management,1
≡,ROAD - Construction Partners Inc. CL A,0.0,Reduce 2.37%,10615,$108.53,"$1,152,000",,$135.17,24.55%,$64.79,$141.90,Polen Capital Management,1
≡,ROIV - Roivant Sciences Ltd,0.0,Buy,9662,$21.73,"$210,000",,$27.09,24.67%,$8.73,$27.94,Polen Capital Management,2
≡,RR - Richtech Robotics Inc Cl B,0.0,Buy,64298,$3.23,"$208,000",,$2.76,-14.55%,$1.37,$7.43,Polen Capital Management,2
≡,SERV - Serve Robotics Inc,0.0,Buy,21833,$10.40,"$227,000",,$9.27,-10.87%,$4.66,$18.64,Polen Capital Management,2
≡,SES - Ses Ai Corp,0.0,Reduce 15.28%,338156,$1.80,"$609,000",,$1.70,-5.56%,$0.38,$3.73,Polen Capital Management,2
≡,SGOV - Ishares 0 3 Month Treasury B,0.0,,4972,$100.36,"$499,000",,$100.52,0.16%,$96.53,$100.53,Polen Capital Management,2
≡,SKYW - SkyWest Inc.,0.0,Reduce 64.10%,4380,$100.46,"$440,000",,$107.43,6.94%,$74.70,$123.94,Polen Capital Management,2
≡,SMR - Nuscale Power Corp,0.0,Reduce 22.66%,64615,$14.18,"$916,000",,$14.27,0.63%,$11.08,$57.42,Polen Capital Management,2
≡,SNDK - SanDisk Corp.,0.0,Buy,1860,$237.63,"$442,000",,$590.59,148.53%,$27.89,$725.00,Polen Capital Management,2
≡,SOPH - Sophia Genetics SA,0.0,Buy,21738,$4.69,"$102,000",,$4.75,1.28%,$2.58,$5.70,Polen Capital Management,2
≡,SRRK - Scholar Rock Holding Corp.,0.0,Add 20.50%,21762,$44.07,"$959,000",,$46.45,5.40%,$22.71,$49.82,Polen Capital Management,2
≡,SSYS - Stratasys Ltd.,0.0,Reduce 38.49%,32493,$8.68,"$282,000",,$10.67,22.93%,$8.12,$12.81,Polen Capital Management,2
≡,STRL - Sterling Construction Co. Inc.,0.0,Reduce 40.36%,1952,$306.35,"$598,000",,$421.20,37.49%,$96.34,$470.00,Polen Capital Management,2
≡,SWIM - Latham Group Inc,0.0,Reduce 32.58%,112388,$6.35,"$714,000",,$6.61,4.09%,$4.56,$8.46,Polen Capital Management,2
≡,SYM - Symbotic Inc.,0.0,Reduce 48.74%,4298,$59.56,"$256,000",,$55.32,-7.12%,$16.32,$87.88,Polen Capital Management,2
≡,TDUP - ThredUp Inc.,0.0,Add 31.93%,145615,$6.39,"$930,000",,$4.61,-27.86%,$2.02,$12.28,Polen Capital Management,2
≡,TEM - Tempus Ai Inc,0.0,Reduce 77.70%,3756,$59.11,"$222,000",,$52.56,-11.08%,$36.22,$104.32,Polen Capital Management,2
≡,TIGO - Millicom Intl Cellular S.a.,0.0,Add 0.13%,17685,$55.41,"$980,000",,$66.20,19.47%,$23.00,$68.93,Polen Capital Management,2
≡,TLN - Talen Energy Corp,0.0,Reduce 66.54%,1349,$375.09,"$506,000",,$388.28,3.52%,$158.08,$451.28,Polen Capital Management,2
≡,TSHA - Taysha Gene Therapies Inc,0.0,Buy,156586,$5.50,"$861,000",,$4.58,-16.73%,$1.05,$6.02,Polen Capital Management,2
≡,TTAN - Servicetitan Inc A,0.0,Add 32.69%,2975,$106.55,"$317,000",,$61.00,-42.75%,$58.01,$131.33,Polen Capital Management,2
≡,TWLO - Twilio Inc.,0.0,Add 1.49%,3056,$142.34,"$435,000",,$108.49,-23.78%,$77.51,$145.90,Polen Capital Management,2
≡,U - Unity Software Inc.,0.0,Reduce 36.90%,5449,$44.23,"$241,000",,$18.36,-58.49%,$15.33,$52.15,Polen Capital Management,2
≡,ULS - Ul Solutions Inc Class A,0.0,Buy,3420,$78.95,"$270,000",,$70.61,-10.56%,$49.08,$91.82,Polen Capital Management,2
≡,UNH - United Health Group Inc.,0.0,Reduce 19.29%,1197,$329.99,"$395,000",,$289.09,-12.39%,$231.57,$594.32,Polen Capital Management,2
≡,UPWK - Upwork Inc.,0.0,Add 278.70%,43111,$19.81,"$854,000",,$12.76,-35.59%,$11.13,$22.84,Polen Capital Management,2
≡,VCTR - Victory Capital Holdings,0.0,Reduce 38.54%,11145,$63.08,"$703,000",,$75.32,19.40%,$45.96,$77.78,Polen Capital Management,2
≡,VELO - Velo3d Inc,0.0,Buy,39896,$13.74,"$548,000",,$9.42,-31.44%,$1.43,$23.84,Polen Capital Management,2
≡,WAL - Western Alliance Bancorp,0.0,Reduce 42.92%,3797,$84.01,"$319,000",,$94.63,12.64%,$56.23,$97.23,Polen Capital Management,2
≡,WINA - Winmark Corp.,0.0,Buy,859,$405.12,"$348,000",,$458.16,13.09%,$286.35,$512.96,Polen Capital Management,2
≡,XERS - Xeris Pharmaceuticals Inc.,0.0,Add 0.17%,133416,$7.85,"$1,047,000",,$6.91,-11.97%,$3.56,$10.08,Polen Capital Management,2
≡,ZGN - Ermenegildo Zegna Nv,0.0,Buy,42768,$10.24,"$438,000",,$11.84,15.63%,$5.96,$11.93,Polen Capital Management,2
≡,CHTR - Charter Communications,26.77,,164000,$208.75,"$34,235,000",,$237.01,13.54%,$180.38,$437.06,Tom Bancroft - Makaira Partners,1
≡,DPZ - Dominos Pizza Inc.,12.06,,37000,$416.81,"$15,422,000",,$373.50,-10.39%,$370.70,$493.24,Tom Bancroft - Makaira Partners,1
≡,LAMR - Lamar Advertising Co.,11.88,Reduce 29.41%,120000,$126.58,"$15,190,000",,$132.57,4.73%,$95.95,$136.69,Tom Bancroft - Makaira Partners,1
≡,BBWI - Bath & Body Works Inc.,11.53,Reduce 46.40%,734355,$20.08,"$14,746,000",,$24.67,22.86%,$14.28,$40.75,Tom Bancroft - Makaira Partners,1
≡,CDW - CDW Corp.,10.65,,100000,$136.20,"$13,620,000",,$125.15,-8.11%,$120.52,$192.09,Tom Bancroft - Makaira Partners,1
≡,BELFB - Bel Fuse Inc. CL B,7.29,Reduce 45.00%,55000,$169.64,"$9,330,000",,$235.30,38.71%,$57.85,$248.61,Tom Bancroft - Makaira Partners,1
≡,FLUT - Flutter Entertainment Plc,6.96,Reduce 49.13%,41422,$215.03,"$8,907,000",,$123.91,-42.38%,$122.55,$313.69,Tom Bancroft - Makaira Partners,1
≡,LMB - Limbach Holdings Inc.,6.22,Add 95.71%,102239,$77.85,"$7,959,000",,$91.16,17.10%,$63.02,$154.05,Tom Bancroft - Makaira Partners,1
≡,WHD - Cactus Inc.,5.05,Reduce 46.36%,141286,$45.68,"$6,454,000",,$56.99,24.76%,$33.09,$60.63,Tom Bancroft - Makaira Partners,1
≡,SVV - Savers Value Village Inc,1.16,Reduce 79.60%,159110,$9.34,"$1,486,000",,$10.90,16.70%,$6.48,$13.89,Tom Bancroft - Makaira Partners,1
≡,HEI.A - HEICO Corp. CL A,0.43,,2171,$252.42,"$548,000",,$254.25,0.72%,$174.66,$279.66,Tom Bancroft - Makaira Partners,1
≡,GOOGL - Alphabet Inc.,16.58,Reduce 6.51%,2088598,$313.00,"$653,731,000",,$302.02,-3.51%,$140.14,$349.00,Lindsell Train,1
≡,TKO - TKO Group Holdings Inc.,14.95,Reduce 4.55%,2820204,$209.00,"$589,423,000",,$210.14,0.55%,$131.77,$218.11,Lindsell Train,1
≡,INTU - Intuit Inc.,10.25,Reduce 0.25%,610251,$662.42,"$404,242,000",,$379.17,-42.76%,$375.40,$810.72,Lindsell Train,1
≡,TMO - Thermo Fisher Scientific,10.13,Reduce 15.66%,689503,$579.45,"$399,533,000",,$501.59,-13.44%,$384.82,$643.99,Lindsell Train,1
≡,DIS - Walt Disney Co.,10.05,Reduce 6.55%,3481830,$113.77,"$396,128,000",,$105.44,-7.32%,$79.22,$123.85,Lindsell Train,1
≡,FICO - Fair Isaac Corp.,9.29,Reduce 2.85%,216593,$1690.62,"$366,176,000",,$1351.60,-20.05%,$1280.86,$2217.60,Lindsell Train,1
≡,PEP - PepsiCo Inc.,6.56,Reduce 18.15%,1801971,$143.52,"$258,619,000",,$161.92,12.82%,$123.93,$171.48,Lindsell Train,1
≡,PYPL - PayPal Holdings Inc.,6.36,Reduce 4.13%,4298618,$58.38,"$250,953,000",,$40.81,-30.10%,$38.46,$79.32,Lindsell Train,1
≡,MDLZ - Mondelez International,6.12,Reduce 10.92%,4479854,$53.83,"$241,151,000",,$59.86,11.20%,$51.20,$69.94,Lindsell Train,1
≡,EBAY - eBay Inc.,4.59,Reduce 15.32%,2079079,$87.10,"$181,088,000",,$79.95,-8.21%,$58.09,$100.76,Lindsell Train,1
≡,BF.A - Brown-Forman Corp. CL A,1.83,,2742740,$26.31,"$72,161,000",,$29.45,11.93%,$25.53,$37.32,Lindsell Train,1
≡,MANU - Manchester United plc,1.45,Reduce 17.82%,3596500,$15.92,"$57,256,000",,$17.66,10.93%,$12.05,$19.65,Lindsell Train,1
≡,BF.B - Brown-Forman Corp.,1.09,,1649764,$26.06,"$42,993,000",,$29.26,12.28%,$25.13,$37.94,Lindsell Train,1
≡,AXP - American Express,0.09,Reduce 3.92%,9800,$370.00,"$3,626,000",,$344.53,-6.88%,$218.83,$386.63,Lindsell Train,1
≡,SPGI - S&P Global Inc.,0.09,Add 4.62%,6800,$522.65,"$3,554,000",,$410.45,-21.47%,$381.61,$576.91,Lindsell Train,1
≡,V - Visa Inc.,0.09,,10000,$350.70,"$3,507,000",,$319.50,-8.90%,$296.78,$373.34,Lindsell Train,1
≡,CP - Canadian Pacific Kansas City,0.06,Add 5.26%,30000,$73.63,"$2,209,000",,$83.88,13.92%,$66.06,$85.15,Lindsell Train,1
≡,EFX - Equifax Inc.,0.06,Add 4.76%,11000,$217.00,"$2,387,000",,$192.70,-11.20%,$166.02,$279.27,Lindsell Train,1
≡,ADBE - Adobe Inc.,0.05,Add 17.78%,5300,$350.00,"$1,855,000",,$260.45,-25.59%,$251.10,$464.33,Lindsell Train,1
≡,CME - CME Group,0.05,,7400,$273.11,"$2,021,000",,$303.23,11.03%,$239.86,$309.35,Lindsell Train,1
≡,EL - Estee Lauder Cos.,0.04,,15500,$104.71,"$1,623,000",,$112.14,7.10%,$47.76,$121.64,Lindsell Train,1
≡,ORCL - Oracle Corp.,0.04,,9000,$194.89,"$1,754,000",,$153.97,-21.00%,$117.67,$344.21,Lindsell Train,1
≡,VRSK - Verisk Analytics Inc.,0.04,,7500,$223.73,"$1,678,000",,$177.30,-20.75%,$164.60,$321.24,Lindsell Train,1
≡,CL - Colgate-Palmolive,0.03,Reduce 2.67%,14600,$79.04,"$1,154,000",,$95.65,21.01%,$74.09,$98.13,Lindsell Train,1
≡,KO - Coca Cola Co.,0.03,Reduce 8.11%,17000,$69.88,"$1,188,000",,$79.56,13.85%,$64.63,$80.41,Lindsell Train,1
≡,NKE - NIKE Inc.,0.03,,20400,$63.73,"$1,300,000",,$64.82,1.71%,$51.34,$80.55,Lindsell Train,1
≡,TROW - T. Rowe Price Group,0.03,,12000,$102.42,"$1,229,000",,$93.81,-8.41%,$74.96,$115.38,Lindsell Train,1
≡,MSGS - Madison Square Garden Sports Corp.,0.02,,3300,$258.79,"$854,000",,$293.78,13.52%,$173.26,$299.01,Lindsell Train,1
≡,MSFT - Microsoft Corp.,10.1,Reduce 12.68%,1326840,$483.62,"$641,686,000",,$396.86,-17.94%,$342.95,$553.50,Jensen Investment Management,1
≡,AAPL - Apple Inc.,8.46,Reduce 14.11%,1978272,$271.86,"$537,813,000",,$263.88,-2.94%,$168.48,$288.35,Jensen Investment Management,1
≡,GOOGL - Alphabet Inc.,7.55,Reduce 14.46%,1532213,$313.00,"$479,583,000",,$302.02,-3.51%,$140.14,$349.00,Jensen Investment Management,1
≡,NVDA - NVIDIA Corp.,6.61,Add 4.33%,2253736,$186.50,"$420,322,000",,$184.97,-0.82%,$86.60,$212.18,Jensen Investment Management,1
≡,MA - Mastercard Inc.,4.34,Reduce 16.99%,482740,$570.88,"$275,587,000",,$521.93,-8.57%,$462.92,$600.08,Jensen Investment Management,1
≡,LLY - Eli Lilly & Co.,4.22,Reduce 46.13%,249827,$1074.68,"$268,484,000",,$1036.05,-3.59%,$620.46,$1132.06,Jensen Investment Management,1
≡,AMZN - Amazon.com Inc.,4.12,Buy,1133670,$230.82,"$261,674,000",,$201.15,-12.85%,$161.38,$258.60,Jensen Investment Management,1
≡,SYK - Stryker Corp.,4.05,Reduce 40.04%,731545,$351.47,"$257,116,000",,$369.18,5.04%,$326.90,$402.95,Jensen Investment Management,1
≡,META - Meta Platforms Inc.,3.8,Reduce 8.47%,366040,$660.09,"$241,619,000",,$639.29,-3.15%,$478.72,$795.06,Jensen Investment Management,1
≡,ABT - Abbott Labs,3.69,Reduce 22.26%,1873063,$125.29,"$234,676,000",,$112.26,-10.40%,$105.27,$138.63,Jensen Investment Management,1
≡,KLAC - KLA Corp.,3.62,Reduce 27.80%,189514,$1215.08,"$230,275,000",,$1470.19,21.00%,$547.18,$1691.15,Jensen Investment Management,1
≡,WM - Waste Management Inc.,3.46,Reduce 7.93%,1000459,$219.71,"$219,811,000",,$235.22,7.06%,$193.36,$239.91,Jensen Investment Management,1
≡,MRSH - Marsh,3.17,Reduce 54.94%,1084317,$185.52,"$201,162,000",,$175.83,-5.22%,$170.37,$244.59,Jensen Investment Management,1
≡,SHW - Sherwin-Williams,3.15,Reduce 6.83%,618261,$324.03,"$200,335,000",,$367.94,13.55%,$306.78,$378.76,Jensen Investment Management,1
≡,PG - Procter & Gamble,2.89,Reduce 11.08%,1282207,$143.31,"$183,753,000",,$159.55,11.33%,$136.65,$175.18,Jensen Investment Management,1
≡,INTU - Intuit Inc.,2.85,Reduce 49.16%,272978,$662.42,"$180,826,000",,$379.17,-42.76%,$375.40,$810.72,Jensen Investment Management,1
≡,EFX - Equifax Inc.,2.81,Reduce 19.37%,824439,$216.98,"$178,887,000",,$192.70,-11.19%,$166.02,$279.27,Jensen Investment Management,1
≡,BR - Broadridge Financial Solutions,2.7,Reduce 30.04%,769449,$223.17,"$171,718,000",,$174.13,-21.97%,$163.71,$269.71,Jensen Investment Management,1
≡,CDNS - Cadence Design Systems,2.61,Reduce 14.60%,529665,$312.58,"$165,563,000",,$283.46,-9.32%,$221.56,$376.45,Jensen Investment Management,1
≡,ADP - Automatic Data Processing Inc.,2.57,Reduce 31.44%,633763,$257.23,"$163,023,000",,$213.08,-17.16%,$208.62,$324.50,Jensen Investment Management,1
≡,MCD - McDonald's Corp.,2.13,Reduce 11.52%,443278,$305.63,"$135,479,000",,$327.62,7.19%,$280.19,$335.67,Jensen Investment Management,1
≡,VRSK - Verisk Analytics Inc.,1.57,Add 4.93%,445596,$223.69,"$99,675,000",,$177.30,-20.74%,$164.60,$321.24,Jensen Investment Management,1
≡,CPRT - Copart Inc.,1.34,Reduce 58.80%,2168517,$39.15,"$84,897,000",,$37.52,-4.16%,$36.52,$63.85,Jensen Investment Management,1
≡,VEEV - Veeva Systems Inc.,1.08,Reduce 25.28%,308753,$223.23,"$68,923,000",,$176.82,-20.79%,$168.14,$310.50,Jensen Investment Management,1
≡,MSI - Motorola Solutions Inc.,1.06,Buy,175236,$383.32,"$67,171,000",,$457.76,19.42%,$359.36,$489.48,Jensen Investment Management,1
≡,AVGO - Broadcom Inc.,0.97,Buy,178441,$346.10,"$61,758,000",,$332.54,-3.92%,$137.28,$413.82,Jensen Investment Management,1
≡,APH - Amphenol Corp.,0.49,Reduce 73.49%,230488,$135.14,"$31,148,000",,$148.57,9.94%,$56.16,$167.04,Jensen Investment Management,1
≡,ORCL - Oracle Corp.,0.38,Reduce 12.68%,124373,$194.91,"$24,242,000",,$153.97,-21.00%,$117.67,$344.21,Jensen Investment Management,1
≡,ACN - Accenture,0.28,Reduce 78.77%,66424,$268.31,"$17,822,000",,$219.89,-18.05%,$215.16,$383.40,Jensen Investment Management,1
≡,ECL - Ecolab Inc.,0.25,Reduce 10.49%,59960,$262.53,"$15,741,000",,$303.80,15.72%,$219.93,$306.52,Jensen Investment Management,1
≡,WAT - Waters Corp.,0.23,Reduce 11.84%,38736,$379.83,"$14,713,000",,$321.43,-15.38%,$275.05,$414.15,Jensen Investment Management,1
≡,JGRW - Jensen Quality Growth ETF,0.22,Buy,517847,$27.06,"$14,015,000",,$25.67,-5.14%,$22.77,$27.57,Jensen Investment Management,1
≡,ADBE - Adobe Inc.,0.19,Reduce 21.36%,34597,$350.00,"$12,109,000",,$260.45,-25.59%,$251.10,$464.33,Jensen Investment Management,1
≡,PEP - PepsiCo Inc.,0.19,Reduce 11.29%,82002,$143.52,"$11,769,000",,$161.92,12.82%,$123.93,$171.48,Jensen Investment Management,1
≡,EMR - Emerson Electric,0.16,Reduce 18.50%,74900,$132.72,"$9,941,000",,$148.85,12.15%,$88.58,$164.52,Jensen Investment Management,1
≡,CL - Colgate-Palmolive,0.15,Reduce 4.69%,118934,$79.02,"$9,398,000",,$95.65,21.05%,$74.09,$98.13,Jensen Investment Management,1
≡,CTSH - Cognizant Technology Solutions,0.14,Reduce 12.93%,107726,$83.00,"$8,941,000",,$65.18,-21.47%,$64.28,$88.42,Jensen Investment Management,1
≡,KO - Coca Cola Co.,0.12,Reduce 10.31%,111652,$69.91,"$7,806,000",,$79.56,13.80%,$64.63,$80.41,Jensen Investment Management,1
≡,CLX - Clorox Co.,0.11,Reduce 6.81%,68465,$100.83,"$6,903,000",,$122.96,21.95%,$95.60,$152.78,Jensen Investment Management,1
≡,CCK - Crown Holdings,0.09,Add 15.59%,56903,$102.96,"$5,859,000",,$110.32,7.15%,$75.38,$115.85,Jensen Investment Management,1
≡,G - Genpact Ltd.,0.09,,116625,$46.78,"$5,456,000",,$37.73,-19.35%,$34.79,$54.67,Jensen Investment Management,1
≡,KEYS - Keysight Technologies Inc.,0.09,Reduce 21.73%,27730,$203.17,"$5,634,000",,$234.39,15.37%,$121.43,$242.62,Jensen Investment Management,1
≡,LH - Labcorp Holdings Inc.,0.09,Reduce 9.23%,22820,$250.88,"$5,725,000",,$276.67,10.28%,$207.67,$292.94,Jensen Investment Management,1
≡,MSCI - MSCI Inc.,0.09,Reduce 10.86%,9850,$573.71,"$5,651,000",,$521.33,-9.13%,$480.26,$623.82,Jensen Investment Management,1
≡,EHC - Encompass Health Corp.,0.08,,50660,$106.14,"$5,377,000",,$109.54,3.20%,$91.94,$127.76,Jensen Investment Management,1
≡,KR - Kroger Co.,0.08,,80240,$62.48,"$5,013,000",,$69.66,11.49%,$58.31,$73.76,Jensen Investment Management,1
≡,NKE - NIKE Inc.,0.08,Reduce 8.78%,76785,$63.71,"$4,892,000",,$64.82,1.74%,$51.34,$80.55,Jensen Investment Management,1
≡,ROST - Ross Stores Inc.,0.08,Reduce 29.92%,26944,$180.15,"$4,854,000",,$198.21,10.02%,$121.41,$198.98,Jensen Investment Management,1
≡,TSCO - Tractor Supply,0.08,,97780,$50.01,"$4,890,000",,$52.69,5.36%,$46.26,$63.47,Jensen Investment Management,1
≡,TSM - Taiwan Semiconductor S.A.,0.08,Reduce 10.46%,17120,$303.91,"$5,203,000",,$364.20,19.84%,$133.00,$380.00,Jensen Investment Management,1
≡,MMM - 3M Co.,0.07,Reduce 0.05%,27829,$160.08,"$4,455,000",,$167.62,4.71%,$119.77,$176.62,Jensen Investment Management,1
≡,AON - Aon Plc,0.06,Add 4.98%,10603,$352.92,"$3,742,000",,$325.96,-7.64%,$304.59,$409.47,Jensen Investment Management,1
≡,DCI - Donaldson Co.,0.06,Reduce 36.54%,40070,$88.67,"$3,553,000",,$108.68,22.57%,$56.63,$112.84,Jensen Investment Management,1
≡,FFIV - F5 Networks,0.06,Reduce 2.89%,14100,$255.25,"$3,599,000",,$270.58,6.01%,$223.76,$346.00,Jensen Investment Management,1
≡,TJX - TJX Companies Inc.,0.06,Reduce 0.17%,23159,$153.59,"$3,557,000",,$156.97,2.20%,$110.75,$159.03,Jensen Investment Management,1
≡,CHD - Church & Dwight,0.05,,34550,$83.85,"$2,897,000",,$99.89,19.13%,$80.80,$114.96,Jensen Investment Management,1
≡,FDS - FactSet Research Systems,0.05,,11810,$290.18,"$3,427,000",,$190.06,-34.50%,$185.00,$470.41,Jensen Investment Management,1
≡,GNTX - Gentex Corp.,0.05,,133540,$23.27,"$3,107,000",,$24.61,5.76%,$19.98,$29.10,Jensen Investment Management,1
≡,GWW - W.W. Grainger Inc.,0.05,Add 36.52%,3140,$1008.92,"$3,168,000",,$1132.22,12.22%,$886.14,$1218.63,Jensen Investment Management,1
≡,NDSN - Nordson Corp.,0.05,,12050,$240.41,"$2,897,000",,$296.93,23.51%,$163.26,$300.79,Jensen Investment Management,1
≡,RTX - RTX Corp.,0.05,Reduce 0.11%,17607,$183.39,"$3,229,000",,$203.50,10.97%,$110.77,$206.48,Jensen Investment Management,1
≡,TROW - T. Rowe Price Group,0.05,,31950,$102.38,"$3,271,000",,$93.81,-8.37%,$74.96,$115.38,Jensen Investment Management,1
≡,TTC - Toro Co.,0.05,,43470,$78.72,"$3,422,000",,$100.18,27.26%,$61.38,$101.08,Jensen Investment Management,1
≡,ABBV - AbbVie Inc.,0.04,Reduce 38.51%,11144,$228.46,"$2,546,000",,$232.86,1.93%,$159.05,$241.12,Jensen Investment Management,1
≡,APD - Air Products & Chemicals,0.04,Add 0.03%,9035,$247.04,"$2,232,000",,$277.69,12.41%,$227.45,$313.12,Jensen Investment Management,1
≡,IDXX - IDEXX Laboratories,0.04,Reduce 19.39%,3571,$676.56,"$2,416,000",,$626.17,-7.45%,$356.14,$769.98,Jensen Investment Management,1
≡,LEVI - Levi Strauss & Co.,0.04,Reduce 13.57%,118640,$20.74,"$2,461,000",,$21.83,5.26%,$11.83,$24.49,Jensen Investment Management,1
≡,OMC - Omnicom Group,0.04,Reduce 54.99%,34054,$80.75,"$2,750,000",,$67.98,-15.81%,$66.33,$86.04,Jensen Investment Management,1
≡,BBY - Best Buy Co. Inc.,0.03,Reduce 9.68%,24735,$66.95,"$1,656,000",,$66.10,-1.27%,$52.85,$87.00,Jensen Investment Management,1
≡,FICO - Fair Isaac Corp.,0.03,Reduce 22.84%,1250,$1690.40,"$2,113,000",,$1351.60,-20.04%,$1280.86,$2217.60,Jensen Investment Management,1
≡,HOLX - Hologic Inc.,0.03,Reduce 54.14%,28000,$74.50,"$2,086,000",,$75.15,0.87%,$51.90,$75.36,Jensen Investment Management,1
≡,JNJ - Johnson & Johnson,0.03,Reduce 64.56%,10266,$206.99,"$2,125,000",,$243.33,17.56%,$138.40,$246.35,Jensen Investment Management,1
≡,TXN - Texas Instruments,0.03,Reduce 4.26%,9665,$173.51,"$1,677,000",,$225.69,30.07%,$135.67,$231.32,Jensen Investment Management,1
≡,URI - United Rentals,0.03,Reduce 27.82%,2151,$809.39,"$1,741,000",,$863.28,6.66%,$521.32,$1017.04,Jensen Investment Management,1
≡,BAH - Booz Allen Hamilton Hldg Corp.,0.02,Reduce 55.40%,16450,$84.38,"$1,388,000",,$76.42,-9.43%,$76.25,$127.73,Jensen Investment Management,1
≡,ON - ON Semiconductor Corp.,0.02,Reduce 48.36%,21406,$54.14,"$1,159,000",,$71.96,32.91%,$31.04,$73.63,Jensen Investment Management,1
≡,RACE - Ferrari NV,0.02,Buy,2600,$369.62,"$961,000",,$374.99,1.45%,$328.00,$519.10,Jensen Investment Management,1
≡,UNH - United Health Group Inc.,0.02,Reduce 9.88%,3941,$330.12,"$1,301,000",,$289.09,-12.43%,$231.57,$594.32,Jensen Investment Management,1
≡,BDX - Becton Dickinson,0.01,,2486,$193.89,"$482,000",,$177.38,-8.52%,$126.24,$182.75,Jensen Investment Management,1
≡,CPB - Campbell's Co.,0.01,Reduce 60.66%,31418,$27.88,"$876,000",,$27.77,-0.39%,$25.62,$41.73,Jensen Investment Management,1
≡,DOX - Amdocs Ltd.,0.01,Buy,9250,$80.54,"$745,000",,$68.42,-15.05%,$66.53,$93.63,Jensen Investment Management,1
≡,GIS - General Mills,0.01,Reduce 83.77%,17845,$46.51,"$830,000",,$44.96,-3.33%,$42.19,$64.14,Jensen Investment Management,1
≡,GPC - Genuine Parts,0.01,,2674,$123.04,"$329,000",,$125.74,2.19%,$101.60,$151.57,Jensen Investment Management,1
≡,HD - Home Depot,0.01,Reduce 67.04%,2495,$344.29,"$859,000",,$383.04,11.26%,$320.39,$424.01,Jensen Investment Management,1
≡,LIN - Linde plc,0.01,Reduce 6.52%,1290,$426.36,"$550,000",,$482.22,13.10%,$387.78,$488.54,Jensen Investment Management,1
≡,LSTR - Landstar System Inc.,0.01,Reduce 14.40%,5350,$143.74,"$769,000",,$144.15,0.29%,$117.36,$165.25,Jensen Investment Management,1
≡,LULU - Lululemon Athletica Inc.,0.01,Reduce 52.31%,3920,$207.91,"$815,000",,$177.72,-14.52%,$159.25,$374.41,Jensen Investment Management,1
≡,MANH - Manhattan Associates,0.01,Reduce 14.17%,4420,$173.30,"$766,000",,$141.63,-18.27%,$127.86,$247.22,Jensen Investment Management,1
≡,AVGO - Broadcom Inc.,8.62,Reduce 2.03%,4604301,$346.10,"$1,593,549,000",,$332.54,-3.92%,$137.28,$413.82,William Von Mueffling - Cantillon Capital Management,1
≡,GOOGL - Alphabet Inc.,7.13,Add 0.76%,4215234,$313.00,"$1,319,368,000",,$302.02,-3.51%,$140.14,$349.00,William Von Mueffling - Cantillon Capital Management,1
≡,SPGI - S&P Global Inc.,4.96,Add 0.76%,1755624,$522.59,"$917,472,000",,$410.45,-21.46%,$381.61,$576.91,William Von Mueffling - Cantillon Capital Management,1
≡,TSM - Taiwan Semiconductor S.A.,4.65,Add 0.76%,2829278,$303.89,"$859,789,000",,$364.20,19.85%,$133.00,$380.00,William Von Mueffling - Cantillon Capital Management,1
≡,IBKR - Interactive Brokers Group Inc.,4.44,Add 0.76%,12759904,$64.31,"$820,589,000",,$73.29,13.96%,$32.69,$79.18,William Von Mueffling - Cantillon Capital Management,1
≡,AMAT - Applied Materials,4.13,Add 0.76%,2973661,$256.99,"$764,201,000",,$359.13,39.74%,$122.79,$376.32,William Von Mueffling - Cantillon Capital Management,1
≡,CBRE - CBRE Group,3.88,Add 0.76%,4460586,$160.79,"$717,217,000",,$141.24,-12.16%,$108.45,$174.27,William Von Mueffling - Cantillon Capital Management,1
≡,V - Visa Inc.,3.7,Add 0.76%,1949488,$350.71,"$683,705,000",,$319.50,-8.90%,$296.78,$373.34,William Von Mueffling - Cantillon Capital Management,1
≡,MSFT - Microsoft Corp.,3.3,Add 0.76%,1262019,$483.62,"$610,337,000",,$396.86,-17.94%,$342.95,$553.50,William Von Mueffling - Cantillon Capital Management,1
≡,ADI - Analog Devices,3.18,Add 0.76%,2168792,$271.20,"$588,176,000",,$337.51,24.45%,$156.76,$343.96,William Von Mueffling - Cantillon Capital Management,1
≡,BLK - BlackRock Inc.,2.98,Add 0.75%,514252,$1070.34,"$550,425,000",,$1072.67,0.22%,$762.34,$1214.03,William Von Mueffling - Cantillon Capital Management,1
≡,ICE - Intercontinental Exchange Inc.,2.92,Add 0.76%,3337982,$161.96,"$540,619,000",,$153.44,-5.26%,$142.74,$188.26,William Von Mueffling - Cantillon Capital Management,1
≡,TMO - Thermo Fisher Scientific,2.74,Add 0.76%,873322,$579.45,"$506,046,000",,$501.59,-13.44%,$384.82,$643.99,William Von Mueffling - Cantillon Capital Management,1
≡,FLUT - Flutter Entertainment Plc,2.63,Add 0.75%,2264025,$215.04,"$486,856,000",,$123.91,-42.38%,$122.55,$313.69,William Von Mueffling - Cantillon Capital Management,1
≡,FERG - Ferguson Enterprises Inc.,2.39,Add 0.76%,1984854,$222.63,"$441,888,000",,$259.67,16.64%,$144.32,$271.64,William Von Mueffling - Cantillon Capital Management,1
≡,AON - Aon Plc,2.37,Add 0.75%,1243018,$352.88,"$438,636,000",,$325.96,-7.63%,$304.59,$409.47,William Von Mueffling - Cantillon Capital Management,1
≡,IQV - IQVIA Holdings Inc.,2.37,Add 0.74%,1941144,$225.41,"$437,553,000",,$164.44,-27.05%,$134.65,$247.05,William Von Mueffling - Cantillon Capital Management,1
≡,CME - CME Group,2.32,Add 0.76%,1573017,$273.08,"$429,559,000",,$303.23,11.04%,$239.86,$309.35,William Von Mueffling - Cantillon Capital Management,1
≡,A - Agilent Technologies,2.29,Add 0.76%,3115638,$136.07,"$423,945,000",,$123.87,-8.97%,$95.86,$159.98,William Von Mueffling - Cantillon Capital Management,1
≡,UBER - Uber Technologies Inc.,2.27,Add 0.76%,5140663,$81.71,"$420,044,000",,$70.53,-13.68%,$60.63,$101.99,William Von Mueffling - Cantillon Capital Management,1
≡,ADBE - Adobe Inc.,2.19,Add 15.69%,1157237,$349.99,"$405,021,000",,$260.45,-25.58%,$251.10,$464.33,William Von Mueffling - Cantillon Capital Management,1
≡,LYV - Live Nation Inc.,2.16,Add 0.77%,2797205,$142.50,"$398,602,000",,$157.53,10.55%,$112.88,$175.25,William Von Mueffling - Cantillon Capital Management,1
≡,EFX - Equifax Inc.,2.02,Add 0.76%,1723998,$216.98,"$374,073,000",,$192.70,-11.19%,$166.02,$279.27,William Von Mueffling - Cantillon Capital Management,1
≡,FAST - Fastenal,2.01,Add 0.76%,9266888,$40.13,"$371,880,000",,$45.69,13.85%,$34.58,$50.09,William Von Mueffling - Cantillon Capital Management,1
≡,SSNC - SS&C Technologies Holdings Inc.,2.01,Add 0.76%,4258493,$87.42,"$372,278,000",,$71.45,-18.27%,$68.96,$90.51,William Von Mueffling - Cantillon Capital Management,1
≡,TCOM - Trip.com Group Ltd,1.82,Add 1.38%,4669778,$71.91,"$335,803,000",,$56.12,-21.96%,$51.35,$78.99,William Von Mueffling - Cantillon Capital Management,1
≡,TME - Tencent Music Entertainment Grp,1.77,Add 1.39%,18708502,$17.53,"$327,960,000",,$15.33,-12.55%,$11.71,$26.70,William Von Mueffling - Cantillon Capital Management,1
≡,AMT - American Tower Corp.,1.74,Add 0.81%,1830525,$175.57,"$321,385,000",,$193.09,9.98%,$166.88,$230.04,William Von Mueffling - Cantillon Capital Management,1
≡,CP - Canadian Pacific Kansas City,1.68,Add 0.81%,4207858,$73.63,"$309,825,000",,$83.88,13.92%,$66.06,$85.15,William Von Mueffling - Cantillon Capital Management,1
≡,YUM - Yum! Brands Inc.,1.68,Add 0.77%,2055883,$151.28,"$311,014,000",,$161.19,6.55%,$136.66,$165.32,William Von Mueffling - Cantillon Capital Management,1
≡,TW - Tradeweb Markets Inc.,1.56,Add 38.98%,2688245,$107.54,"$289,094,000",,$114.32,6.30%,$97.06,$152.21,William Von Mueffling - Cantillon Capital Management,1
≡,MCO - Moody's Corp.,1.23,Add 0.77%,445400,$510.85,"$227,533,000",,$423.22,-17.15%,$376.55,$546.88,William Von Mueffling - Cantillon Capital Management,1
≡,ALC - Alcon Inc.,1.21,Add 0.77%,2845121,$78.81,"$224,224,000",,$80.72,2.42%,$71.55,$98.84,William Von Mueffling - Cantillon Capital Management,1
≡,ENTG - Entegris Inc.,1.12,Add 0.80%,2459153,$84.25,"$207,184,000",,$129.56,53.78%,$60.49,$138.99,William Von Mueffling - Cantillon Capital Management,1
≡,FWONK - Liberty Media Corp Formula One Series C,0.91,Add 46.37%,1706899,$98.51,"$168,146,000",,$86.74,-11.95%,$75.26,$109.36,William Von Mueffling - Cantillon Capital Management,1
≡,ORCL - Oracle Corp.,0.91,Add 0.75%,860677,$194.91,"$167,755,000",,$153.97,-21.00%,$117.67,$344.21,William Von Mueffling - Cantillon Capital Management,1
≡,LPLA - LPL Financial Holdings Inc.,0.71,Buy,369068,$357.17,"$131,820,000",,$322.19,-9.79%,$262.20,$402.91,William Von Mueffling - Cantillon Capital Management,1
≡,AMZN - Amazon.com Inc.,14.78,Add 45.38%,5892496,$230.82,"$1,360,106,000",,$201.15,-12.85%,$161.38,$258.60,John Armitage - Egerton Capital,1
≡,V - Visa Inc.,12.47,Add 37.24%,3270999,$350.71,"$1,147,172,000",,$319.50,-8.90%,$296.78,$373.34,John Armitage - Egerton Capital,1
≡,MSFT - Microsoft Corp.,9.19,Reduce 3.43%,1748656,$483.62,"$845,685,000",,$396.86,-17.94%,$342.95,$553.50,John Armitage - Egerton Capital,1
≡,BSX - Boston Scientific,5.58,Add 1.37%,5385084,$95.35,"$513,468,000",,$76.29,-19.99%,$72.69,$109.50,John Armitage - Egerton Capital,1
≡,APH - Amphenol Corp.,5.45,Reduce 3.02%,3707911,$135.14,"$501,087,000",,$148.57,9.94%,$56.16,$167.04,John Armitage - Egerton Capital,1
≡,COF - Capital One Financial,5.45,Reduce 0.42%,2069130,$242.36,"$501,474,000",,$206.74,-14.70%,$141.84,$259.64,John Armitage - Egerton Capital,1
≡,CRS - Carpenter Technology,5.31,Add 13.00%,1553012,$314.84,"$488,950,000",,$374.88,19.07%,$138.14,$390.70,John Armitage - Egerton Capital,1
≡,IBKR - Interactive Brokers Group Inc.,4.85,Add 10.96%,6939581,$64.31,"$446,284,000",,$73.29,13.96%,$32.69,$79.18,John Armitage - Egerton Capital,1
≡,MCO - Moody's Corp.,4.29,Buy,773409,$510.85,"$395,096,000",,$423.22,-17.15%,$376.55,$546.88,John Armitage - Egerton Capital,1
≡,GOOG - Alphabet Inc. CL C,3.68,Buy,1078768,$313.80,"$338,517,000",,$302.82,-3.50%,$142.27,$350.15,John Armitage - Egerton Capital,1
≡,CME - CME Group,3.5,Reduce 0.42%,1179792,$273.08,"$322,178,000",,$303.23,11.04%,$239.86,$309.35,John Armitage - Egerton Capital,1
≡,CRH - CRH plc,3.07,Reduce 46.93%,2261060,$124.80,"$282,180,000",,$122.02,-2.23%,$75.94,$131.55,John Armitage - Egerton Capital,1
≡,VMC - Vulcan Materials,2.98,Buy,960173,$285.22,"$273,861,000",,$302.22,5.96%,$213.97,$331.09,John Armitage - Egerton Capital,1
≡,MA - Mastercard Inc.,2.84,Reduce 0.39%,458342,$570.88,"$261,658,000",,$521.93,-8.57%,$462.92,$600.08,John Armitage - Egerton Capital,1
≡,WYNN - Wynn Resorts Ltd.,2.71,Buy,2069751,$120.33,"$249,053,000",,$114.40,-4.93%,$64.80,$134.72,John Armitage - Egerton Capital,1
≡,FERG - Ferguson Enterprises Inc.,2.44,Reduce 61.22%,1008314,$222.63,"$224,481,000",,$259.67,16.64%,$144.32,$271.64,John Armitage - Egerton Capital,1
≡,UBER - Uber Technologies Inc.,2.38,Buy,2681172,$81.71,"$219,079,000",,$70.53,-13.68%,$60.63,$101.99,John Armitage - Egerton Capital,1
≡,EMBJ - Embraer SA,2.29,Add 54.85%,3278140,$64.37,"$211,014,000",,$71.51,11.09%,$38.41,$80.75,John Armitage - Egerton Capital,1
≡,STX - Seagate Technology,2.18,Reduce 54.22%,729325,$275.39,"$200,849,000",,$415.94,51.04%,$62.49,$459.84,John Armitage - Egerton Capital,1
≡,RNR - RenaissanceRe Holdings Ltd.,1.5,Buy,490626,$281.16,"$137,944,000",,$307.13,9.24%,$217.97,$315.88,John Armitage - Egerton Capital,1
≡,NYT - New York Times CL A,1.06,Buy,1410003,$69.42,"$97,882,000",,$74.03,6.64%,$44.43,$74.59,John Armitage - Egerton Capital,1
≡,LAMR - Lamar Advertising Co.,0.99,Reduce 0.25%,722083,$126.58,"$91,401,000",,$132.57,4.73%,$95.95,$136.69,John Armitage - Egerton Capital,1
≡,LPLA - LPL Financial Holdings Inc.,0.99,Buy,254813,$357.17,"$91,012,000",,$322.19,-9.79%,$262.20,$402.91,John Armitage - Egerton Capital,1
≡,REGN - Regeneron Pharmaceuticals,4.32,Add 52.91%,175887,$771.87,"$135,762,000",,$793.53,2.81%,$475.17,$821.11,Harry Burn - Sound Shore,1
≡,TEVA - Teva Pharmaceutical Industries Ltd.,4.28,Reduce 23.68%,4309906,$31.21,"$134,512,000",,$34.41,10.25%,$12.47,$37.35,Harry Burn - Sound Shore,1
≡,GOOGL - Alphabet Inc.,3.48,Add 7.87%,349734,$313.00,"$109,467,000",,$302.02,-3.51%,$140.14,$349.00,Harry Burn - Sound Shore,1
≡,PEG - Public Serv. Enterprise Inc.,3.48,Add 66.63%,1361981,$80.30,"$109,367,000",,$86.95,8.28%,$72.92,$89.82,Harry Burn - Sound Shore,1
≡,DIS - Walt Disney Co.,3.47,Add 34.08%,958711,$113.77,"$109,073,000",,$105.44,-7.32%,$79.22,$123.85,Harry Burn - Sound Shore,1
≡,BRK.B - Berkshire Hathaway CL B,3.36,Add 17.28%,210204,$502.65,"$105,659,000",,$503.41,0.15%,$455.19,$542.07,Harry Burn - Sound Shore,1
≡,LUV - Southwest Airlines,3.32,Reduce 0.67%,2520697,$41.33,"$104,180,000",,$54.26,31.28%,$23.44,$55.11,Harry Burn - Sound Shore,1
≡,QCOM - QUALCOMM Inc.,3.21,Add 3.61%,588996,$171.05,"$100,748,000",,$142.63,-16.62%,$118.79,$204.90,Harry Burn - Sound Shore,1
≡,CRM - Salesforce.com,3.19,Buy,378539,$264.91,"$100,279,000",,$184.29,-30.43%,$180.24,$327.60,Harry Burn - Sound Shore,1
≡,AES - AES Corp.,3.15,Add 17.00%,6898342,$14.34,"$98,922,000",,$16.39,14.30%,$9.05,$16.78,Harry Burn - Sound Shore,1
≡,KMI - Kinder Morgan,2.97,Add 26.97%,3391203,$27.49,"$93,224,000",,$32.13,16.88%,$22.95,$32.58,Harry Burn - Sound Shore,1
≡,C - Citigroup Inc.,2.93,Reduce 20.22%,788969,$116.69,"$92,065,000",,$113.78,-2.49%,$54.10,$125.16,Harry Burn - Sound Shore,1
≡,FIS - Fidelity National Information Services,2.93,Reduce 0.66%,1384040,$66.46,"$91,983,000",,$47.52,-28.50%,$46.16,$81.76,Harry Burn - Sound Shore,1
≡,INCY - Incyte Corp.,2.92,Add 9.41%,929832,$98.77,"$91,840,000",,$101.16,2.42%,$53.56,$112.29,Harry Burn - Sound Shore,1
≡,COF - Capital One Financial,2.82,Reduce 20.02%,365756,$242.36,"$88,645,000",,$206.74,-14.70%,$141.84,$259.64,Harry Burn - Sound Shore,1
≡,CSX - CSX Corp.,2.77,Reduce 0.61%,2401874,$36.25,"$87,068,000",,$41.03,13.19%,$25.91,$41.79,Harry Burn - Sound Shore,1
≡,BAC - Bank of America Corp.,2.76,Reduce 16.05%,1577921,$55.00,"$86,786,000",,$52.74,-4.11%,$32.52,$57.55,Harry Burn - Sound Shore,1
≡,GM - General Motors,2.76,Reduce 28.31%,1066395,$81.32,"$86,719,000",,$81.22,-0.12%,$41.28,$87.62,Harry Burn - Sound Shore,1
≡,CTRA - Coterra Energy Inc.,2.74,Reduce 22.92%,3269386,$26.32,"$86,050,000",,$31.07,18.05%,$21.88,$31.81,Harry Burn - Sound Shore,1
≡,MRVL - Marvell Technology Inc.,2.74,Add 17.88%,1014709,$84.98,"$86,230,000",,$79.01,-7.03%,$46.93,$112.13,Harry Burn - Sound Shore,1
≡,WFC - Wells Fargo,2.73,Reduce 0.61%,920055,$93.20,"$85,749,000",,$87.40,-6.22%,$57.18,$97.28,Harry Burn - Sound Shore,1
≡,GEHC - GE HealthCare Technologies Inc.,2.66,Add 3.79%,1017888,$82.02,"$83,487,000",,$81.61,-0.50%,$57.54,$93.09,Harry Burn - Sound Shore,1
≡,EQT - EQT Corp.,2.59,Reduce 0.60%,1517587,$53.60,"$81,343,000",,$57.75,7.74%,$43.06,$62.06,Harry Burn - Sound Shore,1
≡,CHKP - Check Point Software Technologies,2.51,Add 20.17%,424584,$185.56,"$78,786,000",,$165.02,-11.07%,$161.00,$234.36,Harry Burn - Sound Shore,1
≡,KD - Kyndryl Holdings Inc,2.51,Add 46.15%,2974223,$26.56,"$78,995,000",,$13.59,-48.83%,$10.10,$44.20,Harry Burn - Sound Shore,1
≡,ACI - Albertsons Co Inc.,2.48,Reduce 7.53%,4533158,$17.17,"$77,834,000",,$18.47,7.57%,$15.66,$22.50,Harry Burn - Sound Shore,1
≡,QXO - Qxo Inc,2.46,Buy,4002028,$19.29,"$77,199,000",,$26.82,39.04%,$11.85,$27.55,Harry Burn - Sound Shore,1
≡,ZBH - Zimmer Biomet Holdings,2.43,Reduce 5.08%,850757,$89.92,"$76,500,000",,$97.15,8.04%,$84.59,$113.56,Harry Burn - Sound Shore,1
≡,WTW - Willis Towers Watson plc,2.36,Reduce 8.66%,226119,$328.60,"$74,303,000",,$295.50,-10.07%,$275.60,$351.81,Harry Burn - Sound Shore,1
≡,AMAT - Applied Materials,2.29,Reduce 29.72%,280589,$256.99,"$72,109,000",,$359.13,39.74%,$122.79,$376.32,Harry Burn - Sound Shore,1
≡,MHK - Mohawk Industries,2.26,Reduce 1.62%,650447,$109.30,"$71,094,000",,$131.91,20.69%,$96.24,$143.13,Harry Burn - Sound Shore,1
≡,HII - Huntington Ingalls Industries,2.21,Reduce 28.83%,204283,$340.07,"$69,471,000",,$417.83,22.87%,$160.92,$436.14,Harry Burn - Sound Shore,1
≡,BP - BP plc,2.16,Buy,1954785,$34.73,"$67,890,000",,$37.56,8.15%,$24.13,$39.51,Harry Burn - Sound Shore,1
≡,FLEX - Flex Ltd.,1.96,Reduce 13.09%,1018314,$60.42,"$61,527,000",,$64.42,6.62%,$25.11,$72.22,Harry Burn - Sound Shore,1
≡,B - Barrick Mining Corp.,1.6,Reduce 0.72%,1155678,$43.55,"$50,330,000",,$46.65,7.12%,$16.74,$54.69,Harry Burn - Sound Shore,1
≡,WBD - Warner Bros. Discovery Inc.,0.91,Reduce 77.18%,990615,$28.82,"$28,550,000",,$28.75,-0.24%,$7.52,$30.00,Harry Burn - Sound Shore,1
≡,NEM - Newmont Corp.,0.28,,88665,$99.85,"$8,853,000",,$122.31,22.49%,$40.54,$134.88,Harry Burn - Sound Shore,1
≡,GOOG - Alphabet Inc. CL C,6.88,,2749860,$313.80,"$862,906,000",,$302.82,-3.50%,$142.27,$350.15,Thomas Gayner - Markel Group,1
≡,BRK.A - Berkshire Hathaway CL A,6.7,,1114,$754799.82,"$840,847,000",,$754910.00,0.01%,$685150.00,$812855.00,Thomas Gayner - Markel Group,1
≡,BRK.B - Berkshire Hathaway CL B,6.14,,1531971,$502.65,"$770,045,000",,$503.41,0.15%,$455.19,$542.07,Thomas Gayner - Markel Group,1
≡,BN - Brookfield Corp.,4.78,Reduce 0.00%,13073609,$45.89,"$599,948,000",,$47.78,4.12%,$28.95,$49.57,Thomas Gayner - Markel Group,1
≡,AMZN - Amazon.com Inc.,3.74,,2030760,$230.82,"$468,740,000",,$201.15,-12.85%,$161.38,$258.60,Thomas Gayner - Markel Group,1
≡,DE - Deere & Co.,3.26,,877900,$465.57,"$408,724,000",,$600.84,29.05%,$400.36,$626.25,Thomas Gayner - Markel Group,1
≡,V - Visa Inc.,2.79,,999285,$350.71,"$350,460,000",,$319.50,-8.90%,$296.78,$373.34,Thomas Gayner - Markel Group,1
≡,AAPL - Apple Inc.,2.66,,1227290,$271.86,"$333,651,000",,$263.88,-2.94%,$168.48,$288.35,Thomas Gayner - Markel Group,1
≡,GS - Goldman Sachs Group,2.52,,359360,$879.00,"$315,877,000",,$916.04,4.21%,$432.73,$984.70,Thomas Gayner - Markel Group,1
≡,HD - Home Depot,2.52,,920000,$344.10,"$316,572,000",,$383.04,11.32%,$320.39,$424.01,Thomas Gayner - Markel Group,1
≡,ADI - Analog Devices,2.21,Reduce 12.37%,1023245,$271.20,"$277,504,000",,$337.51,24.45%,$156.76,$343.96,Thomas Gayner - Markel Group,1
≡,MSFT - Microsoft Corp.,2.07,Add 0.68%,535680,$483.62,"$259,066,000",,$396.86,-17.94%,$342.95,$553.50,Thomas Gayner - Markel Group,1
≡,BLK - BlackRock Inc.,1.88,,220200,$1070.34,"$235,689,000",,$1072.67,0.22%,$762.34,$1214.03,Thomas Gayner - Markel Group,1
≡,DIS - Walt Disney Co.,1.84,,2031665,$113.77,"$231,143,000",,$105.44,-7.32%,$79.22,$123.85,Thomas Gayner - Markel Group,1
≡,LPLA - LPL Financial Holdings Inc.,1.59,Add 1.20%,559951,$357.17,"$199,998,000",,$322.19,-9.79%,$262.20,$402.91,Thomas Gayner - Markel Group,1
≡,WSO - Watsco Inc.,1.55,Add 2.21%,577669,$336.95,"$194,645,000",,$422.83,25.49%,$320.50,$520.35,Thomas Gayner - Markel Group,1
≡,BX - Blackstone Group,1.51,,1229000,$154.14,"$189,438,000",,$131.39,-14.76%,$111.85,$186.25,Thomas Gayner - Markel Group,1
≡,CAT - Caterpillar Inc.,1.5,,328650,$572.87,"$188,273,000",,$764.76,33.50%,$263.67,$789.81,Thomas Gayner - Markel Group,1
≡,KKR - KKR & Co. L.P.,1.48,,1451800,$127.48,"$185,076,000",,$102.55,-19.56%,$85.62,$153.15,Thomas Gayner - Markel Group,1
≡,AXP - American Express,1.44,Add 0.88%,488500,$369.95,"$180,721,000",,$344.53,-6.87%,$218.83,$386.63,Thomas Gayner - Markel Group,1
≡,GOOGL - Alphabet Inc.,1.43,,572000,$313.00,"$179,036,000",,$302.02,-3.51%,$140.14,$349.00,Thomas Gayner - Markel Group,1
≡,LOW - Lowe's Cos.,1.41,Add 1.07%,734480,$241.16,"$177,127,000",,$281.16,16.59%,$202.31,$293.06,Thomas Gayner - Markel Group,1
≡,PGR - Progressive Corp.,1.37,,753750,$227.72,"$171,644,000",,$207.90,-8.70%,$187.97,$275.18,Thomas Gayner - Markel Group,1
≡,META - Meta Platforms Inc.,1.31,Reduce 11.41%,248303,$660.09,"$163,903,000",,$639.29,-3.15%,$478.72,$795.06,Thomas Gayner - Markel Group,1
≡,RLI - RLI Corp.,1.22,,2394544,$63.98,"$153,203,000",,$60.77,-5.02%,$55.80,$78.68,Thomas Gayner - Markel Group,1
≡,APO - Apollo Global Management,1.17,,1012500,$144.76,"$146,569,000",,$125.15,-13.55%,$101.45,$162.40,Thomas Gayner - Markel Group,1
≡,NVO - Novo Nordisk A S,1.16,Add 21.16%,2869774,$50.88,"$146,014,000",,$49.37,-2.97%,$43.08,$91.22,Thomas Gayner - Markel Group,1
≡,FNV - Franco Nevada Corp.,1.13,Add 12.88%,683500,$207.28,"$141,676,000",,$249.73,20.48%,$135.87,$273.56,Thomas Gayner - Markel Group,1
≡,MRSH - Marsh,1.13,Add 0.89%,761750,$185.52,"$141,320,000",,$175.83,-5.22%,$170.37,$244.59,Thomas Gayner - Markel Group,1
≡,SCHW - Charles Schwab Corp.,1.1,Add 0.81%,1375800,$99.91,"$137,456,000",,$93.08,-6.84%,$65.08,$107.14,Thomas Gayner - Markel Group,1
≡,GD - General Dynamics,1.05,,391000,$336.66,"$131,634,000",,$342.52,1.74%,$234.67,$369.70,Thomas Gayner - Markel Group,1
≡,JNJ - Johnson & Johnson,1.01,,610800,$206.95,"$126,405,000",,$243.33,17.58%,$138.40,$246.35,Thomas Gayner - Markel Group,1
≡,TXN - Texas Instruments,1.0,,724000,$173.49,"$125,607,000",,$225.69,30.09%,$135.67,$231.32,Thomas Gayner - Markel Group,1
≡,DEO - Diageo ADR,0.94,Add 0.37%,1371708,$86.27,"$118,337,000",,$96.45,11.80%,$84.52,$113.71,Thomas Gayner - Markel Group,1
≡,MA - Mastercard Inc.,0.94,,207540,$570.88,"$118,480,000",,$521.93,-8.57%,$462.92,$600.08,Thomas Gayner - Markel Group,1
≡,BAM - Brookfield Asset Management,0.92,,2193953,$52.39,"$114,941,000",,$52.14,-0.48%,$40.81,$63.10,Thomas Gayner - Markel Group,1
≡,DG - Dollar General,0.92,,869250,$132.77,"$115,411,000",,$149.68,12.74%,$68.50,$155.00,Thomas Gayner - Markel Group,1
≡,MCO - Moody's Corp.,0.87,,213890,$510.85,"$109,266,000",,$423.22,-17.15%,$376.55,$546.88,Thomas Gayner - Markel Group,1
≡,HEI.A - HEICO Corp. CL A,0.76,,379644,$252.43,"$95,833,000",,$254.25,0.72%,$174.66,$279.66,Thomas Gayner - Markel Group,1
≡,ROL - Rollins Inc.,0.71,Add 0.90%,1489025,$60.02,"$89,372,000",,$60.08,0.10%,$49.15,$66.14,Thomas Gayner - Markel Group,1
≡,NVR - NVR Inc.,0.7,Add 0.92%,12007,$7292.75,"$87,564,000",,$7421.00,1.76%,$6562.85,$8618.28,Thomas Gayner - Markel Group,1
≡,ADM - Archer-Daniels-Midland,0.69,,1505800,$57.49,"$86,568,000",,$68.57,19.27%,$39.58,$69.57,Thomas Gayner - Markel Group,1
≡,LIN - Linde plc,0.68,Add 3.76%,200100,$426.39,"$85,320,000",,$482.22,13.09%,$387.78,$488.54,Thomas Gayner - Markel Group,1
≡,JPM - JPMorgan Chase & Co.,0.65,,252550,$322.22,"$81,377,000",,$307.13,-4.68%,$199.32,$335.87,Thomas Gayner - Markel Group,1
≡,MSCI - MSCI Inc.,0.65,,142850,$573.73,"$81,958,000",,$521.33,-9.13%,$480.26,$623.82,Thomas Gayner - Markel Group,1
≡,ITW - Illinois Tool Works,0.64,,327500,$246.30,"$80,663,000",,$297.42,20.76%,$210.69,$303.16,Thomas Gayner - Markel Group,1
≡,CG - Carlyle Group,0.63,,1327000,$59.11,"$78,439,000",,$54.24,-8.24%,$32.17,$68.94,Thomas Gayner - Markel Group,1
≡,NSC - Norfolk Southern Corp.,0.63,Add 6.63%,273500,$288.72,"$78,965,000",,$316.12,9.49%,$197.60,$319.94,Thomas Gayner - Markel Group,1
≡,SPGI - S&P Global Inc.,0.63,,150690,$522.59,"$78,749,000",,$410.45,-21.46%,$381.61,$576.91,Thomas Gayner - Markel Group,1
≡,ECL - Ecolab Inc.,0.57,,274300,$262.52,"$72,009,000",,$303.80,15.72%,$219.93,$306.52,Thomas Gayner - Markel Group,1
≡,ODFL - Old Dominion Freight Line,0.53,Add 17.53%,421650,$156.80,"$66,115,000",,$193.32,23.29%,$125.76,$208.74,Thomas Gayner - Markel Group,1
≡,ROK - Rockwell Automation Inc.,0.48,,154900,$389.07,"$60,267,000",,$388.47,-0.15%,$212.49,$438.72,Thomas Gayner - Markel Group,1
≡,ITIC - Investors Title Co.,0.42,,213300,$249.64,"$53,248,000",,$264.96,6.14%,$183.20,$282.11,Thomas Gayner - Markel Group,1
≡,SBUX - Starbucks Corp.,0.42,,623818,$84.21,"$52,532,000",,$95.39,13.28%,$73.47,$114.31,Thomas Gayner - Markel Group,1
≡,THG - Hanover Insurance Group,0.41,,281000,$182.77,"$51,359,000",,$174.95,-4.28%,$145.51,$188.17,Thomas Gayner - Markel Group,1
≡,TSN - Tyson Foods,0.41,Add 4.24%,884500,$58.62,"$51,849,000",,$62.90,7.30%,$50.12,$66.41,Thomas Gayner - Markel Group,1
≡,AON - Aon Plc,0.38,Add 3.27%,134050,$352.88,"$47,303,000",,$325.96,-7.63%,$304.59,$409.47,Thomas Gayner - Markel Group,1
≡,ACN - Accenture,0.34,,159400,$268.30,"$42,767,000",,$219.89,-18.04%,$215.16,$383.40,Thomas Gayner - Markel Group,1
≡,HGTY - Hagerty Inc.,0.33,,3108000,$13.44,"$41,772,000",,$12.14,-9.67%,$8.03,$14.00,Thomas Gayner - Markel Group,1
≡,RTX - RTX Corp.,0.33,,224000,$183.40,"$41,082,000",,$203.50,10.96%,$110.77,$206.48,Thomas Gayner - Markel Group,1
≡,HCA - HCA Healthcare Inc.,0.3,Add 7.27%,80680,$466.86,"$37,666,000",,$534.78,14.55%,$292.80,$552.90,Thomas Gayner - Markel Group,1
≡,FERG - Ferguson Enterprises Inc.,0.29,Add 11.22%,163500,$222.63,"$36,400,000",,$259.67,16.64%,$144.32,$271.64,Thomas Gayner - Markel Group,1
≡,TMO - Thermo Fisher Scientific,0.29,Add 12.54%,62800,$579.44,"$36,389,000",,$501.59,-13.44%,$384.82,$643.99,Thomas Gayner - Markel Group,1
≡,FDS - FactSet Research Systems,0.28,Add 4.41%,121873,$290.19,"$35,366,000",,$190.06,-34.50%,$185.00,$470.41,Thomas Gayner - Markel Group,1
≡,VRSK - Verisk Analytics Inc.,0.28,,155950,$223.69,"$34,884,000",,$177.30,-20.74%,$164.60,$321.24,Thomas Gayner - Markel Group,1
≡,COST - Costco Co.,0.27,,39150,$862.35,"$33,761,000",,$1012.05,17.36%,$842.91,$1065.16,Thomas Gayner - Markel Group,1
≡,YUM - Yum! Brands Inc.,0.27,,226451,$151.28,"$34,258,000",,$161.19,6.55%,$136.66,$165.32,Thomas Gayner - Markel Group,1
≡,ABNB - Airbnb Inc.,0.26,Add 5.79%,240289,$135.72,"$32,612,000",,$124.23,-8.47%,$99.88,$162.58,Thomas Gayner - Markel Group,1
≡,ALL - Allstate Corp.,0.26,,154550,$208.15,"$32,170,000",,$212.32,2.00%,$173.48,$216.75,Thomas Gayner - Markel Group,1
≡,TROW - T. Rowe Price Group,0.26,,314000,$102.38,"$32,147,000",,$93.81,-8.37%,$74.96,$115.38,Thomas Gayner - Markel Group,1
≡,UNP - Union Pacific,0.26,Add 11.44%,141278,$231.32,"$32,681,000",,$262.80,13.61%,$200.99,$265.37,Thomas Gayner - Markel Group,1
≡,LMT - Lockheed Martin Corp.,0.25,Add 3.61%,64513,$483.67,"$31,203,000",,$649.58,34.30%,$404.07,$656.34,Thomas Gayner - Markel Group,1
≡,SHW - Sherwin-Williams,0.24,,94172,$324.03,"$30,515,000",,$367.94,13.55%,$306.78,$378.76,Thomas Gayner - Markel Group,1
≡,CMCSA - Comcast Corp.,0.23,,961880,$29.89,"$28,750,000",,$31.55,5.55%,$23.89,$34.24,Thomas Gayner - Markel Group,1
≡,NKE - NIKE Inc.,0.23,,447400,$63.71,"$28,504,000",,$64.82,1.74%,$51.34,$80.55,Thomas Gayner - Markel Group,1
≡,CSCO - Cisco Systems,0.22,,355500,$77.03,"$27,384,000",,$76.85,-0.23%,$51.21,$88.19,Thomas Gayner - Markel Group,1
≡,MAR - Marriott Int'l.,0.22,Add 22.53%,89750,$310.24,"$27,844,000",,$359.94,16.02%,$203.87,$370.00,Thomas Gayner - Markel Group,1
≡,URI - United Rentals,0.2,,31150,$809.31,"$25,210,000",,$863.28,6.67%,$521.32,$1017.04,Thomas Gayner - Markel Group,1
≡,LAMR - Lamar Advertising Co.,0.19,Add 8.82%,185000,$126.58,"$23,417,000",,$132.57,4.73%,$95.95,$136.69,Thomas Gayner - Markel Group,1
≡,BF.A - Brown-Forman Corp. CL A,0.18,,843000,$26.31,"$22,180,000",,$29.45,11.93%,$25.53,$37.32,Thomas Gayner - Markel Group,1
≡,COF - Capital One Financial,0.18,,91000,$242.36,"$22,055,000",,$206.74,-14.70%,$141.84,$259.64,Thomas Gayner - Markel Group,1
≡,CCK - Crown Holdings,0.17,Add 11.87%,212000,$102.97,"$21,830,000",,$110.32,7.14%,$75.38,$115.85,Thomas Gayner - Markel Group,1
≡,RNR - RenaissanceRe Holdings Ltd.,0.16,,70000,$281.16,"$19,681,000",,$307.13,9.24%,$217.97,$315.88,Thomas Gayner - Markel Group,1
≡,PM - Philip Morris Intl.,0.15,,114500,$160.40,"$18,366,000",,$183.65,14.50%,$140.83,$190.98,Thomas Gayner - Markel Group,1
≡,WFC - Wells Fargo,0.15,,204450,$93.20,"$19,054,000",,$87.40,-6.22%,$57.18,$97.28,Thomas Gayner - Markel Group,1
≡,APD - Air Products & Chemicals,0.14,Add 10.00%,71500,$247.02,"$17,662,000",,$277.69,12.42%,$227.45,$313.12,Thomas Gayner - Markel Group,1
≡,CSX - CSX Corp.,0.13,Add 54.39%,440000,$36.25,"$15,950,000",,$41.03,13.19%,$25.91,$41.79,Thomas Gayner - Markel Group,1
≡,EFX - Equifax Inc.,0.13,,72850,$216.98,"$15,807,000",,$192.70,-11.19%,$166.02,$279.27,Thomas Gayner - Markel Group,1
≡,PAYX - Paychex Inc.,0.13,,150000,$112.18,"$16,827,000",,$93.27,-16.86%,$91.70,$156.86,Thomas Gayner - Markel Group,1
≡,SHOP - Shopify Inc.,0.13,,102750,$160.97,"$16,540,000",,$113.54,-29.47%,$69.84,$182.19,Thomas Gayner - Markel Group,1
≡,SPOT - Spotify Technology S.A.,0.12,,25900,$580.69,"$15,040,000",,$462.82,-20.30%,$405.00,$785.00,Thomas Gayner - Markel Group,1
≡,BK - Bank of New York Mellon Corp.,0.11,,121500,$116.09,"$14,105,000",,$118.80,2.33%,$69.01,$128.76,Thomas Gayner - Markel Group,1
≡,HXL - Hexcel Corp.,0.11,,189000,$73.90,"$13,967,000",,$88.98,20.41%,$44.79,$93.14,Thomas Gayner - Markel Group,1
≡,PEP - PepsiCo Inc.,0.11,,96210,$143.52,"$13,808,000",,$161.92,12.82%,$123.93,$171.48,Thomas Gayner - Markel Group,1
≡,SEIC - SEI Investments,0.11,,173200,$82.02,"$14,206,000",,$79.02,-3.66%,$63.90,$93.38,Thomas Gayner - Markel Group,1
≡,BF.B - Brown-Forman Corp.,0.1,,474187,$26.06,"$12,357,000",,$29.26,12.28%,$25.13,$37.94,Thomas Gayner - Markel Group,1
≡,CARR - Carrier Global Corp.,0.1,,235000,$52.84,"$12,417,000",,$66.43,25.72%,$50.03,$80.43,Thomas Gayner - Markel Group,1
≡,CME - CME Group,0.1,Add 42.97%,45750,$273.07,"$12,493,000",,$303.23,11.04%,$239.86,$309.35,Thomas Gayner - Markel Group,1
≡,FIX - Comfort Systems USA Inc.,0.1,,13000,$933.31,"$12,133,000",,$1337.75,43.33%,$275.80,$1399.00,Thomas Gayner - Markel Group,1
≡,HSY - Hershey Co.,0.1,Add 23.85%,67500,$181.99,"$12,284,000",,$219.40,20.56%,$146.80,$233.34,Thomas Gayner - Markel Group,1
≡,TGT - Target Corp.,0.1,,133000,$97.75,"$13,001,000",,$116.54,19.22%,$82.60,$125.93,Thomas Gayner - Markel Group,1
≡,CHH - Choice Hotels Int. Inc.,0.09,,115500,$95.26,"$11,003,000",,$110.01,15.48%,$83.78,$156.27,Thomas Gayner - Markel Group,1
≡,UBER - Uber Technologies Inc.,0.09,Add 13.36%,140000,$81.71,"$11,439,000",,$70.53,-13.68%,$60.63,$101.99,Thomas Gayner - Markel Group,1
≡,CBOE - CBOE Holdings Inc.,0.08,Add 46.49%,41750,$250.99,"$10,479,000",,$284.20,13.23%,$199.15,$285.80,Thomas Gayner - Markel Group,1
≡,IQV - IQVIA Holdings Inc.,0.08,,46900,$225.42,"$10,572,000",,$164.44,-27.05%,$134.65,$247.05,Thomas Gayner - Markel Group,1
≡,OTIS - Otis Worldwide Corp.,0.08,,114620,$87.35,"$10,012,000",,$92.44,5.83%,$83.08,$104.89,Thomas Gayner - Markel Group,1
≡,SMG - Scotts Miracle-Gro Co.,0.08,,168000,$58.35,"$9,803,000",,$69.89,19.78%,$44.07,$70.75,Thomas Gayner - Markel Group,1
≡,AMAT - Applied Materials,0.07,Add 29.90%,34100,$256.98,"$8,763,000",,$359.13,39.75%,$122.79,$376.32,Thomas Gayner - Markel Group,1
≡,HII - Huntington Ingalls Industries,0.07,Add 24.39%,25500,$340.08,"$8,672,000",,$417.83,22.86%,$160.92,$436.14,Thomas Gayner - Markel Group,1
≡,SONY - Sony Group Corp.,0.07,,335000,$25.60,"$8,576,000",,$22.82,-10.86%,$20.42,$30.34,Thomas Gayner - Markel Group,1
≡,UNH - United Health Group Inc.,0.07,,26500,$330.11,"$8,748,000",,$289.09,-12.43%,$231.57,$594.32,Thomas Gayner - Markel Group,1
≡,GHC - Graham Holdings Co.,0.05,,5200,$1098.65,"$5,713,000",,$1073.52,-2.29%,$869.08,$1222.77,Thomas Gayner - Markel Group,1
≡,NSP - Insperity Inc.,0.05,Add 16.05%,152873,$38.72,"$5,919,000",,$24.92,-35.64%,$24.47,$91.82,Thomas Gayner - Markel Group,1
≡,CNI - Canadian Natl Railway Co.,0.04,Add 78.00%,44500,$98.85,"$4,399,000",,$108.47,9.73%,$89.89,$109.90,Thomas Gayner - Markel Group,1
≡,EMN - Eastman Chemical,0.04,,74950,$63.83,"$4,784,000",,$79.11,23.94%,$55.35,$99.23,Thomas Gayner - Markel Group,1
≡,KMX - CarMax Inc.,0.04,,136500,$38.64,"$5,274,000",,$42.25,9.34%,$30.26,$89.47,Thomas Gayner - Markel Group,1
≡,XOM - Exxon Mobil Corp.,0.04,Add 1166.67%,38000,$120.34,"$4,573,000",,$146.19,21.48%,$94.55,$155.89,Thomas Gayner - Markel Group,1
≡,AYI - Acuity Brands Inc.,0.03,,9750,$360.00,"$3,510,000",,$311.16,-13.57%,$216.28,$379.92,Thomas Gayner - Markel Group,1
≡,BC - Brunswick Corp.,0.03,Add 42.54%,47750,$74.24,"$3,545,000",,$87.64,18.05%,$40.14,$89.61,Thomas Gayner - Markel Group,1
≡,CP - Canadian Pacific Kansas City,0.03,Add 62.90%,50500,$73.62,"$3,718,000",,$83.88,13.94%,$66.06,$85.15,Thomas Gayner - Markel Group,1
≡,ICE - Intercontinental Exchange Inc.,0.03,Add 271.35%,20870,$161.95,"$3,380,000",,$153.44,-5.25%,$142.74,$188.26,Thomas Gayner - Markel Group,1
≡,MGM - MGM Resorts International,0.03,,87500,$36.49,"$3,193,000",,$34.27,-6.08%,$25.30,$40.16,Thomas Gayner - Markel Group,1
≡,WRB - W.R. Berkley Corp.,0.03,,60750,$70.12,"$4,260,000",,$71.04,1.31%,$58.00,$77.72,Thomas Gayner - Markel Group,1
≡,DPZ - Dominos Pizza Inc.,0.02,,5500,$416.91,"$2,293,000",,$373.50,-10.41%,$370.70,$493.24,Thomas Gayner - Markel Group,1
≡,EXP - Eagle Materials Inc.,0.02,,14750,$206.71,"$3,049,000",,$229.72,11.13%,$191.49,$257.67,Thomas Gayner - Markel Group,1
≡,SYY - Sysco Corp.,0.02,,30500,$73.70,"$2,248,000",,$89.70,21.71%,$65.74,$91.85,Thomas Gayner - Markel Group,1
≡,BRO - Brown & Brown Inc.,0.01,Buy,11000,$79.73,"$877,000",,$68.83,-13.67%,$65.68,$124.76,Thomas Gayner - Markel Group,1
≡,TRU - TransUnion,0.0,Reduce 98.02%,2000,$86.00,"$172,000",,$75.31,-12.43%,$65.24,$99.64,Thomas Gayner - Markel Group,1
≡,GOOG - Alphabet Inc. CL C,4.08,Reduce 2.10%,7369114,$313.80,"$2,312,428,000",,$302.82,-3.50%,$142.27,$350.15,First Eagle Investment Management,1
≡,BDX - Becton Dickinson,3.98,Add 16.53%,11646000,$194.07,"$2,260,139,000",,$177.38,-8.60%,$126.24,$182.75,First Eagle Investment Management,1
≡,META - Meta Platforms Inc.,3.66,Reduce 5.46%,3149947,$660.09,"$2,079,248,000",,$639.29,-3.15%,$478.72,$795.06,First Eagle Investment Management,1
≡,WPM - Wheaton Precious Metals Corp.,3.19,Reduce 10.31%,15390108,$117.52,"$1,808,646,000",,$142.33,21.11%,$66.20,$160.36,First Eagle Investment Management,1
≡,TSM - Taiwan Semiconductor S.A.,3.18,Reduce 11.37%,5938326,$303.89,"$1,804,598,000",,$364.20,19.85%,$133.00,$380.00,First Eagle Investment Management,1
≡,HCA - HCA Healthcare Inc.,3.0,Reduce 6.97%,3646152,$466.86,"$1,702,242,000",,$534.78,14.55%,$292.80,$552.90,First Eagle Investment Management,1
≡,ORCL - Oracle Corp.,2.85,Reduce 6.21%,8290272,$194.91,"$1,615,857,000",,$153.97,-21.00%,$117.67,$344.21,First Eagle Investment Management,1
≡,IMO - Imperial Oil Ltd.,2.83,Reduce 7.64%,18605005,$86.39,"$1,607,314,000",,$117.42,35.92%,$57.68,$120.57,First Eagle Investment Management,1
≡,CHRW - C.H. Robinson Worldwide,2.57,Reduce 14.11%,9074016,$160.76,"$1,458,739,000",,$177.38,10.34%,$83.39,$203.34,First Eagle Investment Management,1
≡,ELV - Elevance Health Inc.,2.49,Add 0.61%,4022874,$350.55,"$1,410,219,000",,$344.78,-1.65%,$270.83,$451.93,First Eagle Investment Management,1
≡,B - Barrick Mining Corp.,2.47,Reduce 16.93%,32114660,$43.55,"$1,398,593,000",,$46.65,7.12%,$16.74,$54.69,First Eagle Investment Management,1
≡,WTW - Willis Towers Watson plc,2.46,Reduce 0.34%,4250802,$328.60,"$1,396,813,000",,$295.50,-10.07%,$275.60,$351.81,First Eagle Investment Management,1
≡,NEM - Newmont Corp.,2.41,Reduce 12.25%,13717958,$99.85,"$1,369,738,000",,$122.31,22.49%,$40.54,$134.88,First Eagle Investment Management,1
≡,FMX - Fomento Economico Mexicano,2.23,Reduce 0.01%,12507215,$101.07,"$1,264,104,000",,$114.65,13.44%,$79.68,$115.90,First Eagle Investment Management,1
≡,CRM - Salesforce.com,2.02,Add 17.03%,4319206,$264.91,"$1,144,201,000",,$184.29,-30.43%,$180.24,$327.60,First Eagle Investment Management,1
≡,BK - Bank of New York Mellon Corp.,1.99,Reduce 5.43%,9745637,$116.09,"$1,131,371,000",,$118.80,2.33%,$69.01,$128.76,First Eagle Investment Management,1
≡,CMCSA - Comcast Corp.,1.91,Add 0.68%,36171945,$29.89,"$1,081,180,000",,$31.55,5.55%,$23.89,$34.24,First Eagle Investment Management,1
≡,SLB - Schlumberger Ltd.,1.88,Add 0.63%,27718458,$38.38,"$1,063,834,000",,$49.84,29.86%,$30.19,$52.40,First Eagle Investment Management,1
≡,FNV - Franco Nevada Corp.,1.87,Add 26.53%,5123444,$207.29,"$1,062,037,000",,$249.73,20.47%,$135.87,$273.56,First Eagle Investment Management,1
≡,GLD - SPDR Gold Trust,1.73,Reduce 2.23%,2474833,$396.31,"$980,801,000",,$448.20,13.09%,$261.25,$509.70,First Eagle Investment Management,1
≡,EXPD - Expeditors Int'l,1.66,Add 0.51%,6312305,$149.01,"$940,596,000",,$147.16,-1.24%,$99.26,$167.19,First Eagle Investment Management,1
≡,MDT - Medtronic plc,1.66,Add 0.41%,9775234,$96.06,"$939,009,000",,$96.41,0.36%,$77.73,$105.55,First Eagle Investment Management,1
≡,UHS - Universal Health Services Inc.,1.66,Reduce 6.66%,4313583,$218.02,"$940,448,000",,$235.12,7.84%,$152.04,$246.12,First Eagle Investment Management,1
≡,PM - Philip Morris Intl.,1.64,Reduce 5.12%,5808120,$160.40,"$931,622,000",,$183.65,14.50%,$140.83,$190.98,First Eagle Investment Management,1
≡,WDAY - Workday Inc.,1.64,Add 87.77%,4338773,$214.78,"$931,881,000",,$143.12,-33.36%,$139.91,$281.00,First Eagle Investment Management,1
≡,XOM - Exxon Mobil Corp.,1.64,Reduce 0.52%,7753826,$120.34,"$933,095,000",,$146.19,21.48%,$94.55,$155.89,First Eagle Investment Management,1
≡,WY - Weyerhaeuser Co.,1.57,Add 166.15%,37621004,$23.69,"$891,241,000",,$26.88,13.47%,$20.96,$30.64,First Eagle Investment Management,1
≡,AEM - Agnico-Eagle Mines Ltd.,1.55,Reduce 1.26%,5192410,$169.59,"$880,558,000",,$212.96,25.57%,$91.33,$225.00,First Eagle Investment Management,1
≡,OKE - ONEOK Inc.,1.47,Add 46.29%,11365304,$73.50,"$835,350,000",,$85.61,16.48%,$63.16,$98.17,First Eagle Investment Management,1
≡,ABEV - Ambev S.A.,1.46,Reduce 0.75%,336057984,$2.47,"$830,064,000",,$3.08,24.70%,$1.72,$3.23,First Eagle Investment Management,1
≡,NTR - Nutrien Ltd.,1.45,Add 0.53%,13307283,$61.72,"$821,326,000",,$69.86,13.19%,$44.54,$73.55,First Eagle Investment Management,1
≡,BIO - Bio-Rad Laboratories Inc.,1.37,Add 1.99%,2570473,$302.99,"$778,827,000",,$264.93,-12.56%,$211.43,$343.12,First Eagle Investment Management,1
≡,PPG - PPG Industries,1.14,Add 0.43%,6290622,$102.46,"$644,537,000",,$129.18,26.08%,$88.43,$133.43,First Eagle Investment Management,1
≡,TXN - Texas Instruments,1.12,Add 0.51%,3649310,$173.49,"$633,118,000",,$225.69,30.09%,$135.67,$231.32,First Eagle Investment Management,1
≡,CL - Colgate-Palmolive,1.1,Add 0.38%,7918979,$79.02,"$625,757,000",,$95.65,21.05%,$74.09,$98.13,First Eagle Investment Management,1
≡,CHTR - Charter Communications,1.09,Add 119.58%,2969507,$208.75,"$619,885,000",,$237.01,13.54%,$180.38,$437.06,First Eagle Investment Management,1
≡,AXP - American Express,1.07,Reduce 4.82%,1639846,$369.95,"$606,661,000",,$344.53,-6.87%,$218.83,$386.63,First Eagle Investment Management,1
≡,IFF - International Flavors & Fragrances Inc.,1.05,Add 27.50%,8831668,$67.39,"$595,166,000",,$82.74,22.78%,$58.78,$84.47,First Eagle Investment Management,1
≡,NOV - Nov Inc.,1.04,Reduce 0.03%,37597874,$15.63,"$587,655,000",,$19.07,22.01%,$10.48,$19.60,First Eagle Investment Management,1
≡,DG - Dollar General,1.03,Reduce 26.08%,4417971,$132.77,"$586,574,000",,$149.68,12.74%,$68.50,$155.00,First Eagle Investment Management,1
≡,EQR - Equity Residential,1.03,Add 0.48%,9242013,$63.04,"$582,616,000",,$63.48,0.70%,$57.55,$72.77,First Eagle Investment Management,1
≡,ADI - Analog Devices,0.97,Reduce 0.24%,2025829,$271.20,"$549,405,000",,$337.51,24.45%,$156.76,$343.96,First Eagle Investment Management,1
≡,GOOGL - Alphabet Inc.,0.95,Reduce 47.14%,1727965,$313.00,"$540,853,000",,$302.02,-3.51%,$140.14,$349.00,First Eagle Investment Management,1
≡,OMC - Omnicom Group,0.9,Add 0.53%,6352034,$80.75,"$512,926,000",,$67.98,-15.81%,$66.33,$86.04,First Eagle Investment Management,1
≡,USB - U.S. Bancorp,0.83,Add 0.51%,8818344,$53.36,"$470,547,000",,$58.17,9.01%,$34.10,$61.19,First Eagle Investment Management,1
≡,BRK.A - Berkshire Hathaway CL A,0.74,Reduce 2.81%,553,$754799.28,"$417,404,000",,$754910.00,0.01%,$685150.00,$812855.00,First Eagle Investment Management,1
≡,DIS - Walt Disney Co.,0.69,Add 0.49%,3443391,$113.77,"$391,754,000",,$105.44,-7.32%,$79.22,$123.85,First Eagle Investment Management,1
≡,CMI - Cummins Inc.,0.68,Reduce 46.97%,754938,$510.45,"$385,358,000",,$595.66,16.69%,$256.13,$617.98,First Eagle Investment Management,1
≡,NE - Noble Corp.,0.61,Add 0.24%,12195825,$28.24,"$344,410,000",,$43.47,53.93%,$16.53,$46.31,First Eagle Investment Management,1
≡,EXR - Extra Space Storage Inc.,0.59,Add 61.80%,2552053,$130.22,"$332,328,000",,$147.84,13.53%,$116.98,$155.55,First Eagle Investment Management,1
≡,FNF - Fidelity National Financial Inc.,0.59,Add 0.91%,6102523,$54.59,"$333,137,000",,$57.46,5.26%,$47.94,$62.63,First Eagle Investment Management,1
≡,IPGP - IPG Photonics Corp.,0.57,Add 0.28%,4487103,$71.60,"$321,277,000",,$134.86,88.35%,$48.59,$155.82,First Eagle Investment Management,1
≡,MSFT - Microsoft Corp.,0.48,Add 2.15%,557601,$483.62,"$269,667,000",,$396.86,-17.94%,$342.95,$553.50,First Eagle Investment Management,1
≡,ROST - Ross Stores Inc.,0.47,Add 2.39%,1464567,$180.14,"$263,827,000",,$198.21,10.03%,$121.41,$198.98,First Eagle Investment Management,1
≡,KGC - Kinross Gold Corp.,0.46,Reduce 8.77%,9228855,$28.16,"$259,885,000",,$33.56,19.18%,$10.24,$39.11,First Eagle Investment Management,1
≡,MICC - Magnum Ice Cream Co NV,0.46,Buy,16313055,$15.97,"$260,541,000",,$15.91,-0.38%,$14.45,$19.93,First Eagle Investment Management,1
≡,DE - Deere & Co.,0.43,Add 2.03%,522213,$465.57,"$243,127,000",,$600.84,29.05%,$400.36,$626.25,First Eagle Investment Management,1
≡,AGI - Alamos Gold Inc.,0.42,Reduce 1.20%,6173289,$38.62,"$238,382,000",,$43.31,12.14%,$21.96,$46.66,First Eagle Investment Management,1
≡,BXP - BXP Inc.,0.41,Reduce 3.44%,3410909,$67.48,"$230,168,000",,$60.66,-10.11%,$52.41,$77.80,First Eagle Investment Management,1
≡,CCU - Compania Cervecerias Unidas SA,0.36,Add 0.11%,15915910,$12.76,"$203,087,000",,$14.29,11.99%,$11.19,$15.53,First Eagle Investment Management,1
≡,CSL - Carlisle Companies,0.36,Add 20.38%,646162,$319.86,"$206,682,000",,$408.06,27.57%,$292.64,$431.97,First Eagle Investment Management,1
≡,RGLD - Royal Gold Inc.,0.36,Reduce 58.80%,926123,$222.29,"$205,868,000",,$279.07,25.54%,$141.58,$306.25,First Eagle Investment Management,1
≡,PAAS - Pan American Silver Corp.,0.32,Reduce 24.06%,3488959,$51.85,"$180,889,000",,$56.09,8.18%,$20.31,$69.99,First Eagle Investment Management,1
≡,XRAY - DENTSPLY SIRONA Inc.,0.29,Add 3.23%,14640555,$11.43,"$167,342,000",,$12.44,8.84%,$9.71,$18.37,First Eagle Investment Management,1
≡,GFI - Gold Fields Ltd.,0.27,Reduce 1.36%,3538081,$43.66,"$154,473,000",,$51.47,17.89%,$17.13,$61.64,First Eagle Investment Management,1
≡,FERG - Ferguson Enterprises Inc.,0.25,Add 5.04%,629445,$222.63,"$140,133,000",,$259.67,16.64%,$144.32,$271.64,First Eagle Investment Management,1
≡,DEI - Douglas Emmett Inc.,0.24,Reduce 3.45%,12557124,$10.99,"$138,003,000",,$9.97,-9.28%,$9.53,$16.55,First Eagle Investment Management,1
≡,AU - AngloGold Ashanti Ltd.,0.22,Reduce 27.47%,1491498,$85.28,"$127,195,000",,$106.17,24.50%,$27.08,$115.81,First Eagle Investment Management,1
≡,NG - NovaGold Resources,0.15,Reduce 22.31%,9177188,$9.32,"$85,531,000",,$10.30,10.52%,$2.26,$12.09,First Eagle Investment Management,1
≡,BTI - British American Tobacco plc,0.14,Add 9.61%,1407980,$56.62,"$79,720,000",,$58.91,4.04%,$35.00,$63.03,First Eagle Investment Management,1
≡,BIL - SPDR Bloomberg 1 3 Month T B,0.11,Add 77.75%,712283,$91.38,"$65,088,000",,$91.52,0.15%,$87.94,$91.52,First Eagle Investment Management,1
≡,EPD - Enterprise Products Partners LP,0.11,Add 3.57%,1915695,$32.06,"$61,417,000",,$36.75,14.63%,$25.93,$37.31,First Eagle Investment Management,1
≡,ORLA - Orla Mining Ltd,0.11,Reduce 29.02%,4769471,$13.45,"$64,148,000",,$16.97,26.17%,$6.62,$20.05,First Eagle Investment Management,1
≡,SHEL - Shell plc,0.11,Add 30.71%,873572,$73.48,"$64,190,000",,$77.94,6.07%,$56.81,$80.26,First Eagle Investment Management,1
≡,BTG - B2Gold Corp.,0.08,Reduce 24.57%,9708102,$4.50,"$43,712,000",,$5.25,16.67%,$2.49,$5.91,First Eagle Investment Management,1
≡,UL - Unilever PLC,0.08,Reduce 3.44%,677384,$65.40,"$44,301,000",,$73.96,13.09%,$59.07,$74.98,First Eagle Investment Management,1
≡,LYG - Lloyds TSB Grp Plc ADR,0.07,Add 10.16%,6971101,$5.30,"$36,947,000",,$5.70,7.55%,$2.99,$6.34,First Eagle Investment Management,1
≡,HLN - Haleon Plc ADR,0.06,Add 9.11%,3335583,$10.11,"$33,723,000",,$11.23,11.08%,$8.71,$11.35,First Eagle Investment Management,1
≡,KOF - Coca-Cola FEMSA S A CV,0.06,,371596,$94.71,"$35,194,000",,$112.75,19.05%,$78.46,$116.36,First Eagle Investment Management,1
≡,BRK.B - Berkshire Hathaway CL B,0.05,Add 238.84%,51877,$502.65,"$26,076,000",,$503.41,0.15%,$455.19,$542.07,First Eagle Investment Management,1
≡,CAE - CAE Inc.,0.05,Reduce 0.24%,935036,$30.41,"$28,436,000",,$30.34,-0.23%,$20.36,$34.24,First Eagle Investment Management,1
≡,AEIS - Advanced Energy Industries,0.04,Reduce 15.24%,98473,$209.37,"$20,617,000",,$314.12,50.03%,$74.86,$325.69,First Eagle Investment Management,1
≡,BKD - Brookdale Senior Living Inc.,0.04,Add 0.10%,1955530,$10.79,"$21,100,000",,$16.64,54.22%,$4.97,$17.09,First Eagle Investment Management,1
≡,CDE - Coeur Mining Inc.,0.04,Reduce 25.59%,1231606,$17.83,"$21,959,000",,$21.81,22.32%,$4.58,$27.77,First Eagle Investment Management,1
≡,CECO - CECO Environmental Corp.,0.04,Reduce 15.52%,366867,$59.85,"$21,957,000",,$78.93,31.88%,$17.57,$79.96,First Eagle Investment Management,1
≡,HL - Hecla Mining Co.,0.04,Reduce 28.79%,1246713,$19.19,"$23,924,000",,$21.24,10.68%,$4.45,$34.17,First Eagle Investment Management,1
≡,TEL - TE Connectivity plc,0.04,Reduce 6.37%,111336,$227.51,"$25,330,000",,$235.90,3.69%,$115.00,$249.84,First Eagle Investment Management,1
≡,ABCB - Ameris Bancorp,0.03,Add 3.59%,203614,$74.27,"$15,122,000",,$83.85,12.90%,$47.86,$87.98,First Eagle Investment Management,1
≡,AMRC - Ameresco Inc. CL A,0.03,Reduce 20.23%,574673,$29.29,"$16,832,000",,$32.49,10.93%,$8.49,$44.93,First Eagle Investment Management,1
≡,ATEC - Alphatec Holdings Inc.,0.03,Reduce 3.15%,676137,$21.04,"$14,226,000",,$13.50,-35.84%,$8.81,$23.29,First Eagle Investment Management,1
≡,BZH - Beazer Homes USA,0.03,Add 0.79%,701437,$20.27,"$14,218,000",,$27.71,36.70%,$17.37,$28.11,First Eagle Investment Management,1
≡,CCS - Century Communities Inc.,0.03,Add 10.28%,240940,$59.35,"$14,299,000",,$73.43,23.72%,$49.97,$76.00,First Eagle Investment Management,1
≡,CMC - Commercial Metals,0.03,Add 3.07%,272349,$69.22,"$18,852,000",,$79.22,14.45%,$37.58,$84.87,First Eagle Investment Management,1
≡,DCO - Ducommun Inc.,0.03,Reduce 0.93%,181324,$95.13,"$17,249,000",,$125.19,31.60%,$51.76,$126.39,First Eagle Investment Management,1
≡,FORM - FormFactor Inc.,0.03,Reduce 10.61%,269222,$55.78,"$15,017,000",,$95.38,70.99%,$22.58,$100.01,First Eagle Investment Management,1
≡,GHM - Graham Corp.,0.03,Reduce 8.64%,280173,$64.23,"$17,996,000",,$82.08,27.79%,$24.78,$91.91,First Eagle Investment Management,1
≡,HD - Home Depot,0.03,Reduce 0.56%,48672,$344.10,"$16,748,000",,$383.04,11.32%,$320.39,$424.01,First Eagle Investment Management,1
≡,IBP - Installed Building Products,0.03,Reduce 0.49%,60988,$259.40,"$15,820,000",,$336.40,29.68%,$150.09,$349.00,First Eagle Investment Management,1
≡,KALU - Kaiser Aluminum Corp.,0.03,Reduce 4.13%,146915,$114.86,"$16,875,000",,$140.57,22.38%,$45.18,$150.00,First Eagle Investment Management,1
≡,LINC - Lincoln Educational Services Corp.,0.03,Add 0.52%,778630,$24.15,"$18,804,000",,$30.13,24.76%,$14.10,$30.21,First Eagle Investment Management,1
≡,LNC - Lincoln National,0.03,Reduce 0.00%,409936,$44.53,"$18,255,000",,$41.57,-6.65%,$26.27,$46.34,First Eagle Investment Management,1
≡,LPX - Louisiana-Pacific Corp.,0.03,Add 12.53%,195699,$80.76,"$15,805,000",,$88.86,10.03%,$73.42,$111.74,First Eagle Investment Management,1
≡,MAMA - Mama's Creations Inc,0.03,Reduce 4.50%,1277470,$13.49,"$17,233,000",,$14.98,11.05%,$5.50,$16.68,First Eagle Investment Management,1
≡,OIS - Oil States International Inc.,0.03,Reduce 0.90%,2581674,$6.77,"$17,478,000",,$9.30,37.37%,$3.08,$9.53,First Eagle Investment Management,1
≡,OTIS - Otis Worldwide Corp.,0.03,Add 13.18%,162639,$87.35,"$14,207,000",,$92.44,5.83%,$83.08,$104.89,First Eagle Investment Management,1
≡,OUT - Outfront Media Inc.,0.03,Reduce 7.19%,748535,$24.10,"$18,040,000",,$25.09,4.11%,$12.35,$27.04,First Eagle Investment Management,1
≡,SIMO - Silicon Motion Technol ADR,0.03,Add 2.01%,153519,$92.70,"$14,231,000",,$131.36,41.70%,$36.27,$144.68,First Eagle Investment Management,1
≡,THR - Thermon Group Holdings Inc.,0.03,Add 2.18%,400510,$37.16,"$14,883,000",,$51.08,37.46%,$23.05,$53.52,First Eagle Investment Management,1
≡,TTMI - TTM Technologies Inc.,0.03,Reduce 26.66%,264219,$69.00,"$18,231,000",,$90.91,31.75%,$15.77,$111.00,First Eagle Investment Management,1
≡,VSH - Vishay Intertechnology,0.03,Add 11.13%,1022488,$14.49,"$14,816,000",,$18.69,28.99%,$10.14,$22.00,First Eagle Investment Management,1
≡,WBS - Webster Financial Corp.,0.03,Add 9.91%,227302,$62.94,"$14,306,000",,$72.07,14.51%,$38.35,$73.87,First Eagle Investment Management,1
≡,ACA - Arcosa Inc.,0.02,Reduce 2.30%,125462,$106.32,"$13,339,000",,$125.14,17.70%,$67.96,$131.00,First Eagle Investment Management,1
≡,ACLS - Axcelis Technologies,0.02,Add 4.57%,136318,$80.34,"$10,952,000",,$98.50,22.60%,$40.40,$102.93,First Eagle Investment Management,1
≡,ADTN - ADTRAN Holdings Inc.,0.02,Add 2.15%,1235207,$8.69,"$10,734,000",,$10.15,16.80%,$6.93,$12.44,First Eagle Investment Management,1
≡,AORT - Artivion Inc.,0.02,Reduce 9.84%,306893,$45.61,"$13,997,000",,$36.50,-19.97%,$21.97,$48.25,First Eagle Investment Management,1
≡,ASTE - Astec Industries,0.02,Reduce 5.33%,282250,$43.32,"$12,227,000",,$58.77,35.66%,$29.38,$59.99,First Eagle Investment Management,1
≡,ASYS - Amtech Systems Inc.,0.02,Reduce 2.39%,734346,$12.55,"$9,216,000",,$11.52,-8.21%,$3.20,$18.59,First Eagle Investment Management,1
≡,ATRO - Astronics Corp.,0.02,Reduce 2.54%,230326,$54.24,"$12,493,000",,$76.97,41.91%,$18.54,$81.89,First Eagle Investment Management,1
≡,AX - Axos Financial Inc.,0.02,Add 1.82%,142287,$86.16,"$12,260,000",,$97.56,13.23%,$54.46,$101.92,First Eagle Investment Management,1
≡,AXGN - AxoGen Inc.,0.02,Reduce 5.62%,407593,$32.73,"$13,341,000",,$34.64,5.84%,$9.22,$36.00,First Eagle Investment Management,1
≡,BCC - Boise Cascade Company,0.02,Add 30.75%,140496,$73.60,"$10,341,000",,$86.07,16.94%,$64.95,$120.33,First Eagle Investment Management,1
≡,BDC - Belden Inc.,0.02,Reduce 4.38%,80037,$116.56,"$9,329,000",,$146.43,25.63%,$83.08,$159.99,First Eagle Investment Management,1
≡,BHE - Benchmark Electronics,0.02,Add 5.03%,250469,$42.76,"$10,710,000",,$58.06,35.78%,$30.34,$60.51,First Eagle Investment Management,1
≡,BKH - Black Hills,0.02,Add 2.43%,126670,$69.42,"$8,793,000",,$73.57,5.98%,$52.67,$75.15,First Eagle Investment Management,1
≡,CDNA - CareDx Inc.,0.02,Add 15.06%,546722,$18.84,"$10,301,000",,$19.44,3.18%,$10.96,$25.55,First Eagle Investment Management,1
≡,CENX - Century Aluminum Co.,0.02,Reduce 11.33%,301612,$39.18,"$11,817,000",,$48.89,24.78%,$13.05,$55.59,First Eagle Investment Management,1
≡,CHEF - Chefs' Warehouse,0.02,Add 0.25%,162873,$62.33,"$10,152,000",,$68.47,9.85%,$45.00,$69.75,First Eagle Investment Management,1
≡,CIEN - Ciena Corp.,0.02,Reduce 39.32%,40900,$233.86,"$9,565,000",,$302.33,29.28%,$49.21,$308.81,First Eagle Investment Management,1
≡,CUBI - Customers Bancorp Inc.,0.02,Add 37.62%,139293,$73.12,"$10,185,000",,$73.96,1.15%,$40.75,$82.56,First Eagle Investment Management,1
≡,DEO - Diageo ADR,0.02,Reduce 6.47%,124372,$86.27,"$10,729,000",,$96.45,11.80%,$84.52,$113.71,First Eagle Investment Management,1
≡,DORM - Dorman Products,0.02,Buy,73342,$123.19,"$9,035,000",,$129.26,4.93%,$106.95,$166.89,First Eagle Investment Management,1
≡,DY - Dycom Industries,0.02,Reduce 18.63%,37792,$337.90,"$12,770,000",,$422.43,25.02%,$131.37,$445.53,First Eagle Investment Management,1
≡,EXP - Eagle Materials Inc.,0.02,Buy,51334,$206.69,"$10,610,000",,$229.72,11.14%,$191.49,$257.67,First Eagle Investment Management,1
≡,EYE - National Vision Holdings Inc.,0.02,Reduce 23.02%,451552,$25.82,"$11,659,000",,$27.76,7.51%,$10.45,$30.02,First Eagle Investment Management,1
≡,FG - F&G Annuities & Life Inc.,0.02,Buy,366671,$30.85,"$11,312,000",,$28.55,-7.46%,$26.45,$46.54,First Eagle Investment Management,1
≡,FIP - Ftai Infrastructure Inc,0.02,Add 7.08%,2383921,$4.61,"$10,990,000",,$5.99,29.93%,$3.04,$7.84,First Eagle Investment Management,1
≡,FN - Fabrinet,0.02,Reduce 36.32%,28673,$455.27,"$13,054,000",,$496.78,9.12%,$148.55,$531.22,First Eagle Investment Management,1
≡,FOR - Forestar Group Inc.,0.02,Reduce 7.72%,495769,$24.63,"$12,211,000",,$30.03,21.92%,$18.00,$30.74,First Eagle Investment Management,1
≡,GLNG - Golar LNG Ltd.,0.02,Add 3.78%,293472,$37.21,"$10,920,000",,$44.17,18.70%,$29.03,$45.68,First Eagle Investment Management,1
≡,GSM - Ferroglobe Plc,0.02,Reduce 1.79%,2063272,$4.64,"$9,574,000",,$4.82,3.88%,$2.94,$5.72,First Eagle Investment Management,1
≡,HCSG - Healthcare Services Group,0.02,Add 0.16%,561035,$19.12,"$10,727,000",,$20.93,9.47%,$9.13,$22.98,First Eagle Investment Management,1
≡,HNGE - Hinge Health Inc A,0.02,Add 167.17%,221751,$46.45,"$10,300,000",,$39.19,-15.63%,$30.08,$62.18,First Eagle Investment Management,1
≡,HSTM - HealthStream Inc.,0.02,Add 1.05%,413698,$23.07,"$9,544,000",,$20.28,-12.09%,$19.50,$34.08,First Eagle Investment Management,1
≡,IDA - IDACORP Inc. Hldg. Co.,0.02,,91312,$126.56,"$11,556,000",,$143.12,13.08%,$105.98,$145.94,First Eagle Investment Management,1
≡,IIIN - Insteel Industries Inc.,0.02,Reduce 3.06%,389954,$31.67,"$12,350,000",,$37.31,17.81%,$21.72,$40.26,First Eagle Investment Management,1
≡,JBI - Janus International Group In,0.02,Add 21.12%,1374346,$6.54,"$8,988,000",,$7.05,7.80%,$5.73,$10.80,First Eagle Investment Management,1
≡,JBTM - JBT Marel Corp.,0.02,Reduce 0.62%,63623,$150.67,"$9,586,000",,$163.26,8.36%,$89.88,$170.19,First Eagle Investment Management,1
≡,KRE - SPDR S&P Regional Banking,0.02,Add 30.83%,159119,$64.81,"$10,313,000",,$71.53,10.37%,$46.16,$74.08,First Eagle Investment Management,1
≡,KTOS - Kratos Defense & Security Sol.,0.02,Reduce 21.76%,133063,$75.91,"$10,101,000",,$91.97,21.16%,$23.90,$134.00,First Eagle Investment Management,1
≡,LFST - Lifestance Health Group Inc,0.02,Add 13.33%,1496466,$7.04,"$10,535,000",,$7.04,0.00%,$3.74,$8.30,First Eagle Investment Management,1
≡,LPG - Dorian LPG Ltd,0.02,Add 0.13%,385825,$24.34,"$9,391,000",,$34.18,40.43%,$15.26,$34.38,First Eagle Investment Management,1
≡,LXU - LSB Industries Inc.,0.02,Reduce 17.03%,1310794,$8.50,"$11,142,000",,$9.68,13.88%,$4.88,$10.41,First Eagle Investment Management,1
≡,MATV - Mativ Holdings Inc.,0.02,Add 3.99%,1053792,$12.15,"$12,804,000",,$14.26,17.37%,$4.20,$15.48,First Eagle Investment Management,1
≡,MTG - MGIC Investment,0.02,Add 0.12%,412253,$29.22,"$12,046,000",,$26.85,-8.11%,$21.47,$29.80,First Eagle Investment Management,1
≡,MTW - Manitowoc Co.,0.02,Reduce 0.78%,828369,$11.99,"$9,933,000",,$14.53,21.18%,$7.06,$15.56,First Eagle Investment Management,1
≡,NGS - Natural Gas Services Group Inc.,0.02,Reduce 1.50%,295239,$33.65,"$9,935,000",,$37.25,10.70%,$16.55,$37.59,First Eagle Investment Management,1
≡,NMIH - NMI Holdings,0.02,Reduce 0.04%,273259,$40.79,"$11,146,000",,$40.03,-1.86%,$31.90,$43.20,First Eagle Investment Management,1
≡,NPO - EnPro Industries,0.02,Add 7.53%,64313,$214.12,"$13,771,000",,$269.38,25.81%,$132.90,$286.09,First Eagle Investment Management,1
≡,NVGS - Navigator Holdings Ltd.,0.02,Reduce 0.22%,695619,$17.32,"$12,048,000",,$19.37,11.84%,$10.44,$19.44,First Eagle Investment Management,1
≡,ONB - Old National Bancorp,0.02,Add 6.07%,611798,$22.31,"$13,650,000",,$24.88,11.52%,$16.51,$26.17,First Eagle Investment Management,1
≡,ORI - Old Republic International,0.02,Reduce 0.14%,280662,$45.64,"$12,809,000",,$42.56,-6.75%,$31.85,$44.26,First Eagle Investment Management,1
≡,PKOH - Park Ohio Holdings Corp.,0.02,Add 5.20%,435605,$20.94,"$9,122,000",,$28.03,33.86%,$15.35,$28.50,First Eagle Investment Management,1
≡,PNTG - Pennant Group Inc.,0.02,Add 1.30%,447949,$28.15,"$12,610,000",,$31.85,13.14%,$21.18,$32.44,First Eagle Investment Management,1
≡,PWP - Perella Weinberg Partners,0.02,Add 24.81%,583848,$17.30,"$10,101,000",,$20.79,20.17%,$13.93,$25.84,First Eagle Investment Management,1
≡,RDN - Radian Group,0.02,Reduce 0.12%,255688,$35.99,"$9,202,000",,$32.73,-9.06%,$28.68,$38.56,First Eagle Investment Management,1
≡,RELY - Remitly Global Inc,0.02,Buy,641454,$13.80,"$8,852,000",,$13.08,-5.22%,$12.08,$27.32,First Eagle Investment Management,1
≡,ROG - Rogers Corp.,0.02,Add 69.54%,118329,$91.58,"$10,836,000",,$103.13,12.61%,$51.43,$112.81,First Eagle Investment Management,1
≡,SBCF - Seacoast Banking Corp. of Florida,0.02,Add 1.19%,417900,$31.42,"$13,130,000",,$33.63,7.03%,$20.96,$35.55,First Eagle Investment Management,1
≡,SIBN - SI-BONE Inc.,0.02,Add 10.99%,537461,$19.72,"$10,598,000",,$15.25,-22.67%,$12.50,$21.89,First Eagle Investment Management,1
≡,SKY - Skyline Champion Corp.,0.02,Add 10.13%,122824,$84.50,"$10,379,000",,$97.05,14.85%,$59.44,$106.85,First Eagle Investment Management,1
≡,SPB - Spectrum Brands Holdings Inc.,0.02,Add 9.59%,206772,$59.08,"$12,216,000",,$77.36,30.94%,$49.27,$77.90,First Eagle Investment Management,1
≡,SRTA - Strata Critical Medical Inc.,0.02,Add 18.75%,2129550,$4.81,"$10,243,000",,$4.47,-7.07%,$2.35,$6.02,First Eagle Investment Management,1
≡,STC - Stewart Information Services,0.02,Add 5.88%,121779,$70.27,"$8,557,000",,$69.20,-1.52%,$55.59,$78.05,First Eagle Investment Management,1
≡,STNG - Scorpio Tankers Inc.,0.02,,214068,$50.83,"$10,881,000",,$70.02,37.75%,$29.85,$71.48,First Eagle Investment Management,1
≡,TFX - Teleflex,0.02,Add 163.44%,84300,$122.04,"$10,288,000",,$105.86,-13.26%,$100.18,$178.59,First Eagle Investment Management,1
≡,TITN - Titan Machinery Inc.,0.02,Reduce 0.13%,748563,$15.04,"$11,258,000",,$19.16,27.39%,$12.50,$23.41,First Eagle Investment Management,1
≡,TMHC - Taylor Morrison Home Corp.,0.02,Add 0.35%,232134,$58.87,"$13,666,000",,$68.09,15.66%,$51.90,$72.50,First Eagle Investment Management,1
≡,TRN - Trinity Industries,0.02,Reduce 0.13%,396147,$26.44,"$10,474,000",,$34.74,31.39%,$21.89,$35.62,First Eagle Investment Management,1
≡,TRS - TriMas Corp.,0.02,Reduce 0.57%,294706,$35.45,"$10,447,000",,$36.58,3.19%,$19.22,$40.29,First Eagle Investment Management,1
≡,UCTT - Ultra Clean Holdings Inc.,0.02,Add 1.99%,410569,$25.33,"$10,400,000",,$55.60,119.50%,$16.66,$58.70,First Eagle Investment Management,1
≡,UMH - UMH Properties Inc.,0.02,Add 6.86%,716419,$15.91,"$11,398,000",,$16.09,1.13%,$13.55,$18.09,First Eagle Investment Management,1
≡,UNH - United Health Group Inc.,0.02,Reduce 0.56%,39068,$330.12,"$12,897,000",,$289.09,-12.43%,$231.57,$594.32,First Eagle Investment Management,1
≡,UTI - Universal Technical Institute,0.02,Add 2.23%,447231,$26.13,"$11,687,000",,$31.06,18.87%,$21.29,$36.32,First Eagle Investment Management,1
≡,UTZ - Utz Brands Inc.,0.02,Add 22.15%,886250,$10.38,"$9,199,000",,$9.00,-13.29%,$8.72,$14.51,First Eagle Investment Management,1
≡,VECO - Veeco Instruments,0.02,Reduce 2.09%,469408,$28.58,"$13,416,000",,$34.35,20.19%,$16.92,$35.77,First Eagle Investment Management,1
≡,VIAV - Viavi Solutions Inc.,0.02,Reduce 6.22%,723800,$17.82,"$12,898,000",,$26.30,47.59%,$8.10,$28.15,First Eagle Investment Management,1
≡,VITL - Vital Signs,0.02,Add 17.40%,330179,$31.94,"$10,546,000",,$28.24,-11.58%,$25.51,$53.13,First Eagle Investment Management,1
≡,VLY - Valley National Bancorp,0.02,Reduce 0.32%,883000,$11.68,"$10,313,000",,$13.42,14.90%,$7.25,$13.87,First Eagle Investment Management,1
≡,VPG - Vishay Precision Group,0.02,Reduce 2.22%,241692,$38.50,"$9,305,000",,$45.41,17.95%,$18.57,$56.25,First Eagle Investment Management,1
≡,WCC - WESCO International Inc.,0.02,Reduce 12.27%,57208,$244.63,"$13,995,000",,$300.92,23.01%,$124.42,$319.68,First Eagle Investment Management,1
≡,WSR - Whitestone REIT,0.02,Reduce 0.10%,713049,$13.89,"$9,904,000",,$15.23,9.65%,$11.35,$15.32,First Eagle Investment Management,1
≡,ABM - ABM Industries,0.01,Buy,180218,$42.30,"$7,624,000",,$44.29,4.70%,$39.74,$53.64,First Eagle Investment Management,1
≡,ACCO - ACCO Brands Corp.,0.01,Reduce 0.35%,862369,$3.73,"$3,217,000",,$4.12,10.46%,$3.18,$5.25,First Eagle Investment Management,1
≡,AEBI - Aebi Schmidt Holding Ag,0.01,Add 4.04%,306389,$12.65,"$3,876,000",,$15.41,21.82%,$8.87,$32.86,First Eagle Investment Management,1
≡,AIN - Albany International,0.01,Add 123.44%,131829,$50.70,"$6,684,000",,$57.50,13.41%,$40.93,$82.20,First Eagle Investment Management,1
≡,AIR - AAR Corp.,0.01,Add 22.46%,61619,$82.80,"$5,102,000",,$113.54,37.13%,$46.51,$118.00,First Eagle Investment Management,1
≡,ALGT - Allegiant Travel Company,0.01,Buy,45343,$85.26,"$3,866,000",,$114.04,33.76%,$39.80,$118.00,First Eagle Investment Management,1
≡,ALTG - Alta Equipment Group Inc,0.01,Reduce 2.30%,764591,$4.60,"$3,517,000",,$6.82,48.26%,$3.50,$8.99,First Eagle Investment Management,1
≡,AMBQ - Ambiq Micro Inc,0.01,Add 222.11%,189723,$28.50,"$5,407,000",,$29.63,3.96%,$22.12,$51.76,First Eagle Investment Management,1
≡,ANGO - AngioDynamics Inc.,0.01,Reduce 3.46%,267735,$12.84,"$3,438,000",,$11.26,-12.31%,$8.27,$13.99,First Eagle Investment Management,1
≡,ASIX - AdvanSix Inc.,0.01,Reduce 21.17%,175024,$17.30,"$3,028,000",,$18.10,4.62%,$14.10,$30.03,First Eagle Investment Management,2
≡,ASPS - Altisource Portfolio Solutions S.A.,0.01,Reduce 0.41%,435686,$6.95,"$3,028,000",,$5.82,-16.26%,$4.30,$15.96,First Eagle Investment Management,2
≡,ATRC - AtriCure Inc.,0.01,Buy,116609,$39.56,"$4,613,000",,$32.97,-16.66%,$28.29,$43.18,First Eagle Investment Management,2
≡,AVAH - Aveanna Healthcare Holdings Inc.,0.01,Reduce 1.26%,781667,$8.17,"$6,386,000",,$7.64,-6.49%,$3.67,$10.32,First Eagle Investment Management,2
≡,AVBH - Avidbank Holdings Inc,0.01,Add 80.59%,153500,$26.56,"$4,077,000",,$30.06,13.18%,$22.95,$31.22,First Eagle Investment Management,2
≡,AVNW - Aviat Networks Inc.,0.01,Reduce 3.21%,368156,$21.38,"$7,871,000",,$24.72,15.62%,$15.80,$27.02,First Eagle Investment Management,2
≡,AXS - Axis Capital Holdings Ltd.,0.01,Reduce 0.88%,79249,$107.09,"$8,487,000",,$104.35,-2.56%,$83.72,$109.89,First Eagle Investment Management,2
≡,BBCP - Concrete Pumping Holdings Inc.,0.01,Add 11.30%,539689,$6.71,"$3,621,000",,$6.64,-1.04%,$4.78,$7.80,First Eagle Investment Management,2
≡,BBNX - Beta Bionics Inc,0.01,Add 8.79%,253702,$30.47,"$7,730,000",,$13.97,-54.15%,$8.89,$32.71,First Eagle Investment Management,2
≡,CAKE - Cheesecake Factory,0.01,Add 38.82%,131591,$50.48,"$6,643,000",,$62.56,23.93%,$42.05,$69.00,First Eagle Investment Management,2
≡,CENTA - Central Garden & Pet,0.01,Buy,174438,$29.19,"$5,092,000",,$34.26,17.37%,$25.97,$37.35,First Eagle Investment Management,2
≡,CIA - Citizens Inc. CL A,0.01,Reduce 0.17%,587750,$4.83,"$2,839,000",,$6.21,28.57%,$2.90,$6.36,First Eagle Investment Management,2
≡,COHU - Cohu Inc.,0.01,Reduce 0.20%,247646,$23.27,"$5,763,000",,$30.27,30.08%,$12.57,$34.96,First Eagle Investment Management,2
≡,COLB - Columbia Banking System Inc.,0.01,Add 241.25%,136500,$27.95,"$3,815,000",,$31.30,11.99%,$18.81,$32.70,First Eagle Investment Management,2
≡,CON - Concentra Group Holdings Par,0.01,Add 18.38%,383206,$19.68,"$7,542,000",,$23.66,20.22%,$18.49,$24.69,First Eagle Investment Management,2
≡,CTOS - Custom Truck One Source Inc.,0.01,Add 0.45%,777936,$5.76,"$4,481,000",,$7.17,24.48%,$3.18,$7.36,First Eagle Investment Management,2
≡,CYRX - CryoPort Inc.,0.01,Buy,312061,$9.60,"$2,996,000",,$8.47,-11.77%,$4.58,$11.45,First Eagle Investment Management,2
≡,DCOM - Dime Community Bancshares,0.01,Reduce 0.19%,261852,$30.09,"$7,879,000",,$35.60,18.31%,$22.43,$36.86,First Eagle Investment Management,2
≡,DGII - Digi International,0.01,Reduce 5.04%,169409,$43.29,"$7,334,000",,$48.94,13.05%,$22.39,$49.32,First Eagle Investment Management,2
≡,DNOW - NOW Inc.,0.01,Reduce 0.43%,232530,$13.25,"$3,081,000",,$16.13,21.74%,$12.01,$17.83,First Eagle Investment Management,2
≡,DOUG - Douglas Elliman Inc,0.01,Reduce 0.62%,1615871,$2.37,"$3,830,000",,$2.46,3.80%,$1.48,$3.20,First Eagle Investment Management,2
≡,DV - DoubleVerify Holdings Inc.,0.01,Add 88.15%,635000,$11.44,"$7,264,000",,$9.32,-18.53%,$7.64,$23.08,First Eagle Investment Management,2
≡,EMBC - Embecta Corp,0.01,Reduce 1.26%,391594,$11.88,"$4,652,000",,$10.27,-13.55%,$8.99,$15.35,First Eagle Investment Management,2
≡,ETD - Ethan Allen Interiors,0.01,Add 9.35%,270592,$22.84,"$6,180,000",,$23.71,3.81%,$21.33,$30.40,First Eagle Investment Management,2
≡,EVER - EverQuote Inc. CL A,0.01,Reduce 12.65%,251957,$27.00,"$6,803,000",,$14.39,-46.70%,$14.08,$30.03,First Eagle Investment Management,2
≡,FIVN - Five9 Inc.,0.01,Add 22.84%,363000,$20.05,"$7,278,000",,$16.33,-18.55%,$15.70,$49.90,First Eagle Investment Management,2
≡,FLOC - Flowco Holdings Inc Cl A,0.01,Buy,344309,$18.74,"$6,452,000",,$21.80,16.33%,$13.91,$27.16,First Eagle Investment Management,2
≡,FLS - Flowserve Corp.,0.01,Buy,82054,$69.38,"$5,693,000",,$89.76,29.37%,$36.93,$90.48,First Eagle Investment Management,2
≡,FLYW - Flywire Corp Voting,0.01,Add 60.58%,430337,$14.16,"$6,094,000",,$10.79,-23.80%,$8.20,$19.81,First Eagle Investment Management,2
≡,FVR - Frontview Reit Inc,0.01,Add 1230.42%,399126,$14.76,"$5,891,000",,$16.25,10.09%,$10.12,$17.07,First Eagle Investment Management,2
≡,GEOS - Geospace Technologies,0.01,Reduce 17.71%,430273,$16.91,"$7,276,000",,$9.37,-44.59%,$5.51,$29.89,First Eagle Investment Management,2
≡,GXO - Gxo Logistics Inc.,0.01,Reduce 0.54%,127746,$52.64,"$6,725,000",,$65.36,24.16%,$30.46,$66.85,First Eagle Investment Management,2
≡,HLIT - Harmonic Inc.,0.01,Add 3.85%,849876,$9.89,"$8,405,000",,$10.75,8.70%,$7.80,$11.49,First Eagle Investment Management,2
≡,HLX - Helix Energy Solutions,0.01,Add 5.76%,559858,$6.27,"$3,510,000",,$8.39,33.81%,$5.52,$8.92,First Eagle Investment Management,2
≡,HOFT - Hooker Furniture Corp.,0.01,Reduce 1.54%,359350,$11.29,"$4,057,000",,$14.74,30.56%,$6.95,$15.99,First Eagle Investment Management,2
≡,HZO - MarineMax Inc.,0.01,Add 1.28%,276435,$24.23,"$6,698,000",,$29.41,21.38%,$16.85,$31.60,First Eagle Investment Management,2
≡,INFU - InfuSystem Holdings Inc.,0.01,Reduce 6.30%,751371,$8.97,"$6,740,000",,$7.60,-15.27%,$4.61,$11.04,First Eagle Investment Management,2
≡,INSG - Inseego Corp.,0.01,Add 209.44%,435849,$10.27,"$4,476,000",,$9.85,-4.09%,$6.24,$18.11,First Eagle Investment Management,2
≡,IPI - Intrepid Potash Inc.,0.01,Reduce 7.94%,249174,$27.73,"$6,910,000",,$33.07,19.26%,$20.86,$39.01,First Eagle Investment Management,2
≡,JOUT - Johnson Outdoors Inc.,0.01,Reduce 0.64%,138888,$42.45,"$5,896,000",,$49.93,17.62%,$20.79,$51.03,First Eagle Investment Management,2
≡,KMPR - Kemper Corp.,0.01,Buy,80203,$40.53,"$3,251,000",,$32.34,-20.21%,$29.75,$67.81,First Eagle Investment Management,2
≡,KODK - Eastman Kodak Co.,0.01,Reduce 21.61%,575738,$8.46,"$4,871,000",,$7.72,-8.75%,$4.93,$9.96,First Eagle Investment Management,2
≡,LOCO - El Pollo Loco Holdings Inc.,0.01,Reduce 26.15%,547793,$10.46,"$5,730,000",,$10.63,1.63%,$8.29,$12.65,First Eagle Investment Management,2
≡,LXFR - Luxfer Holdings Plc,0.01,Add 3.42%,453056,$13.53,"$6,130,000",,$15.62,15.45%,$9.03,$15.97,First Eagle Investment Management,2
≡,LYTS - LSI Industries Inc.,0.01,Reduce 2.41%,283422,$18.32,"$5,192,000",,$22.37,22.11%,$13.63,$24.69,First Eagle Investment Management,2
≡,MAC - Macerich Co.,0.01,Add 1.13%,170610,$18.46,"$3,149,000",,$18.79,1.79%,$12.12,$20.10,First Eagle Investment Management,2
≡,MASS - 908 Devices Inc,0.01,Add 3.30%,623883,$5.25,"$3,275,000",,$6.76,28.76%,$1.92,$9.34,First Eagle Investment Management,2
≡,MC - Moelis & Co.,0.01,Reduce 0.69%,79301,$68.74,"$5,451,000",,$63.01,-8.34%,$45.09,$77.45,First Eagle Investment Management,2
≡,MEC - Mayville Engineering Co. Inc.,0.01,Add 0.99%,358075,$18.72,"$6,703,000",,$21.43,14.48%,$11.72,$22.37,First Eagle Investment Management,2
≡,METCB - Ramaco Resources Inc B,0.01,Add 52.74%,467126,$11.75,"$5,489,000",,$12.70,8.09%,$5.72,$21.80,First Eagle Investment Management,2
≡,MGNI - Magnite Inc.,0.01,Reduce 48.48%,296443,$16.23,"$4,811,000",,$11.57,-28.71%,$8.22,$26.65,First Eagle Investment Management,2
≡,MHO - M/I Homes,0.01,Add 110.10%,60100,$127.95,"$7,690,000",,$146.74,14.69%,$100.22,$158.92,First Eagle Investment Management,2
≡,MRVI - Maravai LifeSciences Holdings Inc.,0.01,Add 299.03%,1799336,$3.25,"$5,848,000",,$2.93,-9.85%,$1.67,$4.40,First Eagle Investment Management,2
≡,MTN - Vail Resorts Inc.,0.01,,23769,$132.82,"$3,157,000",,$137.75,3.71%,$124.15,$167.80,First Eagle Investment Management,2
≡,MTRN - Materion Corp.,0.01,Add 136.73%,58000,$124.33,"$7,211,000",,$153.31,23.31%,$68.81,$172.03,First Eagle Investment Management,2
≡,MTRX - Matrix Service Co.,0.01,Add 10.00%,640083,$11.70,"$7,489,000",,$11.31,-3.33%,$9.33,$16.11,First Eagle Investment Management,2
≡,MUR - Murphy Oil,0.01,Reduce 16.59%,269000,$31.25,"$8,406,000",,$31.94,2.21%,$18.02,$34.82,First Eagle Investment Management,2
≡,NCMI - National CineMedia Inc.,0.01,Reduce 0.40%,1255322,$3.89,"$4,884,000",,$3.23,-16.97%,$3.22,$6.97,First Eagle Investment Management,2
≡,NPKI - NPK International Inc.,0.01,Reduce 2.50%,265321,$11.92,"$3,163,000",,$14.52,21.81%,$4.76,$15.05,First Eagle Investment Management,2
≡,NTCT - NetScout Systems,0.01,Add 1.10%,211502,$27.06,"$5,723,000",,$29.32,8.35%,$18.12,$30.67,First Eagle Investment Management,2
≡,NTGR - NETGEAR Inc.,0.01,Add 24.19%,186777,$24.53,"$4,582,000",,$21.26,-13.33%,$18.75,$36.86,First Eagle Investment Management,2
≡,NVST - Envista Holdings Corp.,0.01,Add 10.59%,235000,$21.71,"$5,102,000",,$28.07,29.30%,$14.22,$30.42,First Eagle Investment Management,2
≡,NX - Quanex Building Products,0.01,Add 17.66%,479687,$15.38,"$7,377,000",,$22.11,43.76%,$10.99,$22.90,First Eagle Investment Management,2
≡,OGS - ONE Gas Inc.,0.01,Add 2.46%,104064,$77.25,"$8,039,000",,$85.74,10.99%,$66.20,$86.77,First Eagle Investment Management,2
≡,ONEW - Onewater Marine Inc Cl A,0.01,Add 11.25%,308487,$10.82,"$3,338,000",,$12.23,13.03%,$10.14,$19.47,First Eagle Investment Management,2
≡,OSIS - OSI Systems Inc.,0.01,Reduce 13.93%,26564,$255.04,"$6,775,000",,$264.58,3.74%,$153.40,$294.93,First Eagle Investment Management,2
≡,PEP - PepsiCo Inc.,0.01,Reduce 0.56%,44480,$143.53,"$6,384,000",,$161.92,12.81%,$123.93,$171.48,First Eagle Investment Management,2
≡,PGNY - Progyny Inc.,0.01,Add 40.15%,212612,$25.68,"$5,460,000",,$20.35,-20.76%,$17.98,$28.75,First Eagle Investment Management,2
≡,POWW - Ammo Inc,0.01,Reduce 0.78%,1901370,$1.71,"$3,251,000",,$1.98,15.79%,$1.08,$2.14,First Eagle Investment Management,2
≡,PUMP - ProPetro Holding Corp.,0.01,Add 7.50%,487333,$9.51,"$4,635,000",,$12.01,26.29%,$4.51,$12.60,First Eagle Investment Management,2
≡,PXED - Phoenix Education Partners I,0.01,Buy,180149,$30.30,"$5,459,000",,$28.48,-6.01%,$23.36,$46.76,First Eagle Investment Management,2
≡,QNST - QuinStreet Inc.,0.01,Reduce 45.78%,249874,$14.37,"$3,591,000",,$11.10,-22.76%,$10.29,$23.24,First Eagle Investment Management,2
≡,QTRX - Quanterix Corp.,0.01,Buy,531427,$6.36,"$3,380,000",,$5.76,-9.43%,$4.05,$8.77,First Eagle Investment Management,2
≡,QXO - Qxo Inc,0.01,Add 14.13%,227684,$19.29,"$4,392,000",,$26.82,39.04%,$11.85,$27.55,First Eagle Investment Management,2
≡,RDNT - RadNet Inc.,0.01,Add 4.02%,93136,$71.35,"$6,645,000",,$71.08,-0.38%,$45.00,$85.84,First Eagle Investment Management,2
≡,REPX - Riley Exploration Permian In,0.01,Reduce 5.06%,197148,$26.40,"$5,205,000",,$27.28,3.33%,$20.74,$34.15,First Eagle Investment Management,2
≡,RLGT - Radiant Logistics Inc.,0.01,Reduce 1.96%,501301,$6.33,"$3,173,000",,$7.52,18.80%,$5.44,$8.50,First Eagle Investment Management,2
≡,RRBI - Red River Bancshares Inc,0.01,Buy,49396,$71.42,"$3,528,000",,$90.72,27.02%,$46.02,$93.90,First Eagle Investment Management,2
≡,SDHC - Smith Douglas Homes Corp,0.01,Add 14.20%,378774,$16.77,"$6,352,000",,$18.26,8.88%,$15.00,$24.75,First Eagle Investment Management,2
≡,SKT - Tanger Factory Outlet Centers,0.01,Add 3.93%,179769,$33.37,"$5,999,000",,$34.91,4.61%,$27.87,$35.43,First Eagle Investment Management,2
≡,SLP - Simulations Plus Inc.,0.01,Add 1898.06%,457155,$18.23,"$8,334,000",,$12.10,-33.63%,$11.76,$37.55,First Eagle Investment Management,2
≡,SMBK - SmartFinancial Inc.,0.01,Add 375.52%,152167,$36.99,"$5,629,000",,$41.58,12.41%,$26.07,$43.82,First Eagle Investment Management,2
≡,SMHI - SEACOR Marine Holdings Inc.,0.01,Reduce 2.12%,1111167,$6.02,"$6,689,000",,$7.18,19.27%,$3.63,$7.88,First Eagle Investment Management,2
≡,SMWB - Similarweb Ltd,0.01,Add 18.47%,645647,$7.49,"$4,836,000",,$3.90,-47.93%,$3.66,$10.84,First Eagle Investment Management,2
≡,SONO - Sonos Inc.,0.01,Buy,246406,$17.56,"$4,327,000",,$15.60,-11.16%,$7.63,$19.82,First Eagle Investment Management,2
≡,STRW - Strawberry Fields Reit Inc,0.01,Add 8.39%,325589,$13.10,"$4,265,000",,$12.71,-2.98%,$8.38,$13.94,First Eagle Investment Management,2
≡,TALK - Talkspace Inc.,0.01,Add 16.69%,2206130,$3.63,"$8,008,000",,$3.83,5.51%,$2.22,$4.36,First Eagle Investment Management,2
≡,THRY - Thryv Holdings Inc,0.01,Reduce 0.43%,842943,$6.05,"$5,100,000",,$3.59,-40.66%,$3.46,$20.92,First Eagle Investment Management,2
≡,TILE - Interface Inc. CL A,0.01,Reduce 4.00%,132043,$27.92,"$3,687,000",,$33.55,20.16%,$17.21,$35.11,First Eagle Investment Management,2
≡,TKR - Timken Co.,0.01,Add 1.40%,87203,$84.13,"$7,336,000",,$105.54,25.45%,$55.43,$111.39,First Eagle Investment Management,2
≡,TMCI - Treace Medical Concepts Inc,0.01,Add 18.09%,1462983,$2.45,"$3,584,000",,$1.83,-25.31%,$1.81,$10.30,First Eagle Investment Management,2
≡,TRNS - Transcat Inc.,0.01,Buy,127957,$56.73,"$7,259,000",,$75.75,33.53%,$50.23,$97.08,First Eagle Investment Management,2
≡,TTAM - Titan America SA,0.01,Add 8.00%,384072,$16.48,"$6,330,000",,$18.23,10.62%,$10.68,$19.42,First Eagle Investment Management,2
≡,TWI - Titan International Inc.,0.01,Reduce 1.21%,614751,$7.83,"$4,814,000",,$10.79,37.80%,$5.93,$11.70,First Eagle Investment Management,2
≡,VMD - Viemed Healthcare Inc.,0.01,Add 8.44%,518157,$7.43,"$3,850,000",,$8.36,12.52%,$5.93,$8.94,First Eagle Investment Management,2
≡,VSEC - VSE Corp.,0.01,Reduce 26.11%,20522,$172.79,"$3,546,000",,$213.34,23.47%,$95.86,$225.00,First Eagle Investment Management,2
≡,WRBY - Warby Parker Inc.,0.01,Reduce 35.79%,352941,$21.79,"$7,691,000",,$21.96,0.78%,$13.63,$31.00,First Eagle Investment Management,2
≡,XRX - Xerox Holdings Corp.,0.01,Add 89.37%,2182500,$2.37,"$5,173,000",,$2.04,-13.92%,$1.86,$7.89,First Eagle Investment Management,2
≡,YETI - YETI Holdings Inc.,0.01,Reduce 5.55%,134500,$44.17,"$5,941,000",,$48.01,8.69%,$26.61,$51.29,First Eagle Investment Management,2
≡,ACN - Accenture,0.0,Reduce 0.54%,2559,$268.46,"$687,000",,$219.89,-18.09%,$215.16,$383.40,First Eagle Investment Management,2
≡,AIRG - Airgain Inc,0.0,Reduce 10.87%,450765,$4.06,"$1,830,000",,$5.32,31.03%,$3.00,$7.40,First Eagle Investment Management,2
≡,AL - Air Lease Corp.,0.0,Reduce 36.31%,43522,$64.22,"$2,795,000",,$64.74,0.81%,$37.84,$64.81,First Eagle Investment Management,2
≡,APD - Air Products & Chemicals,0.0,Buy,16,$250.00,"$4,000",,$277.69,11.08%,$227.45,$313.12,First Eagle Investment Management,2
≡,ARMK - Aramark,0.0,,12485,$36.84,"$460,000",,$39.27,6.60%,$29.58,$44.10,First Eagle Investment Management,2
≡,ASPN - Aspen Aerogels Inc.,0.0,Add 20.33%,622487,$2.83,"$1,761,000",,$3.56,25.80%,$2.80,$9.78,First Eagle Investment Management,2
≡,ASPSW - Altisource Portfolio 30,0.0,,2834,$0.35,"$1,000",,$0.31,-11.43%,$0.25,$1.28,First Eagle Investment Management,2
≡,ASPSZ - Altisource Portfolio 29c,0.0,,2834,$0.35,"$1,000",,$0.29,-17.14%,$0.16,$1.35,First Eagle Investment Management,2
≡,AWK - American Water Works Inc.,0.0,,458,$131.00,"$60,000",,$133.51,1.92%,$120.46,$151.69,First Eagle Investment Management,2
≡,BSM - Black Stone Minerals L.P.,0.0,,22260,$13.30,"$296,000",,$15.25,14.66%,$11.21,$15.00,First Eagle Investment Management,2
≡,CAH - Cardinal Health Inc.,0.0,Reduce 10.22%,7029,$205.43,"$1,444,000",,$225.58,9.81%,$119.66,$230.81,First Eagle Investment Management,2
≡,CASY - Casey's Gen'l Stores,0.0,Reduce 10.07%,893,$553.19,"$494,000",,$661.53,19.58%,$370.52,$678.67,First Eagle Investment Management,2
≡,CBZ - CBIZ Inc.,0.0,Add 267.87%,11908,$50.47,"$601,000",,$28.02,-44.48%,$27.17,$90.13,First Eagle Investment Management,2
≡,CFG - Citizens Financial Group Inc.,0.0,Buy,67,$59.70,"$4,000",,$64.39,7.86%,$31.45,$68.79,First Eagle Investment Management,2
≡,CIGI - Colliers International Group Inc.,0.0,Add 82.92%,6234,$147.10,"$917,000",,$110.16,-25.11%,$98.97,$171.34,First Eagle Investment Management,2
≡,CLAR - Clarus Corp.,0.0,Reduce 1.40%,843475,$3.35,"$2,826,000",,$3.25,-2.99%,$2.98,$4.80,First Eagle Investment Management,2
≡,CLH - Clean Harbors Inc.,0.0,Buy,3816,$234.54,"$895,000",,$269.08,14.73%,$178.29,$276.51,First Eagle Investment Management,2
≡,CLW - Clearwater Paper Corp.,0.0,Reduce 60.10%,82609,$17.40,"$1,437,000",,$16.56,-4.83%,$16.44,$30.96,First Eagle Investment Management,2
≡,CMCO - Columbus McKinnon Corp.,0.0,Buy,142918,$17.25,"$2,465,000",,$19.86,15.13%,$11.58,$24.32,First Eagle Investment Management,2
≡,CNI - Canadian Natl Railway Co.,0.0,,1780,$98.88,"$176,000",,$108.47,9.70%,$89.89,$109.90,First Eagle Investment Management,2
≡,CNS - Cohen & Steers Inc.,0.0,Buy,61,$65.57,"$4,000",,$66.16,0.90%,$58.39,$86.28,First Eagle Investment Management,2
≡,COHR - Coherent Corp.,0.0,Reduce 29.31%,6221,$184.70,"$1,149,000",,$219.96,19.09%,$45.58,$247.15,First Eagle Investment Management,2
≡,CP - Canadian Pacific Kansas City,0.0,Add 2.11%,2516,$73.53,"$185,000",,$83.88,14.08%,$66.06,$85.15,First Eagle Investment Management,2
≡,CRH - CRH plc,0.0,Reduce 18.55%,3042,$125.25,"$381,000",,$122.02,-2.58%,$75.94,$131.55,First Eagle Investment Management,2
≡,CRNT - Ceragon Networks Ltd,0.0,Add 0.53%,592690,$2.10,"$1,245,000",,$2.22,5.71%,$1.82,$3.54,First Eagle Investment Management,2
≡,CW - Curtiss-Wright Corp.,0.0,Reduce 5.69%,1656,$551.33,"$913,000",,$688.00,24.79%,$266.51,$709.99,First Eagle Investment Management,2
≡,D - Dominion Energy Inc.,0.0,,4622,$58.63,"$271,000",,$65.65,11.97%,$46.43,$67.57,First Eagle Investment Management,2
≡,DAL - Delta Air Lines Inc.,0.0,,12694,$69.40,"$881,000",,$70.85,2.09%,$34.41,$76.39,First Eagle Investment Management,2
≡,DASH - DoorDash Inc.,0.0,Buy,17,$235.29,"$4,000",,$162.34,-31.00%,$155.40,$285.50,First Eagle Investment Management,2
≡,DCI - Donaldson Co.,0.0,,3200,$88.75,"$284,000",,$108.68,22.46%,$56.63,$112.84,First Eagle Investment Management,2
≡,DGX - Quest Diagnostics,0.0,Add 2.61%,3935,$173.57,"$683,000",,$205.49,18.39%,$155.09,$213.20,First Eagle Investment Management,2
≡,DHI - D.R. Horton,0.0,Buy,25,$160.00,"$4,000",,$166.29,3.93%,$109.15,$183.45,First Eagle Investment Management,2
≡,DINO - HF Sinclair Corp.,0.0,Add 2.23%,4591,$46.18,"$212,000",,$57.85,25.27%,$23.85,$59.33,First Eagle Investment Management,2
≡,DSX - Diana Shipping Inc.,0.0,Buy,466583,$1.66,"$775,000",,$2.41,45.18%,$1.25,$2.53,First Eagle Investment Management,2
≡,DXCM - DexCom Inc.,0.0,Buy,58,$68.97,"$4,000",,$70.43,2.12%,$54.11,$93.25,First Eagle Investment Management,2
≡,ECL - Ecolab Inc.,0.0,Buy,15,$266.67,"$4,000",,$303.80,13.92%,$219.93,$306.52,First Eagle Investment Management,2
≡,EGP - EastGroup Properties SBI,0.0,,838,$177.80,"$149,000",,$192.83,8.45%,$134.12,$193.69,First Eagle Investment Management,2
≡,ENSG - Ensign Group,0.0,Add 1.80%,1247,$174.02,"$217,000",,$212.47,22.10%,$118.59,$216.92,First Eagle Investment Management,2
≡,ENTG - Entegris Inc.,0.0,Add 91.69%,10543,$84.32,"$889,000",,$129.56,53.65%,$60.49,$138.99,First Eagle Investment Management,2
≡,EQIX - Equinix Inc.,0.0,Reduce 17.72%,353,$764.87,"$270,000",,$951.97,24.46%,$689.25,$992.90,First Eagle Investment Management,2
≡,EVR - Evercore Inc.,0.0,Add 0.27%,4101,$340.40,"$1,396,000",,$320.01,-5.99%,$147.33,$388.71,First Eagle Investment Management,2
≡,EXE - Expand Energy Corp.,0.0,Add 1.50%,9109,$110.33,"$1,005,000",,$102.75,-6.87%,$90.25,$126.62,First Eagle Investment Management,2
≡,EXEL - Exelixis Inc.,0.0,Reduce 22.74%,12571,$43.83,"$551,000",,$44.08,0.57%,$32.38,$49.62,First Eagle Investment Management,2
≡,FEGE - First Eagle Gl Equity ETF,0.0,,27635,$46.03,"$1,272,000",,$50.33,9.34%,$32.27,$51.35,First Eagle Investment Management,2
≡,FEOE - First Eagle Overseas Eq ETF,0.0,,27780,$48.34,"$1,343,000",,$53.91,11.52%,$34.47,$54.54,First Eagle Investment Management,2
≡,FLEX - Flex Ltd.,0.0,Add 0.33%,19512,$60.42,"$1,179,000",,$64.42,6.62%,$25.11,$72.22,First Eagle Investment Management,2
≡,FOSL - Fossil Inc.,0.0,Reduce 22.84%,495000,$3.76,"$1,861,000",,$3.83,1.86%,$0.86,$4.49,First Eagle Investment Management,2
≡,FTAI - FTAI Aviation Ltd.,0.0,Buy,2519,$196.90,"$496,000",,$285.75,45.12%,$80.89,$310.00,First Eagle Investment Management,2
≡,FUBO - fuboTV Inc.,0.0,Buy,803533,$2.52,"$2,025,000",,$1.33,-47.22%,$1.30,$4.72,First Eagle Investment Management,2
≡,GD - General Dynamics,0.0,,7297,$336.71,"$2,457,000",,$342.52,1.73%,$234.67,$369.70,First Eagle Investment Management,2
≡,GEHC - GE HealthCare Technologies Inc.,0.0,Buy,51,$78.43,"$4,000",,$81.61,4.05%,$57.54,$93.09,First Eagle Investment Management,2
≡,GNRC - Generac Holdings Inc.,0.0,Reduce 14.04%,4500,$136.44,"$614,000",,$233.46,71.11%,$99.50,$236.00,First Eagle Investment Management,2
≡,GPC - Genuine Parts,0.0,Buy,30,$133.33,"$4,000",,$125.74,-5.69%,$101.60,$151.57,First Eagle Investment Management,2
≡,HLI - Houlihan Lokey Inc.,0.0,Add 7.66%,4524,$174.18,"$788,000",,$165.53,-4.97%,$136.63,$211.05,First Eagle Investment Management,2
≡,HLLY - Holley Inc,0.0,Reduce 1.96%,475797,$4.13,"$1,965,000",,$4.15,0.48%,$1.60,$4.43,First Eagle Investment Management,2
≡,IAU - iShares Gold Trust,0.0,,3121,$81.06,"$253,000",,$91.82,13.27%,$53.44,$104.40,First Eagle Investment Management,2
≡,INTT - inTEST Corp.,0.0,Reduce 28.00%,372702,$7.47,"$2,784,000",,$10.24,37.08%,$5.24,$10.88,First Eagle Investment Management,2
≡,JHX - James Hardie Industries PLC,0.0,Add 50.82%,29676,$20.76,"$616,000",,$25.28,21.77%,$16.46,$29.83,First Eagle Investment Management,2
≡,JLL - Jones Lang Lasalle Inc.,0.0,Buy,12,$333.33,"$4,000",,$286.83,-13.95%,$194.36,$363.06,First Eagle Investment Management,2
≡,KD - Kyndryl Holdings Inc,0.0,Add 11.02%,26200,$26.56,"$696,000",,$13.59,-48.83%,$10.10,$44.20,First Eagle Investment Management,2
≡,KLTR - Kaltura Inc,0.0,Buy,221795,$1.64,"$364,000",,$1.43,-12.80%,$1.35,$2.73,First Eagle Investment Management,2
≡,KVHI - KVH Industries Inc.,0.0,Reduce 0.47%,210826,$6.97,"$1,469,000",,$6.40,-8.18%,$4.69,$7.71,First Eagle Investment Management,2
≡,LAW - Cs Disco Inc,0.0,Add 100.63%,328719,$7.76,"$2,551,000",,$3.02,-61.08%,$2.94,$9.11,First Eagle Investment Management,2
≡,LII - Lennox International,0.0,,977,$485.16,"$474,000",,$565.50,16.56%,$442.02,$685.91,First Eagle Investment Management,2
≡,LOPE - Grand Canyon Education,0.0,Buy,24,$166.67,"$4,000",,$162.35,-2.59%,$149.83,$223.04,First Eagle Investment Management,2
≡,LPLA - LPL Financial Holdings Inc.,0.0,Buy,10,$400.00,"$4,000",,$322.19,-19.45%,$262.20,$402.91,First Eagle Investment Management,2
≡,LUV - Southwest Airlines,0.0,Add 150.00%,10000,$41.30,"$413,000",,$54.26,31.38%,$23.44,$55.11,First Eagle Investment Management,2
≡,MASI - Masimo Corp.,0.0,Buy,28,$142.86,"$4,000",,$174.69,22.28%,$125.94,$194.88,First Eagle Investment Management,2
≡,MG - Mistras Group Inc.,0.0,Buy,77219,$12.65,"$977,000",,$14.49,14.55%,$7.06,$15.22,First Eagle Investment Management,2
≡,MKTX - MarketAxess Holdings Inc.,0.0,Buy,22,$181.82,"$4,000",,$177.75,-2.24%,$155.48,$230.08,First Eagle Investment Management,2
≡,MSA - MSA Safety Inc.,0.0,Buy,24,$166.67,"$4,000",,$202.14,21.28%,$126.28,$208.37,First Eagle Investment Management,2
≡,NATR - Nature's Sunshine Products Inc.,0.0,Reduce 17.67%,98800,$21.58,"$2,132,000",,$26.67,23.59%,$11.01,$27.46,First Eagle Investment Management,2
≡,NVT - nVent Electric plc,0.0,Reduce 0.59%,10537,$102.02,"$1,075,000",,$115.22,12.94%,$41.28,$120.85,First Eagle Investment Management,2
≡,ODFL - Old Dominion Freight Line,0.0,Buy,24,$166.67,"$4,000",,$193.32,15.99%,$125.76,$208.74,First Eagle Investment Management,2
≡,ONTO - Onto Innovation Inc.,0.0,Add 167.00%,6675,$157.90,"$1,054,000",,$220.29,39.51%,$85.88,$229.87,First Eagle Investment Management,2
≡,PACK - Ranpak Holdings Corp. CL A,0.0,Add 113.37%,390010,$5.41,"$2,110,000",,$5.65,4.44%,$2.91,$7.69,First Eagle Investment Management,2
≡,PFGC - Performance Food Group,0.0,,8400,$89.88,"$755,000",,$98.50,9.59%,$68.40,$109.05,First Eagle Investment Management,2
≡,PHM - PulteGroup Inc.,0.0,Reduce 22.48%,2259,$117.31,"$265,000",,$141.58,20.69%,$87.56,$144.50,First Eagle Investment Management,2
≡,PR - Permian Resources Corp.,0.0,Reduce 90.94%,36643,$14.03,"$514,000",,$16.99,21.10%,$13.53,$17.47,First Eagle Investment Management,2
≡,PROF - Profound Medical Corp,0.0,Add 7.32%,312707,$7.87,"$2,461,000",,$6.68,-15.12%,$3.76,$8.95,First Eagle Investment Management,2
≡,PWR - Quanta Services,0.0,Reduce 15.28%,2218,$422.00,"$936,000",,$525.13,24.44%,$226.91,$543.28,First Eagle Investment Management,2
≡,RBBN - Ribbon Communications Inc.,0.0,Reduce 16.58%,862528,$2.88,"$2,484,000",,$2.05,-28.82%,$1.80,$5.38,First Eagle Investment Management,2
≡,RES - RPC Inc.,0.0,Reduce 2.09%,327149,$5.44,"$1,780,000",,$5.76,5.88%,$3.97,$6.80,First Eagle Investment Management,2
≡,RGA - Reinsurance Group of America Inc.,0.0,Buy,19,$210.53,"$4,000",,$221.88,5.39%,$156.34,$228.24,First Eagle Investment Management,2
≡,RHP - Ryman Hospitality Properties,0.0,Add 126.43%,6340,$94.64,"$600,000",,$102.08,7.86%,$73.54,$105.30,First Eagle Investment Management,2
≡,RJF - Raymond James Financial Inc.,0.0,Add 1.02%,2367,$160.54,"$380,000",,$158.03,-1.56%,$116.45,$176.55,First Eagle Investment Management,2
≡,RKT - Rocket Companies Inc.,0.0,Add 6.97%,61720,$19.36,"$1,195,000",,$18.37,-5.11%,$10.94,$24.36,First Eagle Investment Management,2
≡,ROKU - Roku Inc.,0.0,Reduce 3.23%,6000,$108.50,"$651,000",,$88.58,-18.36%,$52.43,$116.66,First Eagle Investment Management,2
≡,RPM - RPM International Inc.,0.0,,1315,$104.18,"$137,000",,$117.60,12.88%,$93.47,$127.88,First Eagle Investment Management,2
≡,RRX - Regal Rexnord Corp.,0.0,Buy,26,$153.85,"$4,000",,$219.05,42.38%,$89.90,$229.30,First Eagle Investment Management,2
≡,RS - Reliance Steel & Aluminum,0.0,,799,$289.11,"$231,000",,$340.30,17.71%,$246.91,$365.59,First Eagle Investment Management,2
≡,SANM - Sanmina Corp.,0.0,Reduce 67.08%,15377,$150.09,"$2,308,000",,$146.70,-2.26%,$63.67,$185.29,First Eagle Investment Management,2
≡,SARO - Standardaero Inc,0.0,Buy,23500,$28.68,"$674,000",,$31.04,8.23%,$21.31,$34.48,First Eagle Investment Management,2
≡,SBUX - Starbucks Corp.,0.0,Reduce 0.56%,25625,$84.21,"$2,158,000",,$95.39,13.28%,$73.47,$114.31,First Eagle Investment Management,2
≡,SDRL - Seadrill Ltd,0.0,Reduce 2.04%,48100,$34.59,"$1,664,000",,$42.50,22.87%,$17.74,$43.30,First Eagle Investment Management,2
≡,SE - Sea Ltd,0.0,Buy,31,$129.03,"$4,000",,$108.51,-15.90%,$99.50,$199.30,First Eagle Investment Management,2
≡,SN - Sharkninja Inc,0.0,Add 14.77%,8034,$111.90,"$899,000",,$131.45,17.47%,$60.50,$133.99,First Eagle Investment Management,2
≡,SND - Smart Sand Inc.,0.0,Reduce 21.30%,225476,$4.00,"$902,000",,$5.22,30.50%,$1.67,$5.39,First Eagle Investment Management,2
≡,STE - STERIS Plc,0.0,Buy,15,$266.67,"$4,000",,$245.41,-7.97%,$202.87,$268.76,First Eagle Investment Management,2
≡,SVCO - Silvaco Group Inc,0.0,Reduce 19.06%,627211,$4.05,"$2,540,000",,$3.53,-12.84%,$3.43,$7.20,First Eagle Investment Management,2
≡,TAC - TransAlta Corp.,0.0,,15474,$12.67,"$196,000",,$13.43,6.00%,$7.73,$17.82,First Eagle Investment Management,2
≡,TDY - Teledyne Technologies,0.0,Buy,7,$571.43,"$4,000",,$649.35,13.64%,$419.00,$674.63,First Eagle Investment Management,3
≡,THC - Tenet Healthcare Corp.,0.0,Reduce 14.60%,6433,$198.66,"$1,278,000",,$234.25,17.92%,$109.82,$235.77,First Eagle Investment Management,3
≡,TIC - Acuren Corporation,0.0,Reduce 67.22%,90000,$10.11,"$910,000",,$9.34,-7.62%,$8.76,$14.94,First Eagle Investment Management,3
≡,TOL - Toll Brothers,0.0,Reduce 6.47%,2891,$135.25,"$391,000",,$163.83,21.13%,$85.93,$168.36,First Eagle Investment Management,3
≡,TRGP - Targa Resources Corp.,0.0,Buy,21,$190.48,"$4,000",,$224.29,17.75%,$142.48,$226.00,First Eagle Investment Management,3
≡,TRMB - Trimble Inc.,0.0,,4503,$78.39,"$353,000",,$65.63,-16.28%,$52.91,$87.50,First Eagle Investment Management,3
≡,TRVG - Trivago Nv ADR,0.0,Add 75.07%,293444,$2.90,"$851,000",,$3.03,4.48%,$2.71,$5.83,First Eagle Investment Management,3
≡,TXRH - Texas Roadhouse Inc-A,0.0,Add 6.57%,5238,$166.09,"$870,000",,$186.90,12.53%,$147.04,$197.72,First Eagle Investment Management,3
≡,UEIC - Universal Electronics Inc.,0.0,Add 44.29%,240148,$3.61,"$867,000",,$4.27,18.28%,$2.69,$10.06,First Eagle Investment Management,3
≡,UGI - UGI Corp.,0.0,,8681,$37.44,"$325,000",,$38.59,3.07%,$28.14,$41.34,First Eagle Investment Management,3
≡,URI - United Rentals,0.0,Buy,5,$800.00,"$4,000",,$863.28,7.91%,$521.32,$1017.04,First Eagle Investment Management,3
≡,VFC - V.F. Corp.,0.0,Buy,201,$19.90,"$4,000",,$20.09,0.95%,$9.24,$26.10,First Eagle Investment Management,3
≡,WCN - Waste Connections,0.0,Buy,22,$181.82,"$4,000",,$161.28,-11.30%,$155.65,$200.58,First Eagle Investment Management,3
≡,WD - Walker & Dunlop Inc.,0.0,Add 216.69%,9792,$60.15,"$589,000",,$62.26,3.51%,$58.60,$89.02,First Eagle Investment Management,3
≡,WLK - Westlake Chemical Corp.,0.0,Buy,53,$75.47,"$4,000",,$97.82,29.61%,$55.84,$115.13,First Eagle Investment Management,3
≡,WMB - Williams Cos.,0.0,,3215,$60.03,"$193,000",,$71.96,19.87%,$50.30,$73.04,First Eagle Investment Management,3
≡,WMS - Advanced Drainage Systems,0.0,Add 29.90%,5326,$144.95,"$772,000",,$170.77,17.81%,$93.54,$179.32,First Eagle Investment Management,3
≡,WPC - WP Carey,0.0,Buy,59,$67.80,"$4,000",,$74.16,9.38%,$52.01,$74.72,First Eagle Investment Management,3
≡,XPO - XPO Logistics,0.0,Reduce 4.48%,3711,$136.08,"$505,000",,$202.14,48.54%,$85.06,$207.04,First Eagle Investment Management,3
≡,CNQ - Canadian Natural Resources,8.9,Reduce 10.20%,18775420,$33.85,"$635,548,000",,$40.59,19.91%,$23.70,$41.09,Yacktman Asset Management,1
≡,MSFT - Microsoft Corp.,6.52,Reduce 6.24%,963825,$483.62,"$466,125,000",,$396.86,-17.94%,$342.95,$553.50,Yacktman Asset Management,1
≡,SCHW - Charles Schwab Corp.,5.51,Reduce 6.15%,3936540,$99.91,"$393,300,000",,$93.08,-6.84%,$65.08,$107.14,Yacktman Asset Management,1
≡,FOX - Fox Corporation CL B,5.06,Reduce 3.95%,5569791,$64.93,"$361,647,000",,$51.60,-20.53%,$42.96,$68.18,Yacktman Asset Management,1
≡,GOOG - Alphabet Inc. CL C,4.96,Reduce 3.14%,1129807,$313.80,"$354,533,000",,$302.82,-3.50%,$142.27,$350.15,Yacktman Asset Management,1
≡,PEP - PepsiCo Inc.,4.08,Reduce 1.54%,2028631,$143.52,"$291,149,000",,$161.92,12.82%,$123.93,$171.48,Yacktman Asset Management,1
≡,PG - Procter & Gamble,3.85,Reduce 1.21%,1918353,$143.31,"$274,919,000",,$159.55,11.33%,$136.65,$175.18,Yacktman Asset Management,1
≡,UHAL.B - U Haul Holding Co Non Voting,3.79,Reduce 0.25%,5787394,$46.74,"$270,503,000",,$46.56,-0.39%,$43.93,$67.11,Yacktman Asset Management,1
≡,JNJ - Johnson & Johnson,3.63,Reduce 2.69%,1252646,$206.95,"$259,235,000",,$243.33,17.58%,$138.40,$246.35,Yacktman Asset Management,1
≡,CTSH - Cognizant Technology Solutions,3.47,Reduce 9.58%,2983431,$83.00,"$247,625,000",,$65.18,-21.47%,$64.28,$88.42,Yacktman Asset Management,1
≡,RS - Reliance Steel & Aluminum,2.8,Reduce 1.50%,691626,$288.87,"$199,790,000",,$340.30,17.80%,$246.91,$365.59,Yacktman Asset Management,1
≡,NWSA - News Corp.,2.68,Reduce 1.25%,7329228,$26.12,"$191,439,000",,$23.19,-11.22%,$22.20,$31.61,Yacktman Asset Management,1
≡,BRK.B - Berkshire Hathaway CL B,2.2,Reduce 2.29%,313033,$502.65,"$157,346,000",,$503.41,0.15%,$455.19,$542.07,Yacktman Asset Management,1
≡,INGR - Ingredion Inc.,2.2,Reduce 1.28%,1423654,$110.26,"$156,972,000",,$116.47,5.63%,$101.55,$138.96,Yacktman Asset Management,1
≡,DIS - Walt Disney Co.,2.12,Reduce 1.76%,1333916,$113.77,"$151,760,000",,$105.44,-7.32%,$79.22,$123.85,Yacktman Asset Management,1
≡,FANG - Diamondback Energy Inc.,2.1,Reduce 1.76%,996619,$150.33,"$149,822,000",,$168.59,12.15%,$111.64,$172.80,Yacktman Asset Management,1
≡,KO - Coca Cola Co.,2.06,Reduce 1.29%,2108644,$69.91,"$147,415,000",,$79.56,13.80%,$64.63,$80.41,Yacktman Asset Management,1
≡,TSN - Tyson Foods,2.04,Reduce 2.32%,2489380,$58.62,"$145,927,000",,$62.90,7.30%,$50.12,$66.41,Yacktman Asset Management,1
≡,COP - ConocoPhillips,2.03,Reduce 2.38%,1549903,$93.61,"$145,086,000",,$108.78,16.21%,$77.23,$112.10,Yacktman Asset Management,1
≡,AWI - Armstrong World Industries Inc.,1.98,Reduce 2.31%,741742,$191.10,"$141,747,000",,$198.22,3.73%,$121.70,$206.05,Yacktman Asset Management,1
≡,KVUE - Kenvue Inc,1.9,Reduce 1.04%,7857496,$17.25,"$135,542,000",,$18.41,6.72%,$13.69,$24.13,Yacktman Asset Management,1
≡,TLN - Talen Energy Corp,1.89,Reduce 0.03%,360000,$374.84,"$134,942,000",,$388.28,3.59%,$158.08,$451.28,Yacktman Asset Management,1
≡,EBAY - eBay Inc.,1.87,Reduce 2.83%,1532330,$87.10,"$133,466,000",,$79.95,-8.21%,$58.09,$100.76,Yacktman Asset Management,1
≡,EOG - EOG Resources,1.74,Reduce 2.64%,1187019,$105.01,"$124,649,000",,$119.75,14.04%,$98.86,$131.01,Yacktman Asset Management,1
≡,LHX - L3Harris Technologies Inc.,1.68,Reduce 2.05%,408227,$293.57,"$119,843,000",,$346.59,18.06%,$189.46,$369.59,Yacktman Asset Management,1
≡,STT - State Street Corp.,1.65,Reduce 13.15%,913555,$129.01,"$117,858,000",,$128.00,-0.78%,$71.30,$137.05,Yacktman Asset Management,1
≡,ELV - Elevance Health Inc.,1.61,Reduce 1.68%,328756,$350.55,"$115,245,000",,$344.78,-1.65%,$270.83,$451.93,Yacktman Asset Management,1
≡,EWY - iShares MSCI South Korea ETF,1.56,Buy,1144611,$97.22,"$111,279,000",,$130.68,34.42%,$47.42,$134.32,Yacktman Asset Management,1
≡,NOC - Northrop Grumman Corp.,1.55,Reduce 1.97%,193937,$570.21,"$110,585,000",,$701.12,22.96%,$418.96,$715.61,Yacktman Asset Management,1
≡,LMT - Lockheed Martin Corp.,1.45,Reduce 1.11%,214473,$483.67,"$103,734,000",,$649.58,34.30%,$404.07,$656.34,Yacktman Asset Management,1
≡,SYY - Sysco Corp.,1.26,Reduce 2.33%,1223605,$73.69,"$90,167,000",,$89.70,21.73%,$65.74,$91.85,Yacktman Asset Management,1
≡,FOXA - Fox Corporation,1.23,Reduce 20.93%,1202063,$73.07,"$87,835,000",,$56.43,-22.77%,$46.21,$76.39,Yacktman Asset Management,1
≡,OLN - Olin Corp.,1.14,Reduce 1.30%,3922318,$20.83,"$81,702,000",,$23.87,14.59%,$17.18,$27.63,Yacktman Asset Management,1
≡,CL - Colgate-Palmolive,0.87,Reduce 0.83%,787300,$79.02,"$62,212,000",,$95.65,21.05%,$74.09,$98.13,Yacktman Asset Management,1
≡,UNH - United Health Group Inc.,0.77,Reduce 4.03%,167550,$330.11,"$55,310,000",,$289.09,-12.43%,$231.57,$594.32,Yacktman Asset Management,1
≡,WBD - Warner Bros. Discovery Inc.,0.72,Reduce 75.70%,1782860,$28.82,"$51,382,000",,$28.75,-0.24%,$7.52,$30.00,Yacktman Asset Management,1
≡,DAR - Darling Ingredients Inc.,0.7,Reduce 6.53%,1389217,$36.00,"$50,012,000",,$50.97,41.58%,$26.00,$52.88,Yacktman Asset Management,1
≡,BK - Bank of New York Mellon Corp.,0.59,Reduce 7.35%,365736,$116.09,"$42,458,000",,$118.80,2.33%,$69.01,$128.76,Yacktman Asset Management,1
≡,CMCSA - Comcast Corp.,0.49,Reduce 0.64%,1161500,$29.89,"$34,717,000",,$31.55,5.55%,$23.89,$34.24,Yacktman Asset Management,1
≡,EMBC - Embecta Corp,0.38,Add 3.25%,2262915,$11.88,"$26,883,000",,$10.27,-13.55%,$8.99,$15.35,Yacktman Asset Management,1
≡,CSCO - Cisco Systems,0.37,Reduce 5.42%,340638,$77.03,"$26,239,000",,$76.85,-0.23%,$51.21,$88.19,Yacktman Asset Management,1
≡,SPY - SPDR S&P 500 ETF Trust,0.31,Add 618.40%,32091,$681.90,"$21,883,000",,$682.85,0.14%,$477.64,$697.84,Yacktman Asset Management,1
≡,UHAL - U-Haul Holding Co.,0.23,Reduce 1.06%,327276,$50.41,"$16,498,000",,$50.25,-0.32%,$47.84,$75.19,Yacktman Asset Management,1
≡,DVN - Devon Energy Corp.,0.22,Reduce 17.05%,432311,$36.63,"$15,836,000",,$44.04,20.23%,$25.37,$45.29,Yacktman Asset Management,1
≡,EAF - GrafTech International Ltd.,0.22,Reduce 6.59%,998475,$15.51,"$15,486,000",,$6.32,-59.25%,$5.50,$20.32,Yacktman Asset Management,1
≡,BIL - SPDR Bloomberg 1 3 Month T B,0.21,Buy,167893,$91.38,"$15,342,000",,$91.52,0.15%,$87.94,$91.52,Yacktman Asset Management,1
≡,MAS - Masco Corp.,0.21,Reduce 7.57%,233847,$63.46,"$14,840,000",,$76.17,20.03%,$55.74,$79.19,Yacktman Asset Management,1
≡,UL - Unilever PLC,0.18,Reduce 16.92%,195803,$65.40,"$12,806,000",,$73.96,13.09%,$59.07,$74.98,Yacktman Asset Management,1
≡,WFC - Wells Fargo,0.13,Reduce 18.80%,102319,$93.20,"$9,536,000",,$87.40,-6.22%,$57.18,$97.28,Yacktman Asset Management,1
≡,MA - Mastercard Inc.,0.09,,11670,$570.87,"$6,662,000",,$521.93,-8.57%,$462.92,$600.08,Yacktman Asset Management,1
≡,MCO - Moody's Corp.,0.09,,12425,$510.82,"$6,347,000",,$423.22,-17.15%,$376.55,$546.88,Yacktman Asset Management,1
≡,MSCI - MSCI Inc.,0.09,,10900,$573.76,"$6,254,000",,$521.33,-9.14%,$480.26,$623.82,Yacktman Asset Management,1
≡,CLX - Clorox Co.,0.07,Reduce 18.48%,48095,$100.82,"$4,849,000",,$122.96,21.96%,$95.60,$152.78,Yacktman Asset Management,1
≡,AON - Aon Plc,0.06,,12915,$352.85,"$4,557,000",,$325.96,-7.62%,$304.59,$409.47,Yacktman Asset Management,1
≡,FICO - Fair Isaac Corp.,0.06,Add 8.29%,2744,$1690.60,"$4,639,000",,$1351.60,-20.05%,$1280.86,$2217.60,Yacktman Asset Management,1
≡,GS - Goldman Sachs Group,0.06,Reduce 27.75%,4985,$879.04,"$4,382,000",,$916.04,4.21%,$432.73,$984.70,Yacktman Asset Management,1
≡,CPRT - Copart Inc.,0.05,Add 33.21%,100170,$39.15,"$3,922,000",,$37.52,-4.16%,$36.52,$63.85,Yacktman Asset Management,1
≡,CRMT - America's Car Mart Inc.,0.05,Add 16.54%,155000,$25.26,"$3,915,000",,$20.98,-16.94%,$17.78,$62.72,Yacktman Asset Management,1
≡,LEGH - Legacy Housing Corp.,0.05,Add 192.79%,175675,$19.52,"$3,429,000",,$21.42,9.73%,$18.84,$29.45,Yacktman Asset Management,1
≡,MRSH - Marsh,0.05,Add 11.16%,19280,$185.53,"$3,577,000",,$175.83,-5.23%,$170.37,$244.59,Yacktman Asset Management,1
≡,VRSK - Verisk Analytics Inc.,0.05,Add 17.48%,15460,$223.67,"$3,458,000",,$177.30,-20.73%,$164.60,$321.24,Yacktman Asset Management,1
≡,NTRS - Northern Trust Corp.,0.02,,9500,$136.63,"$1,298,000",,$147.23,7.76%,$80.06,$157.60,Yacktman Asset Management,1
≡,TDY - Teledyne Technologies,0.02,Reduce 12.50%,2100,$510.95,"$1,073,000",,$649.35,27.09%,$419.00,$674.63,Yacktman Asset Management,1
≡,VZ - Verizon Communications,0.02,,40000,$40.73,"$1,629,000",,$48.93,20.13%,$10.42,$50.24,Yacktman Asset Management,1
≡,AMPY - Amplify Energy Corp.,0.01,,230000,$4.57,"$1,051,000",,$5.17,13.13%,$2.27,$6.55,Yacktman Asset Management,1
≡,PM - Philip Morris Intl.,0.01,,6300,$160.48,"$1,011,000",,$183.65,14.44%,$140.83,$190.98,Yacktman Asset Management,1
≡,CATO - Cato Corp. CL A,0.0,,105445,$3.09,"$326,000",,$3.10,0.32%,$2.19,$4.92,Yacktman Asset Management,1
≡,GOLD - Gold.com,0.0,Reduce 22.22%,7000,$34.00,"$238,000",,$58.69,72.62%,$19.07,$66.70,Yacktman Asset Management,1
≡,MO - Altria Group Inc.,0.0,,4200,$57.62,"$242,000",,$66.54,15.48%,$48.95,$67.77,Yacktman Asset Management,1
≡,NWS - News Corp. CL B,0.0,,8140,$29.61,"$241,000",,$26.32,-11.11%,$25.49,$35.47,Yacktman Asset Management,1
≡,RDI - Reading International Inc.,0.0,Reduce 3.64%,265000,$1.05,"$278,000",,$1.09,3.81%,$1.00,$1.65,Yacktman Asset Management,1
≡,V - Visa Inc.,0.0,,732,$351.09,"$257,000",,$319.50,-9.00%,$296.78,$373.34,Yacktman Asset Management,1
≡,DIS - Walt Disney Co.,2.52,Reduce 1.04%,107864,$113.77,"$12,272,000",,$105.44,-7.32%,$79.22,$123.85,Robert Olstein - Olstein Capital Management,1
≡,LKQ - LKQ Corp.,1.97,,318266,$30.20,"$9,612,000",,$32.51,7.65%,$28.13,$43.32,Robert Olstein - Olstein Capital Management,1
≡,VNT - Vontier Corp.,1.95,,256000,$37.18,"$9,518,000",,$40.62,9.25%,$27.17,$48.20,Robert Olstein - Olstein Capital Management,1
≡,ST - Sensata Technologies Holding,1.94,Reduce 17.92%,284000,$33.29,"$9,454,000",,$36.87,10.75%,$17.06,$37.95,Robert Olstein - Olstein Capital Management,1
≡,AVTR - Avantor Inc.,1.92,Add 3.02%,818000,$11.46,"$9,374,000",,$9.05,-21.03%,$8.90,$18.02,Robert Olstein - Olstein Capital Management,1
≡,ABM - ABM Industries,1.83,Add 1.14%,211361,$42.30,"$8,941,000",,$44.29,4.70%,$39.74,$53.64,Robert Olstein - Olstein Capital Management,1
≡,OMC - Omnicom Group,1.82,,110000,$80.75,"$8,883,000",,$67.98,-15.81%,$66.33,$86.04,Robert Olstein - Olstein Capital Management,1
≡,IFF - International Flavors & Fragrances Inc.,1.76,Add 1.60%,127000,$67.39,"$8,559,000",,$82.74,22.78%,$58.78,$84.47,Robert Olstein - Olstein Capital Management,1
≡,SLB - Schlumberger Ltd.,1.73,Reduce 13.04%,220000,$38.38,"$8,444,000",,$49.84,29.86%,$30.19,$52.40,Robert Olstein - Olstein Capital Management,1
≡,BDX - Becton Dickinson,1.69,Reduce 18.27%,42500,$194.07,"$8,248,000",,$177.38,-8.60%,$126.24,$182.75,Robert Olstein - Olstein Capital Management,1
≡,FIS - Fidelity National Information Services,1.66,Add 7.50%,121470,$66.46,"$8,073,000",,$47.52,-28.50%,$46.16,$81.76,Robert Olstein - Olstein Capital Management,1
≡,TGT - Target Corp.,1.64,,82000,$97.76,"$8,016,000",,$116.54,19.21%,$82.60,$125.93,Robert Olstein - Olstein Capital Management,1
≡,BAX - Baxter International Inc.,1.63,Add 14.25%,417000,$19.11,"$7,969,000",,$20.74,8.53%,$17.39,$37.25,Robert Olstein - Olstein Capital Management,1
≡,MHK - Mohawk Industries,1.54,Add 23.87%,68750,$109.29,"$7,514,000",,$131.91,20.70%,$96.24,$143.13,Robert Olstein - Olstein Capital Management,1
≡,NDAQ - Nasdaq Inc.,1.54,Reduce 4.57%,77300,$97.13,"$7,508,000",,$80.24,-17.39%,$64.26,$101.79,Robert Olstein - Olstein Capital Management,1
≡,GD - General Dynamics,1.52,Reduce 5.54%,22000,$336.68,"$7,407,000",,$342.52,1.73%,$234.67,$369.70,Robert Olstein - Olstein Capital Management,1
≡,DIN - Dine Brands Global Inc.,1.51,Reduce 26.30%,229000,$32.14,"$7,360,000",,$32.96,2.55%,$17.79,$39.68,Robert Olstein - Olstein Capital Management,1
≡,FDX - FedEx Corp.,1.51,Reduce 20.31%,25500,$288.86,"$7,366,000",,$375.30,29.92%,$190.84,$381.99,Robert Olstein - Olstein Capital Management,1
≡,ZBH - Zimmer Biomet Holdings,1.51,Add 5.13%,82000,$89.91,"$7,373,000",,$97.15,8.05%,$84.59,$113.56,Robert Olstein - Olstein Capital Management,1
≡,RAL - Ralliant Corp.,1.49,Reduce 1.38%,143000,$50.91,"$7,280,000",,$44.50,-12.59%,$37.27,$57.02,Robert Olstein - Olstein Capital Management,1
≡,MIDD - Middleby Corp.,1.46,Reduce 15.79%,48000,$148.67,"$7,136,000",,$163.56,10.02%,$110.82,$182.73,Robert Olstein - Olstein Capital Management,1
≡,DAL - Delta Air Lines Inc.,1.45,Reduce 23.81%,102100,$69.40,"$7,086,000",,$70.85,2.09%,$34.41,$76.39,Robert Olstein - Olstein Capital Management,1
≡,MDT - Medtronic plc,1.44,Reduce 16.09%,73000,$96.05,"$7,012,000",,$96.41,0.37%,$77.73,$105.55,Robert Olstein - Olstein Capital Management,1
≡,TRV - Travelers Companies Inc.,1.43,,24000,$290.04,"$6,961,000",,$299.23,3.17%,$227.66,$304.40,Robert Olstein - Olstein Capital Management,1
≡,DGX - Quest Diagnostics,1.42,,40000,$173.53,"$6,941,000",,$205.49,18.42%,$155.09,$213.20,Robert Olstein - Olstein Capital Management,1
≡,HSIC - Henry Schein Inc.,1.38,Reduce 11.00%,89000,$75.58,"$6,727,000",,$77.21,2.16%,$60.56,$82.80,Robert Olstein - Olstein Capital Management,1
≡,NKE - NIKE Inc.,1.36,Add 6.12%,104000,$63.71,"$6,626,000",,$64.82,1.74%,$51.34,$80.55,Robert Olstein - Olstein Capital Management,1
≡,USB - U.S. Bancorp,1.35,Reduce 21.83%,123000,$53.36,"$6,563,000",,$58.17,9.01%,$34.10,$61.19,Robert Olstein - Olstein Capital Management,1
≡,APTV - Aptiv PLC,1.33,Reduce 3.33%,85500,$76.09,"$6,506,000",,$82.77,8.78%,$47.19,$88.93,Robert Olstein - Olstein Capital Management,1
≡,KLIC - Kulicke & Soffa Ind.,1.33,Reduce 23.41%,142461,$45.56,"$6,491,000",,$71.77,57.53%,$26.22,$77.50,Robert Olstein - Olstein Capital Management,1
≡,FITB - Fifth Third Bancorp,1.31,Reduce 6.21%,136000,$46.81,"$6,366,000",,$53.06,13.35%,$31.41,$55.44,Robert Olstein - Olstein Capital Management,1
≡,UPS - United Parcel Service,1.3,Reduce 12.33%,64000,$99.19,"$6,348,000",,$115.51,16.45%,$79.49,$120.73,Robert Olstein - Olstein Capital Management,1
≡,WFC - Wells Fargo,1.28,Reduce 8.22%,67000,$93.19,"$6,244,000",,$87.40,-6.21%,$57.18,$97.28,Robert Olstein - Olstein Capital Management,1
≡,CFG - Citizens Financial Group Inc.,1.26,Reduce 28.15%,105000,$58.41,"$6,133,000",,$64.39,10.24%,$31.45,$68.79,Robert Olstein - Olstein Capital Management,1
≡,IVZ - Invesco Ltd,1.26,Reduce 23.36%,233000,$26.27,"$6,121,000",,$26.40,0.49%,$11.14,$29.37,Robert Olstein - Olstein Capital Management,1
≡,REYN - Reynolds Consumer Products Inc.,1.26,Reduce 17.68%,268000,$22.92,"$6,143,000",,$23.63,3.10%,$20.31,$25.75,Robert Olstein - Olstein Capital Management,1
≡,CBRE - CBRE Group,1.25,,38000,$160.79,"$6,110,000",,$141.24,-12.16%,$108.45,$174.27,Robert Olstein - Olstein Capital Management,1
≡,JNJ - Johnson & Johnson,1.23,Reduce 40.21%,29000,$206.97,"$6,002,000",,$243.33,17.57%,$138.40,$246.35,Robert Olstein - Olstein Capital Management,1
≡,CB - Chubb Limited,1.22,,19000,$312.11,"$5,930,000",,$331.89,6.34%,$259.71,$335.60,Robert Olstein - Olstein Capital Management,1
≡,CTVA - Corteva Inc.,1.21,,88000,$67.03,"$5,899,000",,$75.55,12.71%,$53.00,$77.02,Robert Olstein - Olstein Capital Management,1
≡,JLL - Jones Lang Lasalle Inc.,1.21,Reduce 10.26%,17500,$336.46,"$5,888,000",,$286.83,-14.75%,$194.36,$363.06,Robert Olstein - Olstein Capital Management,1
≡,DOV - Dover Corp.,1.19,Reduce 2.64%,29694,$195.22,"$5,797,000",,$233.25,19.48%,$141.82,$237.54,Robert Olstein - Olstein Capital Management,1
≡,SWK - Stanley Black & Decker Inc.,1.17,Reduce 2.53%,77000,$74.29,"$5,720,000",,$90.90,22.36%,$52.01,$93.37,Robert Olstein - Olstein Capital Management,1
≡,ADBE - Adobe Inc.,1.15,Add 4.92%,16000,$350.00,"$5,600,000",,$260.45,-25.59%,$251.10,$464.33,Robert Olstein - Olstein Capital Management,1
≡,ON - ON Semiconductor Corp.,1.14,Add 13.19%,103000,$54.15,"$5,577,000",,$71.96,32.89%,$31.04,$73.63,Robert Olstein - Olstein Capital Management,1
≡,BRK.B - Berkshire Hathaway CL B,1.13,,11000,$502.64,"$5,529,000",,$503.41,0.15%,$455.19,$542.07,Robert Olstein - Olstein Capital Management,1
≡,FTV - Fortive Corp.,1.13,Reduce 0.99%,100000,$55.21,"$5,521,000",,$56.81,2.90%,$46.10,$63.54,Robert Olstein - Olstein Capital Management,1
≡,SYY - Sysco Corp.,1.13,,75000,$73.69,"$5,527,000",,$89.70,21.73%,$65.74,$91.85,Robert Olstein - Olstein Capital Management,1
≡,LUV - Southwest Airlines,1.08,Reduce 23.49%,127000,$41.33,"$5,249,000",,$54.26,31.28%,$23.44,$55.11,Robert Olstein - Olstein Capital Management,1
≡,HON - Honeywell Int'l Inc.,1.04,Add 20.93%,26000,$195.08,"$5,072,000",,$242.65,24.38%,$166.40,$245.63,Robert Olstein - Olstein Capital Management,1
≡,KFY - Korn Ferry,1.04,Add 18.38%,76950,$66.02,"$5,080,000",,$61.33,-7.10%,$58.04,$77.42,Robert Olstein - Olstein Capital Management,1
≡,CSCO - Cisco Systems,1.03,Reduce 24.42%,65000,$77.03,"$5,007,000",,$76.85,-0.23%,$51.21,$88.19,Robert Olstein - Olstein Capital Management,1
≡,STZ - Constellation Brands,1.02,Add 26.32%,36000,$137.97,"$4,967,000",,$152.70,10.68%,$125.63,$192.99,Robert Olstein - Olstein Capital Management,1
≡,UNH - United Health Group Inc.,1.02,Reduce 9.09%,15000,$330.13,"$4,952,000",,$289.09,-12.43%,$231.57,$594.32,Robert Olstein - Olstein Capital Management,1
≡,WTW - Willis Towers Watson plc,1.02,,15200,$328.62,"$4,995,000",,$295.50,-10.08%,$275.60,$351.81,Robert Olstein - Olstein Capital Management,1
≡,MSFT - Microsoft Corp.,0.99,Add 9.89%,10000,$483.60,"$4,836,000",,$396.86,-17.94%,$342.95,$553.50,Robert Olstein - Olstein Capital Management,1
≡,SSNC - SS&C Technologies Holdings Inc.,0.99,,55000,$87.42,"$4,808,000",,$71.45,-18.27%,$68.96,$90.51,Robert Olstein - Olstein Capital Management,1
≡,TXN - Texas Instruments,0.96,Add 12.50%,27000,$173.48,"$4,684,000",,$225.69,30.10%,$135.67,$231.32,Robert Olstein - Olstein Capital Management,1
≡,CVS - CVS Health Corp.,0.91,Reduce 18.84%,56000,$79.36,"$4,444,000",,$78.20,-1.46%,$56.79,$84.46,Robert Olstein - Olstein Capital Management,1
≡,SPGI - S&P Global Inc.,0.84,,7800,$522.56,"$4,076,000",,$410.45,-21.45%,$381.61,$576.91,Robert Olstein - Olstein Capital Management,1
≡,PEP - PepsiCo Inc.,0.82,,28000,$143.54,"$4,019,000",,$161.92,12.80%,$123.93,$171.48,Robert Olstein - Olstein Capital Management,1
≡,LMT - Lockheed Martin Corp.,0.81,Buy,8200,$483.66,"$3,966,000",,$649.58,34.31%,$404.07,$656.34,Robert Olstein - Olstein Capital Management,1
≡,EFX - Equifax Inc.,0.8,,18000,$217.00,"$3,906,000",,$192.70,-11.20%,$166.02,$279.27,Robert Olstein - Olstein Capital Management,1
≡,GM - General Motors,0.8,Reduce 43.53%,48000,$81.31,"$3,903,000",,$81.22,-0.11%,$41.28,$87.62,Robert Olstein - Olstein Capital Management,1
≡,WCC - WESCO International Inc.,0.78,Reduce 26.89%,15500,$244.65,"$3,792,000",,$300.92,23.00%,$124.42,$319.68,Robert Olstein - Olstein Capital Management,1
≡,META - Meta Platforms Inc.,0.77,Add 14.00%,5700,$660.18,"$3,763,000",,$639.29,-3.16%,$478.72,$795.06,Robert Olstein - Olstein Capital Management,1
≡,UBER - Uber Technologies Inc.,0.77,Add 64.29%,46000,$81.72,"$3,759,000",,$70.53,-13.69%,$60.63,$101.99,Robert Olstein - Olstein Capital Management,1
≡,LHX - L3Harris Technologies Inc.,0.76,,12600,$293.57,"$3,699,000",,$346.59,18.06%,$189.46,$369.59,Robert Olstein - Olstein Capital Management,1
≡,TMO - Thermo Fisher Scientific,0.76,Reduce 20.00%,6400,$579.38,"$3,708,000",,$501.59,-13.43%,$384.82,$643.99,Robert Olstein - Olstein Capital Management,1
≡,AAPL - Apple Inc.,0.72,Reduce 18.75%,13000,$271.85,"$3,534,000",,$263.88,-2.93%,$168.48,$288.35,Robert Olstein - Olstein Capital Management,1
≡,DE - Deere & Co.,0.72,Add 7.14%,7500,$465.60,"$3,492,000",,$600.84,29.05%,$400.36,$626.25,Robert Olstein - Olstein Capital Management,1
≡,RTX - RTX Corp.,0.6,Reduce 13.51%,16000,$183.38,"$2,934,000",,$203.50,10.97%,$110.77,$206.48,Robert Olstein - Olstein Capital Management,1
≡,AMZN - Amazon.com Inc.,0.59,,12500,$230.80,"$2,885,000",,$201.15,-12.85%,$161.38,$258.60,Robert Olstein - Olstein Capital Management,1
≡,SOLS - Solstice Adv Materials Inc,0.57,Buy,57700,$48.58,"$2,803,000",,$80.90,66.53%,$40.43,$84.44,Robert Olstein - Olstein Capital Management,1
≡,GLW - Corning Inc.,0.54,Reduce 34.07%,30000,$87.57,"$2,627,000",,$130.52,49.05%,$36.82,$136.83,Robert Olstein - Olstein Capital Management,1
≡,CMI - Cummins Inc.,0.49,Reduce 40.88%,4700,$510.43,"$2,399,000",,$595.66,16.70%,$256.13,$617.98,Robert Olstein - Olstein Capital Management,1
≡,GOOG - Alphabet Inc. CL C,0.48,Reduce 48.28%,7500,$313.87,"$2,354,000",,$302.82,-3.52%,$142.27,$350.15,Robert Olstein - Olstein Capital Management,1
≡,V - Visa Inc.,0.43,,6000,$350.67,"$2,104,000",,$319.50,-8.89%,$296.78,$373.34,Robert Olstein - Olstein Capital Management,1
≡,EBAY - eBay Inc.,0.39,,22000,$87.09,"$1,916,000",,$79.95,-8.20%,$58.09,$100.76,Robert Olstein - Olstein Capital Management,1
≡,AEBI - Aebi Schmidt Holding Ag,0.38,Reduce 20.49%,147122,$12.65,"$1,861,000",,$15.41,21.82%,$8.87,$32.86,Robert Olstein - Olstein Capital Management,1
≡,GTES - Gates Industrial Corp.,0.37,Reduce 2.89%,84000,$21.46,"$1,803,000",,$27.33,27.35%,$14.70,$28.47,Robert Olstein - Olstein Capital Management,1
≡,CENTA - Central Garden & Pet,0.31,Add 1.94%,52500,$29.18,"$1,532,000",,$34.26,17.41%,$25.97,$37.35,Robert Olstein - Olstein Capital Management,1
≡,IART - Integra LifeSciences Holdings,0.31,Reduce 11.51%,123000,$12.42,"$1,528,000",,$11.44,-7.89%,$10.60,$25.45,Robert Olstein - Olstein Capital Management,1
≡,CWK - Cushman & Wakefield Plc,0.29,Reduce 20.27%,88500,$16.19,"$1,433,000",,$12.33,-23.84%,$11.57,$17.40,Robert Olstein - Olstein Capital Management,1
≡,GS - Goldman Sachs Group,0.27,Reduce 57.14%,1500,$879.33,"$1,319,000",,$916.04,4.17%,$432.73,$984.70,Robert Olstein - Olstein Capital Management,1
≡,PBH - Prestige Consumer Healthcare,0.27,,21000,$61.67,"$1,295,000",,$66.27,7.46%,$57.25,$90.04,Robert Olstein - Olstein Capital Management,1
≡,VSH - Vishay Intertechnology,0.23,Reduce 23.00%,77000,$14.49,"$1,116,000",,$18.69,28.99%,$10.14,$22.00,Robert Olstein - Olstein Capital Management,1
≡,BLBD - Blue Bird Corp.,0.22,Reduce 7.25%,23000,$47.00,"$1,081,000",,$59.99,27.64%,$30.04,$61.95,Robert Olstein - Olstein Capital Management,1
≡,FA - First Advantage Corp,0.22,Add 4.23%,74000,$14.53,"$1,075,000",,$9.75,-32.90%,$9.23,$19.92,Robert Olstein - Olstein Capital Management,1
≡,FHB - First Hawaiian Inc.,0.21,Reduce 13.04%,40000,$25.30,"$1,012,000",,$26.40,4.35%,$19.48,$28.07,Robert Olstein - Olstein Capital Management,1
≡,HOMB - Home Bancshares Inc.,0.21,Reduce 10.84%,37000,$27.78,"$1,028,000",,$29.44,5.98%,$23.54,$30.62,Robert Olstein - Olstein Capital Management,1
≡,PLOW - Douglas Dynamics,0.2,Reduce 7.69%,30000,$32.67,"$980,000",,$42.46,29.97%,$20.71,$42.69,Robert Olstein - Olstein Capital Management,1
≡,TNC - Tennant Co.,0.2,Add 11.59%,13000,$73.69,"$958,000",,$83.01,12.65%,$66.53,$89.07,Robert Olstein - Olstein Capital Management,1
≡,AGCO - AGCO Corp.,0.19,Reduce 5.26%,9000,$104.33,"$939,000",,$138.50,32.75%,$73.04,$143.48,Robert Olstein - Olstein Capital Management,1
≡,PGNY - Progyny Inc.,0.19,Add 2.86%,36000,$25.67,"$924,000",,$20.35,-20.72%,$17.98,$28.75,Robert Olstein - Olstein Capital Management,1
≡,BRC - Brady Corp.,0.17,Reduce 8.70%,10500,$78.38,"$823,000",,$95.51,21.86%,$61.85,$97.58,Robert Olstein - Olstein Capital Management,1
≡,PB - Prosperity Bancshares Inc.,0.17,Reduce 7.69%,12000,$69.08,"$829,000",,$72.77,5.34%,$60.04,$77.20,Robert Olstein - Olstein Capital Management,1
≡,MLR - Miller Industries Inc.,0.16,,21500,$37.35,"$803,000",,$43.66,16.89%,$33.47,$61.99,Robert Olstein - Olstein Capital Management,1
≡,NOV - Nov Inc.,0.15,Reduce 7.84%,47000,$15.64,"$735,000",,$19.07,21.93%,$10.48,$19.60,Robert Olstein - Olstein Capital Management,1
≡,TKR - Timken Co.,0.14,Reduce 30.83%,8300,$84.10,"$698,000",,$105.54,25.49%,$55.43,$111.39,Robert Olstein - Olstein Capital Management,1
≡,GHM - Graham Corp.,0.09,Reduce 35.00%,6500,$64.15,"$417,000",,$82.08,27.95%,$24.78,$91.91,Robert Olstein - Olstein Capital Management,1
≡,COF - Capital One Financial,9.38,Add 2.80%,8614766,$242.36,"$2,087,878,000",,$206.74,-14.70%,$141.84,$259.64,Christopher Davis - Davis Advisors,1
≡,USB - U.S. Bancorp,5.29,Add 13.43%,22041759,$53.36,"$1,176,148,000",,$58.17,9.01%,$34.10,$61.19,Christopher Davis - Davis Advisors,1
≡,META - Meta Platforms Inc.,5.2,Add 2.18%,1752974,$660.10,"$1,157,131,000",,$639.29,-3.15%,$478.72,$795.06,Christopher Davis - Davis Advisors,1
≡,AMAT - Applied Materials,4.85,Reduce 24.36%,4201298,$256.99,"$1,079,696,000",,$359.13,39.74%,$122.79,$376.32,Christopher Davis - Davis Advisors,1
≡,CVS - CVS Health Corp.,4.55,Add 11.90%,12760511,$79.36,"$1,012,675,000",,$78.20,-1.46%,$56.79,$84.46,Christopher Davis - Davis Advisors,1
≡,MGM - MGM Resorts International,4.4,Add 11.97%,26820202,$36.49,"$978,669,000",,$34.27,-6.08%,$25.30,$40.16,Christopher Davis - Davis Advisors,1
≡,GOOGL - Alphabet Inc.,4.39,Add 12.57%,3118760,$313.00,"$976,175,000",,$302.02,-3.51%,$140.14,$349.00,Christopher Davis - Davis Advisors,1
≡,VTRS - Viatris Inc.,4.37,Add 12.74%,78177984,$12.45,"$973,316,000",,$15.74,26.43%,$6.60,$16.30,Christopher Davis - Davis Advisors,1
≡,MKL - Markel Group Inc.,4.01,Add 11.15%,415160,$2149.76,"$892,496,000",,$2084.46,-3.04%,$1621.89,$2207.59,Christopher Davis - Davis Advisors,1
≡,CTRA - Coterra Energy Inc.,3.85,Add 63.64%,32537508,$26.32,"$856,387,000",,$31.07,18.05%,$21.88,$31.81,Christopher Davis - Davis Advisors,1
≡,AMZN - Amazon.com Inc.,3.56,Add 9.28%,3429262,$230.82,"$791,545,000",,$201.15,-12.85%,$161.38,$258.60,Christopher Davis - Davis Advisors,1
≡,WFC - Wells Fargo,3.46,Add 6.06%,8258031,$93.20,"$769,649,000",,$87.40,-6.22%,$57.18,$97.28,Christopher Davis - Davis Advisors,1
≡,TSN - Tyson Foods,3.38,Add 28.76%,12827540,$58.62,"$751,951,000",,$62.90,7.30%,$50.12,$66.41,Christopher Davis - Davis Advisors,1
≡,BRK.A - Berkshire Hathaway CL A,3.2,Reduce 5.51%,943,$754799.58,"$711,776,000",,$754910.00,0.01%,$685150.00,$812855.00,Christopher Davis - Davis Advisors,1
≡,TECK - Teck Resources,2.59,Add 9.03%,12019609,$47.89,"$575,620,000",,$57.88,20.86%,$28.13,$60.75,Christopher Davis - Davis Advisors,1
≡,SOLV - Solventum Corp,2.22,Add 12.73%,6220072,$79.24,"$492,880,000",,$73.73,-6.95%,$60.70,$88.20,Christopher Davis - Davis Advisors,1
≡,TXN - Texas Instruments,2.22,Add 23.12%,2853227,$173.49,"$495,009,000",,$225.69,30.09%,$135.67,$231.32,Christopher Davis - Davis Advisors,1
≡,UNH - United Health Group Inc.,1.89,Add 11.77%,1273400,$330.12,"$420,369,000",,$289.09,-12.43%,$231.57,$594.32,Christopher Davis - Davis Advisors,1
≡,BRK.B - Berkshire Hathaway CL B,1.67,Add 38.57%,739875,$502.66,"$371,908,000",,$503.41,0.15%,$455.19,$542.07,Christopher Davis - Davis Advisors,1
≡,CB - Chubb Limited,1.66,Add 10.86%,1186647,$312.12,"$370,380,000",,$331.89,6.33%,$259.71,$335.60,Christopher Davis - Davis Advisors,1
≡,TCOM - Trip.com Group Ltd,1.63,Add 2.27%,5053389,$71.91,"$363,389,000",,$56.12,-21.96%,$51.35,$78.99,Christopher Davis - Davis Advisors,1
≡,PINS - Pinterest Inc.,1.37,Add 49.54%,11801983,$25.89,"$305,554,000",,$15.51,-40.09%,$13.84,$39.93,Christopher Davis - Davis Advisors,1
≡,DGX - Quest Diagnostics,1.24,Add 16.76%,1589883,$173.53,"$275,895,000",,$205.49,18.42%,$155.09,$213.20,Christopher Davis - Davis Advisors,1
≡,QSR - Restaurant Brands International,1.23,Add 13.51%,4020791,$68.23,"$274,340,000",,$68.13,-0.15%,$57.09,$73.05,Christopher Davis - Davis Advisors,1
≡,OC - Owens Corning,1.03,Add 15.15%,2046583,$111.91,"$229,035,000",,$133.56,19.35%,$96.86,$175.26,Christopher Davis - Davis Advisors,1
≡,GOOG - Alphabet Inc. CL C,1.0,Add 10.05%,710963,$313.80,"$223,102,000",,$302.82,-3.50%,$142.27,$350.15,Christopher Davis - Davis Advisors,1
≡,AGCO - AGCO Corp.,0.96,Add 13.01%,2048835,$104.32,"$213,736,000",,$138.50,32.76%,$73.04,$143.48,Christopher Davis - Davis Advisors,1
≡,CI - Cigna Group,0.93,Add 14.71%,752852,$275.24,"$207,212,000",,$290.71,5.62%,$238.17,$344.64,Christopher Davis - Davis Advisors,1
≡,YMM - Full Truck Alliance Spn ADR,0.85,Add 17.06%,17537524,$10.73,"$188,178,000",,$9.55,-11.00%,$9.38,$13.96,Christopher Davis - Davis Advisors,1
≡,JPM - JPMorgan Chase & Co.,0.83,Reduce 4.04%,571586,$322.22,"$184,176,000",,$307.13,-4.68%,$199.32,$335.87,Christopher Davis - Davis Advisors,1
≡,DUSA - Davis Select Us Equity ETF,0.78,Add 0.04%,3384566,$51.13,"$173,053,000",,$52.51,2.70%,$36.48,$54.26,Christopher Davis - Davis Advisors,1
≡,JBS - Jbs Nv A,0.77,Buy,11854741,$14.42,"$170,945,000",,$16.13,11.86%,$12.37,$17.80,Christopher Davis - Davis Advisors,1
≡,COP - ConocoPhillips,0.76,Add 12.42%,1797887,$93.61,"$168,301,000",,$108.78,16.21%,$77.23,$112.10,Christopher Davis - Davis Advisors,1
≡,APP - Applovin Corp.,0.75,Add 10.92%,247981,$673.83,"$167,098,000",,$376.38,-44.14%,$200.50,$745.61,Christopher Davis - Davis Advisors,1
≡,FITB - Fifth Third Bancorp,0.58,Add 2.83%,2744310,$46.81,"$128,461,000",,$53.06,13.35%,$31.41,$55.44,Christopher Davis - Davis Advisors,1
≡,DINT - Davis Select International,0.5,Add 0.06%,3892451,$28.50,"$110,935,000",,$28.74,0.84%,$19.48,$30.03,Christopher Davis - Davis Advisors,1
≡,PNC - PNC Financial Services,0.5,Add 5.63%,530089,$208.73,"$110,645,000",,$231.24,10.78%,$140.02,$243.94,Christopher Davis - Davis Advisors,1
≡,DAR - Darling Ingredients Inc.,0.46,Add 15.83%,2842306,$36.00,"$102,324,000",,$50.97,41.58%,$26.00,$52.88,Christopher Davis - Davis Advisors,1
≡,DFNL - Davis Select Financial ETF,0.46,Add 0.02%,2130361,$48.33,"$102,960,000",,$48.31,-0.04%,$31.94,$50.05,Christopher Davis - Davis Advisors,1
≡,IAC - IAC Inc.,0.44,Add 12.05%,2514072,$39.10,"$98,301,000",,$34.27,-12.35%,$29.56,$41.86,Christopher Davis - Davis Advisors,1
≡,AXP - American Express,0.4,Reduce 2.52%,241700,$369.95,"$89,417,000",,$344.53,-6.87%,$218.83,$386.63,Christopher Davis - Davis Advisors,1
≡,DWLD - Davis Select Worldwide ETF,0.4,Add 0.06%,1917460,$46.64,"$89,430,000",,$46.01,-1.35%,$31.80,$48.25,Christopher Davis - Davis Advisors,1
≡,WCC - WESCO International Inc.,0.4,Add 24.59%,364502,$244.64,"$89,172,000",,$300.92,23.01%,$124.42,$319.68,Christopher Davis - Davis Advisors,1
≡,RNR - RenaissanceRe Holdings Ltd.,0.29,Add 60.49%,229739,$281.16,"$64,593,000",,$307.13,9.24%,$217.97,$315.88,Christopher Davis - Davis Advisors,1
≡,BAC - Bank of America Corp.,0.28,Reduce 0.06%,1149873,$55.00,"$63,243,000",,$52.74,-4.11%,$32.52,$57.55,Christopher Davis - Davis Advisors,1
≡,CHYM - Chime Financial Inc Cl A,0.28,Add 3.04%,2472106,$25.17,"$62,223,000",,$19.65,-21.93%,$16.17,$44.94,Christopher Davis - Davis Advisors,1
≡,L - Loews Corp.,0.28,Add 0.73%,600046,$105.31,"$63,191,000",,$110.49,4.92%,$78.83,$114.90,Christopher Davis - Davis Advisors,1
≡,RKT - Rocket Companies Inc.,0.28,Add 2.99%,3227910,$19.36,"$62,492,000",,$18.37,-5.11%,$10.94,$24.36,Christopher Davis - Davis Advisors,1
≡,BK - Bank of New York Mellon Corp.,0.27,Reduce 48.38%,521722,$116.09,"$60,567,000",,$118.80,2.33%,$69.01,$128.76,Christopher Davis - Davis Advisors,1
≡,NTES - NetEase.com Inc.,0.26,Reduce 28.34%,426164,$137.62,"$58,649,000",,$119.50,-13.17%,$87.33,$158.90,Christopher Davis - Davis Advisors,1
≡,SE - Sea Ltd,0.25,Reduce 0.92%,436534,$127.57,"$55,689,000",,$108.51,-14.94%,$99.50,$199.30,Christopher Davis - Davis Advisors,1
≡,NTB - Bank of N.T. Butterfield & Son Ltd,0.24,Reduce 0.48%,1053710,$49.82,"$52,496,000",,$52.84,6.06%,$33.72,$55.84,Christopher Davis - Davis Advisors,1
≡,EG - Everest Group Ltd,0.18,Add 199.32%,118017,$339.35,"$40,049,000",,$346.03,1.97%,$300.51,$365.94,Christopher Davis - Davis Advisors,1
≡,FISV - Fiserv Inc.,0.17,Buy,568982,$67.17,"$38,219,000",,$63.45,-5.54%,$57.79,$238.59,Christopher Davis - Davis Advisors,1
≡,VALE - Vale SA,0.17,,2931198,$13.03,"$38,194,000",,$15.90,22.03%,$7.53,$17.72,Christopher Davis - Davis Advisors,1
≡,SCHW - Charles Schwab Corp.,0.14,Add 1.77%,301695,$99.91,"$30,142,000",,$93.08,-6.84%,$65.08,$107.14,Christopher Davis - Davis Advisors,1
≡,BEKE - KE Holdings Inc.,0.13,,1851804,$15.76,"$29,184,000",,$17.18,9.01%,$15.26,$24.65,Christopher Davis - Davis Advisors,1
≡,MSFT - Microsoft Corp.,0.13,Add 16.24%,60801,$483.64,"$29,406,000",,$396.86,-17.94%,$342.95,$553.50,Christopher Davis - Davis Advisors,1
≡,IVE - Ishares S&P 500 Value ETF,0.12,Add 1820.97%,127053,$212.07,"$26,944,000",,$220.19,3.83%,$163.28,$223.06,Christopher Davis - Davis Advisors,1
≡,JCI - Johnson Controls Intl. plc,0.11,Add 12.88%,209960,$119.75,"$25,143,000",,$142.21,18.76%,$67.31,$143.17,Christopher Davis - Davis Advisors,1
≡,PLD - Prologis Inc.,0.1,Reduce 9.10%,180126,$127.66,"$22,995,000",,$141.77,11.05%,$83.15,$141.95,Christopher Davis - Davis Advisors,1
≡,NVDA - NVIDIA Corp.,0.09,Add 23.66%,111038,$186.50,"$20,709,000",,$184.97,-0.82%,$86.60,$212.18,Christopher Davis - Davis Advisors,1
≡,STT - State Street Corp.,0.08,Add 38.53%,143773,$129.01,"$18,548,000",,$128.00,-0.78%,$71.30,$137.05,Christopher Davis - Davis Advisors,1
≡,BRX - Brixmor Property Group Inc.,0.07,Reduce 2.46%,555970,$26.22,"$14,578,000",,$29.61,12.93%,$21.55,$29.65,Christopher Davis - Davis Advisors,1
≡,BXP - BXP Inc.,0.07,Reduce 2.44%,233910,$67.48,"$15,784,000",,$60.66,-10.11%,$52.41,$77.80,Christopher Davis - Davis Advisors,1
≡,EQIX - Equinix Inc.,0.07,Reduce 4.72%,20773,$766.14,"$15,915,000",,$951.97,24.26%,$689.25,$992.90,Christopher Davis - Davis Advisors,1
≡,ORCL - Oracle Corp.,0.07,Add 18.44%,79416,$194.92,"$15,480,000",,$153.97,-21.01%,$117.67,$344.21,Christopher Davis - Davis Advisors,1
≡,ANGI - Angi Inc.,0.06,Reduce 0.00%,948993,$12.93,"$12,270,000",,$7.92,-38.75%,$7.72,$19.42,Christopher Davis - Davis Advisors,1
≡,AVB - AvalonBay Communities,0.06,Add 18.41%,78840,$181.30,"$14,294,000",,$177.65,-2.01%,$165.15,$222.20,Christopher Davis - Davis Advisors,1
≡,CUZ - Cousins Properties,0.06,Reduce 2.49%,499615,$25.78,"$12,880,000",,$23.27,-9.74%,$21.03,$29.77,Christopher Davis - Davis Advisors,1
≡,DLR - Digital Realty Trust Inc.,0.06,Reduce 2.50%,79250,$154.71,"$12,261,000",,$179.89,16.28%,$127.13,$184.79,Christopher Davis - Davis Advisors,1
≡,REXR - Rexford Industrial Realty Inc.,0.06,Reduce 12.73%,344830,$38.72,"$13,352,000",,$37.57,-2.97%,$28.71,$43.90,Christopher Davis - Davis Advisors,1
≡,SAP - SAP SE,0.06,Add 20.43%,56347,$242.92,"$13,688,000",,$201.47,-17.06%,$189.22,$313.28,Christopher Davis - Davis Advisors,1
≡,SPG - Simon Property Group Inc.,0.06,Reduce 13.75%,66183,$185.11,"$12,251,000",,$202.01,9.13%,$131.37,$202.09,Christopher Davis - Davis Advisors,1
≡,AMT - American Tower Corp.,0.05,Reduce 2.59%,63970,$175.57,"$11,231,000",,$193.09,9.98%,$166.88,$230.04,Christopher Davis - Davis Advisors,1
≡,MTB - M&T Bank Corp.,0.05,Add 9.44%,55846,$201.48,"$11,252,000",,$228.36,13.34%,$147.35,$239.00,Christopher Davis - Davis Advisors,1
≡,NOAH - Noah Holdings Ltd,0.05,,1021585,$10.04,"$10,257,000",,$12.15,21.02%,$6.98,$12.84,Christopher Davis - Davis Advisors,1
≡,PSA - Public Storage,0.05,Reduce 2.44%,43520,$259.49,"$11,293,000",,$302.00,16.38%,$248.69,$309.54,Christopher Davis - Davis Advisors,1
≡,SHO - Sunstone Hotel Investors Inc.,0.05,Reduce 2.45%,1279610,$8.94,"$11,440,000",,$9.34,4.47%,$7.23,$11.06,Christopher Davis - Davis Advisors,1
≡,AMH - American Homes 4 Rent,0.04,Reduce 2.45%,278610,$32.10,"$8,943,000",,$31.50,-1.87%,$28.85,$38.45,Christopher Davis - Davis Advisors,1
≡,ARE - Alexandria RE Equities Inc.,0.04,Reduce 1.13%,178127,$48.94,"$8,718,000",,$54.41,11.18%,$43.46,$98.77,Christopher Davis - Davis Advisors,1
≡,CDP - Copt Defense Properties,0.04,Reduce 2.44%,294740,$27.80,"$8,194,000",,$31.74,14.17%,$23.16,$32.78,Christopher Davis - Davis Advisors,1
≡,CPT - Camden Property Trust,0.04,Reduce 2.46%,86930,$110.08,"$9,569,000",,$108.37,-1.55%,$96.20,$121.85,Christopher Davis - Davis Advisors,1
≡,EGP - EastGroup Properties SBI,0.04,Reduce 2.47%,51630,$178.13,"$9,197,000",,$192.83,8.25%,$134.12,$193.69,Christopher Davis - Davis Advisors,1
≡,JD - JD.com Inc.,0.04,Reduce 3.66%,329221,$28.70,"$9,449,000",,$27.33,-4.77%,$26.95,$45.12,Christopher Davis - Davis Advisors,1
≡,MAA - Mid-America Apt Communties,0.04,Reduce 2.43%,59380,$138.90,"$8,248,000",,$134.41,-3.23%,$124.34,$166.19,Christopher Davis - Davis Advisors,1
≡,REG - Regency Centers Corp.,0.04,Reduce 2.47%,136650,$69.03,"$9,433,000",,$77.19,11.82%,$61.52,$77.39,Christopher Davis - Davis Advisors,1
≡,TFC - Truist Financial Corp.,0.04,Add 22.77%,192053,$49.21,"$9,451,000",,$52.20,6.08%,$32.02,$55.63,Christopher Davis - Davis Advisors,1
≡,VTR - Ventas Inc.,0.04,Reduce 2.49%,114410,$77.38,"$8,853,000",,$86.89,12.29%,$58.92,$87.24,Christopher Davis - Davis Advisors,1
≡,DOC - Healthpeak Properties Inc.,0.03,Reduce 2.45%,435936,$16.08,"$7,010,000",,$17.22,7.09%,$15.52,$19.97,Christopher Davis - Davis Advisors,1
≡,EQR - Equity Residential,0.03,Reduce 2.52%,104515,$63.04,"$6,589,000",,$63.48,0.70%,$57.55,$72.77,Christopher Davis - Davis Advisors,1
≡,TRNO - Terreno Realty Corp.,0.03,Reduce 2.46%,117937,$58.71,"$6,924,000",,$66.19,12.74%,$46.93,$66.89,Christopher Davis - Davis Advisors,1
≡,VICI - VICI Properties Inc.,0.03,Reduce 2.42%,216240,$28.12,"$6,081,000",,$29.86,6.19%,$27.19,$33.01,Christopher Davis - Davis Advisors,1
≡,CCI - Crown Castle International Corp.,0.02,Reduce 2.50%,42160,$88.88,"$3,747,000",,$91.86,3.35%,$77.01,$113.13,Christopher Davis - Davis Advisors,1
≡,CHCT - Community Healthcare Trust Inc.,0.02,Reduce 2.29%,325560,$16.42,"$5,346,000",,$18.02,9.74%,$12.80,$18.22,Christopher Davis - Davis Advisors,1
≡,DEI - Douglas Emmett Inc.,0.02,Reduce 2.45%,309810,$10.99,"$3,405,000",,$9.97,-9.28%,$9.53,$16.55,Christopher Davis - Davis Advisors,1
≡,ESS - Essex Property Trust,0.02,Reduce 2.60%,16511,$261.70,"$4,321,000",,$253.35,-3.19%,$236.97,$304.79,Christopher Davis - Davis Advisors,1
≡,EXR - Extra Space Storage Inc.,0.02,Reduce 49.22%,27955,$130.21,"$3,640,000",,$147.84,13.54%,$116.98,$155.55,Christopher Davis - Davis Advisors,1
≡,HPP - Hudson Pacific Properties Inc.,0.02,Reduce 1.39%,324026,$10.83,"$3,509,000",,$6.32,-41.64%,$5.55,$23.52,Christopher Davis - Davis Advisors,1
≡,NTST - Netstreit Corp.,0.02,Reduce 44.63%,189600,$17.64,"$3,345,000",,$20.50,16.21%,$13.06,$20.55,Christopher Davis - Davis Advisors,1
≡,O - Realty Income Corp.,0.02,Reduce 2.34%,91390,$56.37,"$5,152,000",,$66.49,17.95%,$48.41,$66.74,Christopher Davis - Davis Advisors,1
≡,SNPS - Synopsys Inc.,0.02,,8655,$469.67,"$4,065,000",,$421.95,-10.16%,$365.74,$651.73,Christopher Davis - Davis Advisors,1
≡,SUI - Sun Communities Inc.,0.02,Reduce 2.53%,42840,$123.90,"$5,308,000",,$131.47,6.11%,$103.13,$133.10,Christopher Davis - Davis Advisors,1
≡,UDR - UDR Inc.,0.02,Reduce 39.16%,113280,$36.68,"$4,155,000",,$38.00,3.60%,$32.56,$44.43,Christopher Davis - Davis Advisors,1
≡,CUBE - CubeSmart,0.01,Buy,90930,$36.05,"$3,278,000",,$38.85,7.77%,$32.90,$42.44,Christopher Davis - Davis Advisors,1
≡,LRCX - Lam Research,0.01,,12280,$171.17,"$2,102,000",,$235.58,37.63%,$55.98,$251.87,Christopher Davis - Davis Advisors,1
≡,TSM - Taiwan Semiconductor S.A.,0.01,,7200,$303.89,"$2,188,000",,$364.20,19.85%,$133.00,$380.00,Christopher Davis - Davis Advisors,1
≡,CCK - Crown Holdings,0.0,,8570,$102.92,"$882,000",,$110.32,7.19%,$75.38,$115.85,Christopher Davis - Davis Advisors,1
≡,CVNA - Carvana Co.,29.81,Reduce 31.86%,303403,$422.02,"$128,042,000",,$350.94,-16.84%,$148.25,$486.89,Robert Vinall - RV Capital GmbH,1
≡,META - Meta Platforms Inc.,20.95,Reduce 2.43%,136311,$660.09,"$89,978,000",,$639.29,-3.15%,$478.72,$795.06,Robert Vinall - RV Capital GmbH,1
≡,CACC - Credit Acceptance Corp.,13.47,,130431,$443.46,"$57,841,000",,$491.36,10.80%,$401.90,$549.75,Robert Vinall - RV Capital GmbH,1
≡,IBKR - Interactive Brokers Group Inc.,11.27,Reduce 5.85%,752478,$64.31,"$48,392,000",,$73.29,13.96%,$32.69,$79.18,Robert Vinall - RV Capital GmbH,1
≡,WIX - Wix.com Ltd.,7.62,,314996,$103.89,"$32,725,000",,$68.07,-34.48%,$66.20,$239.73,Robert Vinall - RV Capital GmbH,1
≡,HTHT - H World Group Ltd ADR,6.61,,603416,$47.05,"$28,391,000",,$54.02,14.81%,$29.01,$55.25,Robert Vinall - RV Capital GmbH,1
≡,YUMC - Yum China Holdings Inc.,4.94,,444321,$47.74,"$21,212,000",,$54.92,15.04%,$40.35,$58.39,Robert Vinall - RV Capital GmbH,1
≡,GOOGL - Alphabet Inc.,2.37,,32520,$313.01,"$10,179,000",,$302.02,-3.51%,$140.14,$349.00,Robert Vinall - RV Capital GmbH,1
≡,MSFT - Microsoft Corp.,1.29,,11500,$483.65,"$5,562,000",,$396.86,-17.94%,$342.95,$553.50,Robert Vinall - RV Capital GmbH,1
≡,CRM - Salesforce.com,0.68,,10980,$264.94,"$2,909,000",,$184.29,-30.44%,$180.24,$327.60,Robert Vinall - RV Capital GmbH,1
≡,DE - Deere & Co.,0.54,,5001,$465.51,"$2,328,000",,$600.84,29.07%,$400.36,$626.25,Robert Vinall - RV Capital GmbH,1
≡,PAYC - Paycom Software Inc.,0.46,,12395,$159.34,"$1,975,000",,$122.32,-23.23%,$104.90,$266.71,Robert Vinall - RV Capital GmbH,1
≡,AVGO - Broadcom Inc.,4.84,Reduce 3.37%,91137,$346.09,"$31,542,000",,$332.54,-3.92%,$137.28,$413.82,Torray Funds,1
≡,RPRX - Royalty Pharma plc,4.41,Add 5.90%,744355,$38.64,"$28,762,000",,$45.41,17.52%,$29.12,$46.14,Torray Funds,1
≡,PSX - Phillips 66,4.09,Reduce 1.08%,206595,$129.04,"$26,659,000",,$158.16,22.57%,$88.51,$163.79,Torray Funds,1
≡,TXN - Texas Instruments,3.73,Add 22.56%,140108,$173.49,"$24,307,000",,$225.69,30.09%,$135.67,$231.32,Torray Funds,1
≡,CNA - CNA Financial Corp.,3.61,Reduce 1.83%,493402,$47.74,"$23,555,000",,$49.66,4.02%,$42.45,$50.72,Torray Funds,1
≡,CVX - Chevron Corp.,3.38,Add 10.44%,144448,$152.41,"$22,015,000",,$180.55,18.46%,$126.35,$184.71,Torray Funds,1
≡,BX - Blackstone Group,3.3,Add 1.81%,139547,$154.14,"$21,510,000",,$131.39,-14.76%,$111.85,$186.25,Torray Funds,1
≡,ABBV - AbbVie Inc.,3.25,Reduce 8.80%,92687,$228.49,"$21,178,000",,$232.86,1.91%,$159.05,$241.12,Torray Funds,1
≡,AMGN - Amgen,3.25,Reduce 10.87%,64647,$327.32,"$21,160,000",,$373.36,14.07%,$253.48,$385.12,Torray Funds,1
≡,PFE - Pfizer Inc.,3.07,Add 6.72%,803571,$24.90,"$20,009,000",,$27.37,9.92%,$19.50,$27.94,Torray Funds,1
≡,PLD - Prologis Inc.,3.07,Add 4.48%,156755,$127.66,"$20,011,000",,$141.77,11.05%,$83.15,$141.95,Torray Funds,1
≡,UNH - United Health Group Inc.,3.0,Add 3.58%,59153,$330.11,"$19,527,000",,$289.09,-12.43%,$231.57,$594.32,Torray Funds,1
≡,PEP - PepsiCo Inc.,2.99,Add 10.64%,135674,$143.52,"$19,472,000",,$161.92,12.82%,$123.93,$171.48,Torray Funds,1
≡,OKE - ONEOK Inc.,2.93,Buy,259982,$73.50,"$19,109,000",,$85.61,16.48%,$63.16,$98.17,Torray Funds,1
≡,NEE - NextEra Energy Inc.,2.89,Reduce 1.43%,235026,$80.28,"$18,868,000",,$92.71,15.48%,$60.35,$95.56,Torray Funds,1
≡,MRSH - Marsh,2.78,Add 39.51%,97677,$185.52,"$18,121,000",,$175.83,-5.22%,$170.37,$244.59,Torray Funds,1
≡,AMZN - Amazon.com Inc.,2.56,Reduce 3.45%,72420,$230.82,"$16,716,000",,$201.15,-12.85%,$161.38,$258.60,Torray Funds,1
≡,MSFT - Microsoft Corp.,2.52,Reduce 4.42%,33960,$483.63,"$16,424,000",,$396.86,-17.94%,$342.95,$553.50,Torray Funds,1
≡,GOOGL - Alphabet Inc.,2.27,Reduce 5.94%,47278,$313.00,"$14,798,000",,$302.02,-3.51%,$140.14,$349.00,Torray Funds,1
≡,INTU - Intuit Inc.,2.2,Buy,21635,$662.40,"$14,331,000",,$379.17,-42.76%,$375.40,$810.72,Torray Funds,1
≡,AAPL - Apple Inc.,2.09,Reduce 6.27%,50061,$271.87,"$13,610,000",,$263.88,-2.94%,$168.48,$288.35,Torray Funds,1
≡,JPM - JPMorgan Chase & Co.,1.92,,38859,$322.22,"$12,521,000",,$307.13,-4.68%,$199.32,$335.87,Torray Funds,1
≡,CASY - Casey's Gen'l Stores,1.47,Reduce 3.10%,17310,$552.69,"$9,567,000",,$661.53,19.69%,$370.52,$678.67,Torray Funds,1
≡,AXP - American Express,1.38,Reduce 57.89%,24275,$369.97,"$8,981,000",,$344.53,-6.88%,$218.83,$386.63,Torray Funds,1
≡,APH - Amphenol Corp.,1.33,Reduce 21.54%,64103,$135.14,"$8,663,000",,$148.57,9.94%,$56.16,$167.04,Torray Funds,1
≡,TSM - Taiwan Semiconductor S.A.,1.26,Reduce 2.48%,26974,$303.89,"$8,197,000",,$364.20,19.85%,$133.00,$380.00,Torray Funds,1
≡,KLAC - KLA Corp.,1.23,Reduce 6.56%,6596,$1215.13,"$8,015,000",,$1470.19,20.99%,$547.18,$1691.15,Torray Funds,1
≡,TW - Tradeweb Markets Inc.,1.19,Add 361.36%,72041,$107.54,"$7,747,000",,$114.32,6.30%,$97.06,$152.21,Torray Funds,1
≡,VRTX - Vertex Pharmaceuticals,1.08,Reduce 4.85%,15466,$453.38,"$7,012,000",,$477.32,5.28%,$362.50,$519.68,Torray Funds,1
≡,V - Visa Inc.,1.06,Reduce 2.42%,19633,$350.69,"$6,885,000",,$319.50,-8.89%,$296.78,$373.34,Torray Funds,1
≡,CEG - Constellation Energy Corp.,1.03,Reduce 1.50%,19049,$353.25,"$6,729,000",,$303.01,-14.22%,$160.75,$412.23,Torray Funds,1
≡,CPRT - Copart Inc.,0.96,Add 12.29%,159824,$39.15,"$6,257,000",,$37.52,-4.16%,$36.52,$63.85,Torray Funds,1
≡,LZAGY - Lonza Group Ag Unspon ADR,0.96,Reduce 4.30%,92924,$67.19,"$6,244,000",,$68.48,1.92%,$55.23,$73.85,Torray Funds,1
≡,NOW - ServiceNow Inc.,0.95,Reduce 1.91%,40629,$153.19,"$6,224,000",,$105.91,-30.86%,$98.00,$211.48,Torray Funds,1
≡,AJG - Arthur J. Gallagher & Co.,0.92,Reduce 4.95%,23180,$258.80,"$5,999,000",,$214.00,-17.31%,$195.00,$348.84,Torray Funds,1
≡,ORLY - O'Reilly Automotive,0.88,Reduce 5.12%,62868,$91.21,"$5,734,000",,$92.60,1.52%,$85.55,$108.72,Torray Funds,1
≡,MS - Morgan Stanley,0.85,Reduce 21.63%,31138,$177.53,"$5,528,000",,$171.54,-3.37%,$91.86,$191.62,Torray Funds,1
≡,ADBE - Adobe Inc.,0.8,Reduce 9.05%,14892,$349.99,"$5,212,000",,$260.45,-25.58%,$251.10,$464.33,Torray Funds,1
≡,CNSWF - Constellation Software Inc.,0.79,Reduce 6.60%,2136,$2405.43,"$5,138,000",,$1737.54,-27.77%,$1612.70,$3994.67,Torray Funds,1
≡,VEEV - Veeva Systems Inc.,0.72,Reduce 3.43%,21132,$223.22,"$4,717,000",,$176.82,-20.79%,$168.14,$310.50,Torray Funds,1
≡,TYL - Tyler Technologies Inc.,0.65,Reduce 3.03%,9399,$453.98,"$4,267,000",,$312.48,-31.17%,$283.72,$647.11,Torray Funds,1
≡,RBC - RBC Bearings Inc.,0.63,Add 5.52%,9139,$448.41,"$4,098,000",,$552.93,23.31%,$297.28,$563.51,Torray Funds,1
≡,VRSK - Verisk Analytics Inc.,0.6,Reduce 1.22%,17364,$223.68,"$3,884,000",,$177.30,-20.73%,$164.60,$321.24,Torray Funds,1
≡,MPWR - Monolithic Power Systems,0.59,Add 7.38%,4249,$906.33,"$3,851,000",,$1173.18,29.44%,$436.42,$1250.00,Torray Funds,1
≡,SHW - Sherwin-Williams,0.58,Reduce 3.48%,11635,$324.02,"$3,770,000",,$367.94,13.55%,$306.78,$378.76,Torray Funds,1
≡,FN - Fabrinet,0.48,Add 1.23%,6823,$455.22,"$3,106,000",,$496.78,9.13%,$148.55,$531.22,Torray Funds,1
≡,RYAN - Ryan Specialty Holdings Inc,0.48,Add 30.62%,60384,$51.64,"$3,118,000",,$39.69,-23.14%,$37.29,$76.71,Torray Funds,1
≡,VUG - Vanguard Growth ETF,0.48,Reduce 25.66%,6436,$487.88,"$3,140,000",,$459.53,-5.81%,$315.12,$504.86,Torray Funds,1
≡,KRYS - Krystal Biotech Inc.,0.45,Add 0.71%,11985,$246.56,"$2,955,000",,$287.84,16.74%,$122.80,$298.30,Torray Funds,1
≡,NTRA - Natera Inc.,0.43,Add 1.68%,12100,$229.09,"$2,772,000",,$211.25,-7.79%,$125.38,$256.36,Torray Funds,1
≡,JKHY - Jack Henry & Associates Inc.,0.42,Add 18.13%,14991,$182.51,"$2,736,000",,$158.59,-13.11%,$143.64,$194.03,Torray Funds,1
≡,AXSM - Axsome Therapeutics Inc.,0.41,Reduce 15.07%,14794,$182.64,"$2,702,000",,$183.30,0.36%,$86.99,$191.50,Torray Funds,1
≡,BE - Bloom Energy Corp.,0.41,Reduce 15.96%,30786,$86.89,"$2,675,000",,$145.32,67.25%,$15.15,$176.49,Torray Funds,1
≡,DT - Dynatrace Inc.,0.4,Add 5.01%,59471,$43.33,"$2,577,000",,$36.63,-15.46%,$32.83,$62.66,Torray Funds,1
≡,HALO - Halozyme Therapeutics,0.39,Add 0.04%,38135,$67.29,"$2,566,000",,$80.48,19.60%,$47.50,$82.22,Torray Funds,1
≡,MTD - Mettler-Toledo International Inc.,0.36,Reduce 0.12%,1669,$1394.25,"$2,327,000",,$1353.24,-2.94%,$946.69,$1525.17,Torray Funds,1
≡,HURN - Huron Consulting Group Inc.,0.35,Add 141.04%,13016,$172.94,"$2,251,000",,$130.21,-24.71%,$120.25,$186.78,Torray Funds,1
≡,BWXT - BWX Technologies Inc.,0.34,Reduce 19.13%,12659,$172.84,"$2,188,000",,$201.09,16.34%,$83.78,$220.57,Torray Funds,1
≡,FCN - FTI Consulting Inc.,0.33,Add 33.01%,12451,$170.83,"$2,127,000",,$160.23,-6.20%,$149.31,$190.69,Torray Funds,1
≡,SNDX - Syndax Pharmaceuticals Inc.,0.32,Buy,97802,$21.01,"$2,055,000",,$20.34,-3.19%,$8.58,$22.73,Torray Funds,1
≡,COO - Cooper Cos Inc,0.31,Add 52.13%,24822,$81.94,"$2,034,000",,$81.94,0.00%,$61.78,$92.84,Torray Funds,1
≡,ENTG - Entegris Inc.,0.29,Add 2.88%,22784,$84.27,"$1,920,000",,$129.56,53.74%,$60.49,$138.99,Torray Funds,1
≡,GOOG - Alphabet Inc. CL C,0.29,Reduce 0.18%,6114,$313.87,"$1,919,000",,$302.82,-3.52%,$142.27,$350.15,Torray Funds,1
≡,QLYS - Qualys Inc.,0.29,Add 22.61%,14072,$132.89,"$1,870,000",,$103.91,-21.81%,$102.11,$155.47,Torray Funds,1
≡,CCC - CCC Intelligent Solutions Hldgs Inc.,0.26,Add 25.62%,210857,$7.95,"$1,676,000",,$5.04,-36.60%,$4.91,$10.88,Torray Funds,1
≡,VSTM - Verastem Inc.,0.26,Buy,216387,$7.72,"$1,671,000",,$5.86,-24.09%,$4.01,$11.25,Torray Funds,1
≡,BRK.B - Berkshire Hathaway CL B,0.22,Reduce 88.29%,2884,$502.77,"$1,450,000",,$503.41,0.13%,$455.19,$542.07,Torray Funds,1
≡,HD - Home Depot,0.22,Reduce 92.83%,4162,$344.07,"$1,432,000",,$383.04,11.33%,$320.39,$424.01,Torray Funds,1
≡,EVLV - Evolv Technologies Holdings,0.14,Reduce 20.92%,130325,$7.16,"$933,000",,$5.62,-21.51%,$2.64,$8.91,Torray Funds,1
≡,IWF - iShares Russell 1000 Growth ETF,0.14,Add 75.13%,1993,$473.16,"$943,000",,$449.35,-5.03%,$307.77,$492.50,Torray Funds,1
≡,JNJ - Johnson & Johnson,0.13,,4221,$207.06,"$874,000",,$243.33,17.52%,$138.40,$246.35,Torray Funds,1
≡,TSLA - Tesla Inc.,0.13,,1850,$449.73,"$832,000",,$410.63,-8.69%,$214.25,$498.83,Torray Funds,1
≡,POOL - Pool Corp.,0.12,Reduce 35.36%,3422,$228.81,"$783,000",,$255.46,11.65%,$226.10,$368.69,Torray Funds,1
≡,RKLB - Rocket Lab Corp.,0.1,,9000,$69.78,"$628,000",,$69.89,0.16%,$14.71,$99.58,Torray Funds,1
≡,NVDA - NVIDIA Corp.,0.09,,3055,$186.58,"$570,000",,$184.97,-0.86%,$86.60,$212.18,Torray Funds,1
≡,COST - Costco Co.,0.08,,628,$863.06,"$542,000",,$1012.05,17.26%,$842.91,$1065.16,Torray Funds,1
≡,ENB - Enbridge Inc.,0.08,Reduce 6.75%,11045,$47.80,"$528,000",,$51.44,7.62%,$37.36,$53.48,Torray Funds,1
≡,NOC - Northrop Grumman Corp.,0.08,,887,$570.46,"$506,000",,$701.12,22.90%,$418.96,$715.61,Torray Funds,1
≡,URI - United Rentals,0.08,,660,$809.09,"$534,000",,$863.28,6.70%,$521.32,$1017.04,Torray Funds,1
≡,DHR - Danaher Corp.,0.07,,1871,$228.75,"$428,000",,$206.36,-9.79%,$170.19,$242.80,Torray Funds,1
≡,LLY - Eli Lilly & Co.,0.07,,398,$1075.38,"$428,000",,$1036.05,-3.66%,$620.46,$1132.06,Torray Funds,1
≡,RYCEY - Rolls Royce Holdings Sp ADR,0.06,,25000,$15.72,"$393,000",,$17.62,12.09%,$7.58,$17.77,Torray Funds,1
≡,AMAT - Applied Materials,0.05,,1200,$256.67,"$308,000",,$359.13,39.92%,$122.79,$376.32,Torray Funds,1
≡,MMM - 3M Co.,0.05,,2000,$160.00,"$320,000",,$167.62,4.76%,$119.77,$176.62,Torray Funds,1
≡,RTX - RTX Corp.,0.05,,1689,$183.54,"$310,000",,$203.50,10.88%,$110.77,$206.48,Torray Funds,1
≡,EW - Edwards Lifesciences Corp.,0.04,,2994,$85.17,"$255,000",,$78.45,-7.89%,$65.94,$87.89,Torray Funds,1
≡,HON - Honeywell Int'l Inc.,0.04,,1245,$195.18,"$243,000",,$242.65,24.32%,$166.40,$245.63,Torray Funds,1
≡,VTI - Vanguard Total Stock Mkt ETF,0.04,Add 0.41%,742,$335.58,"$249,000",,$337.07,0.44%,$234.39,$344.42,Torray Funds,1
≡,WFC - Wells Fargo,0.04,,3000,$93.33,"$280,000",,$87.40,-6.35%,$57.18,$97.28,Torray Funds,1
≡,ABT - Abbott Labs,0.03,,1800,$125.56,"$226,000",,$112.26,-10.59%,$105.27,$138.63,Torray Funds,1
≡,EXPE - Expedia Group Inc.,0.03,Buy,724,$283.15,"$205,000",,$200.42,-29.22%,$129.24,$303.80,Torray Funds,1
≡,MSI - Motorola Solutions Inc.,0.03,,566,$383.39,"$217,000",,$457.76,19.40%,$359.36,$489.48,Torray Funds,1
≡,SLB - Schlumberger Ltd.,0.03,Buy,5681,$38.37,"$218,000",,$49.84,29.89%,$30.19,$52.40,Torray Funds,1
≡,TTE - TotalEnergies SE,3.59,,236380,$65.29,"$15,433,000",,$76.52,17.20%,$51.22,$77.77,Tweedy Browne Co. - Tweedy Browne Value Fund,1
≡,RHHVF - Roche Holdings AG DIV RT,3.56,Reduce 16.90%,36998,$414.27,"$15,327,000",,$478.66,15.54%,$277.00,$480.22,Tweedy Browne Co. - Tweedy Browne Value Fund,1
≡,WFC - Wells Fargo,3.54,Reduce 4.88%,163641,$93.20,"$15,251,000",,$87.40,-6.22%,$57.18,$97.28,Tweedy Browne Co. - Tweedy Browne Value Fund,1
≡,IONS - Ionis Pharmaceuticals Inc.,3.19,Reduce 8.87%,173535,$79.11,"$13,728,000",,$81.36,2.84%,$23.95,$86.74,Tweedy Browne Co. - Tweedy Browne Value Fund,1
≡,CNH - CNH Industrial NV,2.98,Add 113.48%,1388915,$9.22,"$12,806,000",,$13.09,41.97%,$9.00,$14.27,Tweedy Browne Co. - Tweedy Browne Value Fund,1
≡,BYNN.F - Rubis SCA,2.62,,299826,$37.65,"$11,289,000",,$31.57,-16.15%,$20.95,$36.89,Tweedy Browne Co. - Tweedy Browne Value Fund,1
≡,NSRGY - Nestle,2.57,,111780,$98.78,"$11,042,000",,$103.71,4.99%,$86.98,$108.38,Tweedy Browne Co. - Tweedy Browne Value Fund,1
≡,SAFRF - Safran SA,2.57,Reduce 29.59%,31707,$349.29,"$11,075,000",,$397.39,13.77%,$211.46,$400.51,Tweedy Browne Co. - Tweedy Browne Value Fund,1
≡,PUKPF - Prudential plc,2.48,,692967,$15.39,"$10,668,000",,$16.10,4.61%,$8.69,$16.10,Tweedy Browne Co. - Tweedy Browne Value Fund,1
≡,BRK.A - Berkshire Hathaway CL A,2.46,,14,$754785.71,"$10,567,000",,$754910.00,0.02%,$685150.00,$812855.00,Tweedy Browne Co. - Tweedy Browne Value Fund,1
≡,DHLGY - Deutsche Post AG,2.43,,190881,$54.88,"$10,476,000",,$58.44,6.49%,$33.94,$61.18,Tweedy Browne Co. - Tweedy Browne Value Fund,1
≡,JNJ - Johnson & Johnson,2.39,Reduce 1.44%,49752,$206.95,"$10,296,000",,$243.33,17.58%,$138.40,$246.35,Tweedy Browne Co. - Tweedy Browne Value Fund,1
≡,FDX - FedEx Corp.,2.36,,35160,$288.85,"$10,156,000",,$375.30,29.93%,$190.84,$381.99,Tweedy Browne Co. - Tweedy Browne Value Fund,1
≡,UOVEY - United Overseas Bank Ltd.,2.36,,371712,$27.26,"$10,134,000",,$61.05,123.95%,$42.27,$64.52,Tweedy Browne Co. - Tweedy Browne Value Fund,1
≡,GOOGL - Alphabet Inc.,2.09,Reduce 13.37%,28718,$313.01,"$8,989,000",,$302.02,-3.51%,$140.14,$349.00,Tweedy Browne Co. - Tweedy Browne Value Fund,1
≡,SSNLF - Samsung Electronics Co. Ltd.,2.05,,105905,$83.23,"$8,815,000",,$65.21,-21.65%,$38.59,$65.21,Tweedy Browne Co. - Tweedy Browne Value Fund,1
≡,NVST - Envista Holdings Corp.,1.88,,372000,$21.71,"$8,076,000",,$28.07,29.30%,$14.22,$30.42,Tweedy Browne Co. - Tweedy Browne Value Fund,1
≡,HKHHF - Heineken Holding NV,1.83,,107573,$73.29,"$7,884,000",,$80.50,9.84%,$65.91,$81.19,Tweedy Browne Co. - Tweedy Browne Value Fund,1
≡,BRK.B - Berkshire Hathaway CL B,1.75,,15000,$502.67,"$7,540,000",,$503.41,0.15%,$455.19,$542.07,Tweedy Browne Co. - Tweedy Browne Value Fund,1
≡,CVSGF - CVS Group plc,1.69,Add 19.93%,420661,$17.27,"$7,265,000",,$16.22,-6.08%,$10.15,$17.57,Tweedy Browne Co. - Tweedy Browne Value Fund,1
≡,NVS - Novartis AG,1.63,,50749,$138.35,"$7,021,000",,$166.17,20.11%,$97.72,$167.29,Tweedy Browne Co. - Tweedy Browne Value Fund,1
≡,VRTX - Vertex Pharmaceuticals,1.5,,14241,$453.34,"$6,456,000",,$477.32,5.29%,$362.50,$519.68,Tweedy Browne Co. - Tweedy Browne Value Fund,1
≡,BAESF - BAE Systems plc,1.49,,277290,$23.06,"$6,393,000",,$27.33,18.52%,$15.14,$29.60,Tweedy Browne Co. - Tweedy Browne Value Fund,1
≡,KEMIRA.HE - Kemira Oyj,1.48,,276019,$22.99,"$6,347,000",,,,,,Tweedy Browne Co. - Tweedy Browne Value Fund,1
≡,086790.KS - Hana Financial Group Inc.,1.45,,95475,$65.33,"$6,237,000",,,,,,Tweedy Browne Co. - Tweedy Browne Value Fund,1
≡,AN3.F - Alten SA,1.45,,73222,$85.08,"$6,230,000",,,,,,Tweedy Browne Co. - Tweedy Browne Value Fund,1
≡,SDXOF - Sodexo SA,1.41,Add 194.41%,117986,$51.32,"$6,055,000",,$56.19,9.49%,$47.01,$75.34,Tweedy Browne Co. - Tweedy Browne Value Fund,1
≡,CCC.L - Computacenter PLC,1.37,,150005,$39.41,"$5,912,000",,,,,,Tweedy Browne Co. - Tweedy Browne Value Fund,1
≡,WIPKF - Winpak Ltd,1.37,,180543,$32.55,"$5,876,000",,$36.90,13.36%,$26.11,$38.00,Tweedy Browne Co. - Tweedy Browne Value Fund,1
≡,UHAL - U-Haul Holding Co.,1.34,,122928,$46.74,"$5,746,000",,$50.25,7.51%,$47.84,$75.19,Tweedy Browne Co. - Tweedy Browne Value Fund,1
≡,FSNUF - Fresenius SE & Co KGaA,1.27,,94730,$57.52,"$5,449,000",,$55.90,-2.82%,$31.86,$58.16,Tweedy Browne Co. - Tweedy Browne Value Fund,1
≡,FUJHF - Subaru Corp.,1.26,,250250,$21.66,"$5,420,000",,$22.00,1.57%,$15.46,$24.40,Tweedy Browne Co. - Tweedy Browne Value Fund,1
≡,TFC - Truist Financial Corp.,1.26,,110450,$49.21,"$5,435,000",,$52.20,6.08%,$32.02,$55.63,Tweedy Browne Co. - Tweedy Browne Value Fund,1
≡,DEO - Diageo ADR,1.22,,60640,$86.26,"$5,231,000",,$96.45,11.81%,$84.52,$113.71,Tweedy Browne Co. - Tweedy Browne Value Fund,1
≡,AZE.BR - Azelis Group NV,1.2,,468965,$10.98,"$5,150,000",,,,,,Tweedy Browne Co. - Tweedy Browne Value Fund,1
≡,UNF - UniFirst Corp.,1.12,Buy,24945,$192.90,"$4,812,000",,$238.27,23.52%,$147.36,$241.32,Tweedy Browne Co. - Tweedy Browne Value Fund,1
≡,TBABF - Trelleborg AB,1.1,,111490,$42.60,"$4,749,000",,$32.25,-24.30%,$25.50,$37.95,Tweedy Browne Co. - Tweedy Browne Value Fund,1
≡,SSMXY - Sysmex Corp.,1.04,Buy,454800,$9.84,"$4,476,000",,$8.52,-13.41%,$8.15,$19.85,Tweedy Browne Co. - Tweedy Browne Value Fund,1
≡,JSG.L - Johnson Service Group Plc,1.0,Add 4.79%,2370063,$1.82,"$4,304,000",,,,,,Tweedy Browne Co. - Tweedy Browne Value Fund,1
≡,AZO - AutoZone Inc.,0.99,Reduce 5.71%,1254,$3391.55,"$4,253,000",,$3742.00,10.33%,$3210.72,$4388.11,Tweedy Browne Co. - Tweedy Browne Value Fund,1
≡,BAC - Bank of America Corp.,0.98,,76760,$55.00,"$4,222,000",,$52.74,-4.11%,$32.52,$57.55,Tweedy Browne Co. - Tweedy Browne Value Fund,1
≡,TYNPF - Nippon Sanso Holdings Corp.,0.97,,139680,$29.78,"$4,160,000",,$37.53,26.02%,$7.90,$39.89,Tweedy Browne Co. - Tweedy Browne Value Fund,1
≡,003550.KS - LG Corp.,0.92,,70858,$56.01,"$3,969,000",,,,,,Tweedy Browne Co. - Tweedy Browne Value Fund,1
≡,BIDU - Baidu Inc.,0.91,,231680,$16.89,"$3,914,000",,$137.33,713.08%,$74.71,$165.30,Tweedy Browne Co. - Tweedy Browne Value Fund,1
≡,BREE.L - Breedon Group plc,0.91,,881088,$4.43,"$3,901,000",,,,,,Tweedy Browne Co. - Tweedy Browne Value Fund,1
≡,4368.T - Fuso Chemical Co. Ltd.,0.89,,94205,$40.63,"$3,828,000",,,,,,Tweedy Browne Co. - Tweedy Browne Value Fund,1
≡,ARKAY - Arkema S.A.,0.88,,61785,$61.24,"$3,784,000",,$75.83,23.82%,$56.28,$86.60,Tweedy Browne Co. - Tweedy Browne Value Fund,1
≡,AALBF - Aalberts NV,0.87,,113350,$32.95,"$3,735,000",,$35.36,7.31%,$27.50,$36.87,Tweedy Browne Co. - Tweedy Browne Value Fund,1
≡,PAHGF - Pets at Home Group Plc,0.86,,1396111,$2.66,"$3,718,000",,$3.04,14.29%,$2.34,$3.82,Tweedy Browne Co. - Tweedy Browne Value Fund,1
≡,EPD - Enterprise Products Partners LP,0.8,,107535,$32.06,"$3,448,000",,$36.75,14.63%,$25.93,$37.31,Tweedy Browne Co. - Tweedy Browne Value Fund,1
≡,000858.SZ - Wuliangye Yibin Co.,0.76,,215487,$15.16,"$3,267,000",,,,,,Tweedy Browne Co. - Tweedy Browne Value Fund,1
≡,RNMBF - Rheinmetall AG,0.76,,1783,$1833.43,"$3,269,000",,$1930.50,5.29%,$834.68,$2398.68,Tweedy Browne Co. - Tweedy Browne Value Fund,1
≡,ALV - Autoliv Inc.,0.74,,26854,$118.72,"$3,188,000",,$125.43,5.65%,$73.89,$130.14,Tweedy Browne Co. - Tweedy Browne Value Fund,1
≡,INCH.L - Inchcape plc,0.68,,282425,$10.34,"$2,921,000",,$8.62,-16.63%,$8.62,$12.51,Tweedy Browne Co. - Tweedy Browne Value Fund,1
≡,HI6.F - Haitian International Holdings Ltd,0.67,,1006590,$2.85,"$2,866,000",,,,,,Tweedy Browne Co. - Tweedy Browne Value Fund,1
≡,LSDAF - Lassonde Industries Inc.,0.67,,18010,$160.13,"$2,884,000",,$154.11,-3.76%,$113.38,$168.47,Tweedy Browne Co. - Tweedy Browne Value Fund,1
≡,HWDN.L - Howden Joinery Group Plc,0.66,,252750,$11.20,"$2,830,000",,,,,,Tweedy Browne Co. - Tweedy Browne Value Fund,1
≡,GFTU.L - Grafton Group Plc,0.65,,223196,$12.59,"$2,810,000",,,,,,Tweedy Browne Co. - Tweedy Browne Value Fund,1
≡,4401.T - ADEKA Corp.,0.64,,110975,$24.73,"$2,744,000",,,,,,Tweedy Browne Co. - Tweedy Browne Value Fund,1
≡,7988.T - Nifco Inc.,0.62,,86160,$30.91,"$2,663,000",,,,,,Tweedy Browne Co. - Tweedy Browne Value Fund,1
≡,TLPFF - Teleperformance SE,0.58,Reduce 56.45%,34075,$72.63,"$2,475,000",,$62.93,-13.36%,$59.40,$110.17,Tweedy Browne Co. - Tweedy Browne Value Fund,1
≡,UNPSF - Uni-President China Holdings Ltd,0.57,,2349905,$1.04,"$2,455,000",,$0.87,-16.35%,$0.57,$0.87,Tweedy Browne Co. - Tweedy Browne Value Fund,1
≡,KOTMY - Koito Manufacturing Co Ltd,0.55,,160830,$14.74,"$2,370,000",,$16.27,10.38%,$10.43,$16.27,Tweedy Browne Co. - Tweedy Browne Value Fund,1
≡,2531.T - Takara Holdings Inc.,0.54,,225715,$10.25,"$2,314,000",,,,,,Tweedy Browne Co. - Tweedy Browne Value Fund,1
≡,BKGFF - Berkeley Group Holdings plc,0.54,,44185,$52.51,"$2,320,000",,$49.44,-5.85%,$45.77,$54.11,Tweedy Browne Co. - Tweedy Browne Value Fund,1
≡,SPSAF - Sopra Steria Group SA,0.52,,12410,$181.55,"$2,253,000",,$148.07,-18.44%,$148.07,$221.00,Tweedy Browne Co. - Tweedy Browne Value Fund,1
≡,9715.T - transcosmos Inc.,0.5,,87100,$24.75,"$2,156,000",,,,,,Tweedy Browne Co. - Tweedy Browne Value Fund,1
≡,HIZOF - Kanadevia Corp.,0.5,,352585,$6.06,"$2,137,000",,,,,,Tweedy Browne Co. - Tweedy Browne Value Fund,1
≡,7716.T - Nakanishi Inc.,0.49,,166240,$12.64,"$2,101,000",,,,,,Tweedy Browne Co. - Tweedy Browne Value Fund,1
≡,6250.T - Yamabiko Corp.,0.44,,99120,$18.96,"$1,879,000",,,,,,Tweedy Browne Co. - Tweedy Browne Value Fund,1
≡,1979.T - Taikisha Ltd,0.38,,77040,$21.02,"$1,619,000",,,,,,Tweedy Browne Co. - Tweedy Browne Value Fund,1
≡,FAGR.BR - Fagron NV,0.38,,66181,$25.02,"$1,656,000",,,,,,Tweedy Browne Co. - Tweedy Browne Value Fund,1
≡,6277.T - Hosokawa Micron Corp.,0.31,,37260,$35.99,"$1,341,000",,,,,,Tweedy Browne Co. - Tweedy Browne Value Fund,1
≡,9934.T - Inaba Denki Sangyo Co.,0.28,Add 100.00%,73190,$16.26,"$1,190,000",,,,,,Tweedy Browne Co. - Tweedy Browne Value Fund,1
≡,7839.T - Shoei Co. Ltd.,0.26,Add 24.27%,99420,$11.34,"$1,127,000",,,,,,Tweedy Browne Co. - Tweedy Browne Value Fund,1
≡,ATMU - Atmus Filtration Technologies Inc.,0.25,Reduce 57.55%,20470,$51.93,"$1,063,000",,$64.09,23.42%,$30.82,$66.00,Tweedy Browne Co. - Tweedy Browne Value Fund,1
≡,5122.T - Okamoto Industries Inc.,0.23,,28005,$34.89,"$977,000",,,,,,Tweedy Browne Co. - Tweedy Browne Value Fund,1
≡,145720.KS - Dentium Co.,0.21,,27774,$32.08,"$891,000",,,,,,Tweedy Browne Co. - Tweedy Browne Value Fund,1
≡,ALGGF - Alliance Global Group Inc.,0.21,,6542900,$0.14,"$911,000",,$0.12,-14.29%,$0.08,$0.17,Tweedy Browne Co. - Tweedy Browne Value Fund,1
≡,900925.SS - Shanghai Mechanical & Elect. Ind.,0.13,,345561,$1.59,"$549,000",,,,,,Tweedy Browne Co. - Tweedy Browne Value Fund,1
≡,MSFT - Microsoft Corp.,10.77,,1229855,$483.62,"$594,782,000",,$396.86,-17.94%,$342.95,$553.50,Mairs & Power Growth Fund,1
≡,NVDA - NVIDIA Corp.,9.42,Reduce 16.07%,2788838,$186.50,"$520,118,000",,$184.97,-0.82%,$86.60,$212.18,Mairs & Power Growth Fund,1
≡,AMZN - Amazon.com Inc.,6.99,,1672000,$230.82,"$385,931,000",,$201.15,-12.85%,$161.38,$258.60,Mairs & Power Growth Fund,1
≡,JPM - JPMorgan Chase & Co.,5.12,Reduce 7.87%,878000,$322.22,"$282,909,000",,$307.13,-4.68%,$199.32,$335.87,Mairs & Power Growth Fund,1
≡,GOOG - Alphabet Inc. CL C,4.03,,710145,$313.80,"$222,844,000",,$302.82,-3.50%,$142.27,$350.15,Mairs & Power Growth Fund,1
≡,AAPL - Apple Inc.,3.91,Add 3.93%,793800,$271.86,"$215,802,000",,$263.88,-2.94%,$168.48,$288.35,Mairs & Power Growth Fund,1
≡,RHHBY - Roche Holding AG ADR,3.17,,3392509,$51.57,"$174,952,000",,$58.51,13.46%,$34.75,$58.87,Mairs & Power Growth Fund,1
≡,GGG - Graco Inc.,3.06,,2059774,$81.97,"$168,840,000",,$94.30,15.04%,$71.10,$95.69,Mairs & Power Growth Fund,1
≡,UNH - United Health Group Inc.,3.01,Reduce 28.93%,503583,$330.11,"$166,238,000",,$289.09,-12.43%,$231.57,$594.32,Mairs & Power Growth Fund,1
≡,LLY - Eli Lilly & Co.,2.97,,152539,$1074.68,"$163,931,000",,$1036.05,-3.59%,$620.46,$1132.06,Mairs & Power Growth Fund,1
≡,META - Meta Platforms Inc.,2.93,Add 22.50%,245000,$660.09,"$161,722,000",,$639.29,-3.15%,$478.72,$795.06,Mairs & Power Growth Fund,1
≡,TTC - Toro Co.,2.85,,1999523,$78.72,"$157,402,000",,$100.18,27.26%,$61.38,$101.08,Mairs & Power Growth Fund,1
≡,V - Visa Inc.,2.82,,444000,$350.71,"$155,715,000",,$319.50,-8.90%,$296.78,$373.34,Mairs & Power Growth Fund,1
≡,WEC - WEC Energy Group,2.39,Add 1.63%,1250500,$105.46,"$131,878,000",,$115.45,9.47%,$97.35,$117.35,Mairs & Power Growth Fund,1
≡,MSI - Motorola Solutions Inc.,2.3,Add 14.73%,331000,$383.32,"$126,879,000",,$457.76,19.42%,$359.36,$489.48,Mairs & Power Growth Fund,1
≡,LNT - Alliant Energy,2.29,,1948000,$65.01,"$126,639,000",,$71.10,9.37%,$55.31,$72.26,Mairs & Power Growth Fund,1
≡,NVT - nVent Electric plc,2.2,Reduce 2.15%,1192748,$101.97,"$121,625,000",,$115.22,12.99%,$41.28,$120.85,Mairs & Power Growth Fund,1
≡,TSM - Taiwan Semiconductor S.A.,2.1,,382000,$303.89,"$116,086,000",,$364.20,19.85%,$133.00,$380.00,Mairs & Power Growth Fund,1
≡,LFUS - Littelfuse Inc.,2.05,,447254,$252.92,"$113,119,000",,$349.74,38.28%,$140.76,$367.35,Mairs & Power Growth Fund,1
≡,VZ - Verizon Communications,1.79,,2421000,$40.73,"$98,607,000",,$48.93,20.13%,$10.42,$50.24,Mairs & Power Growth Fund,1
≡,SHW - Sherwin-Williams,1.78,,304000,$324.03,"$98,505,000",,$367.94,13.55%,$306.78,$378.76,Mairs & Power Growth Fund,1
≡,FAST - Fastenal,1.73,,2383501,$40.13,"$95,650,000",,$45.69,13.85%,$34.58,$50.09,Mairs & Power Growth Fund,1
≡,TECH - Bio-Techne Corp.,1.55,,1453800,$58.81,"$85,498,000",,$58.50,-0.53%,$45.74,$72.06,Mairs & Power Growth Fund,1
≡,CHRW - C.H. Robinson Worldwide,1.53,,525000,$160.76,"$84,399,000",,$177.38,10.34%,$83.39,$203.34,Mairs & Power Growth Fund,1
≡,FUL - H.B. Fuller Co.,1.46,Add 7.13%,1352674,$59.46,"$80,430,000",,$66.92,12.55%,$46.81,$68.63,Mairs & Power Growth Fund,1
≡,ECL - Ecolab Inc.,1.32,,278015,$262.52,"$72,984,000",,$303.80,15.72%,$219.93,$306.52,Mairs & Power Growth Fund,1
≡,ROK - Rockwell Automation Inc.,1.27,Reduce 28.00%,180000,$389.07,"$70,033,000",,$388.47,-0.15%,$212.49,$438.72,Mairs & Power Growth Fund,1
≡,ENTG - Entegris Inc.,1.25,Add 29.27%,817000,$84.25,"$68,832,000",,$129.56,53.78%,$60.49,$138.99,Mairs & Power Growth Fund,1
≡,WFC - Wells Fargo,1.13,Reduce 35.37%,669248,$93.20,"$62,374,000",,$87.40,-6.22%,$57.18,$97.28,Mairs & Power Growth Fund,1
≡,FISV - Fiserv Inc.,1.06,,873395,$67.17,"$58,666,000",,$63.45,-5.54%,$57.79,$238.59,Mairs & Power Growth Fund,1
≡,JNJ - Johnson & Johnson,0.99,Reduce 34.61%,265301,$206.95,"$54,904,000",,$243.33,17.58%,$138.40,$246.35,Mairs & Power Growth Fund,1
≡,HRL - Hormel Foods Corp.,0.93,,2171592,$23.70,"$51,467,000",,$23.44,-1.10%,$20.77,$30.78,Mairs & Power Growth Fund,1
≡,TNC - Tennant Co.,0.81,Reduce 23.19%,603700,$73.70,"$44,493,000",,$83.01,12.63%,$66.53,$89.07,Mairs & Power Growth Fund,1
≡,CRM - Salesforce.com,0.77,,161277,$264.91,"$42,724,000",,$184.29,-30.43%,$180.24,$327.60,Mairs & Power Growth Fund,1
≡,PIPR - Piper Sandler Companies,0.77,,125500,$339.71,"$42,634,000",,$320.00,-5.80%,$201.54,$380.26,Mairs & Power Growth Fund,1
≡,QCOM - QUALCOMM Inc.,0.73,Reduce 18.90%,236000,$171.05,"$40,368,000",,$142.63,-16.62%,$118.79,$204.90,Mairs & Power Growth Fund,1
≡,WK - Workiva Inc.,0.68,,432857,$86.25,"$37,334,000",,$58.00,-32.75%,$57.41,$97.10,Mairs & Power Growth Fund,1
≡,IDA - IDACORP Inc. Hldg. Co.,0.54,Add 4.44%,235000,$126.56,"$29,742,000",,$143.12,13.08%,$105.98,$145.94,Mairs & Power Growth Fund,1
≡,ISRG - Intuitive Surgical Inc.,0.51,Buy,50000,$566.36,"$28,318,000",,$493.35,-12.89%,$425.00,$609.08,Mairs & Power Growth Fund,1
≡,MEDP - Medpace Holdings Inc.,0.51,,50000,$561.66,"$28,083,000",,$428.18,-23.77%,$250.05,$628.92,Mairs & Power Growth Fund,1
≡,PANW - Palo Alto Networks,0.51,Add 116.61%,151624,$184.20,"$27,929,000",,$163.50,-11.24%,$144.15,$223.61,Mairs & Power Growth Fund,1
≡,KHC - Kraft Heinz Co.,0.49,Reduce 26.40%,1115000,$24.25,"$27,039,000",,$23.78,-1.94%,$21.99,$31.87,Mairs & Power Growth Fund,1
≡,CGNX - Cognex Corp.,0.47,Add 123.08%,725000,$35.98,"$26,086,000",,$57.09,58.67%,$22.52,$59.88,Mairs & Power Growth Fund,1
≡,CASY - Casey's Gen'l Stores,0.43,,42748,$552.70,"$23,627,000",,$661.53,19.69%,$370.52,$678.67,Mairs & Power Growth Fund,1
≡,ZTS - Zoetis Inc.,0.41,Buy,180000,$125.82,"$22,648,000",,$125.56,-0.21%,$114.76,$174.46,Mairs & Power Growth Fund,1
≡,CLFD - Clearfield Inc.,0.23,,440447,$29.15,"$12,839,000",,$32.35,10.98%,$23.78,$46.76,Mairs & Power Growth Fund,1
≡,SCHW - Charles Schwab Corp.,4.44,Reduce 8.88%,52225135,$99.91,"$5,217,813,000",,$93.08,-6.84%,$65.08,$107.14,Dodge & Cox,1
≡,RTX - RTX Corp.,3.93,Reduce 7.12%,25204600,$183.40,"$4,622,524,000",,$203.50,10.96%,$110.77,$206.48,Dodge & Cox,1
≡,JCI - Johnson Controls Intl. plc,3.02,Reduce 7.79%,29666817,$119.75,"$3,552,601,000",,$142.21,18.76%,$67.31,$143.17,Dodge & Cox,1
≡,CVS - CVS Health Corp.,2.83,Reduce 13.21%,41853204,$79.36,"$3,321,470,000",,$78.20,-1.46%,$56.79,$84.46,Dodge & Cox,1
≡,FDX - FedEx Corp.,2.6,Reduce 4.44%,10559255,$288.86,"$3,050,146,000",,$375.30,29.92%,$190.84,$381.99,Dodge & Cox,1
≡,MET - MetLife Inc.,2.57,Reduce 2.57%,38238918,$78.94,"$3,018,580,000",,$78.58,-0.46%,$63.33,$84.87,Dodge & Cox,1
≡,GOOGL - Alphabet Inc.,2.25,Reduce 4.99%,8460700,$313.00,"$2,648,199,000",,$302.02,-3.51%,$140.14,$349.00,Dodge & Cox,1
≡,TSM - Taiwan Semiconductor S.A.,2.14,Reduce 1.80%,51459000,$48.85,"$2,513,946,000",,$364.20,645.55%,$133.00,$380.00,Dodge & Cox,1
≡,GSK - GSK plc,2.11,Reduce 13.45%,50557077,$49.04,"$2,479,319,000",,$60.87,24.12%,$31.38,$61.03,Dodge & Cox,1
≡,GILD - Gilead Sciences,2.04,Reduce 13.80%,19505112,$122.74,"$2,394,057,000",,$155.27,26.50%,$91.47,$157.29,Dodge & Cox,1
≡,REGN - Regeneron Pharmaceuticals,1.97,Add 2.46%,2994704,$771.87,"$2,311,522,000",,$793.53,2.81%,$475.17,$821.11,Dodge & Cox,1
≡,META - Meta Platforms Inc.,1.96,Add 28.28%,3492200,$660.09,"$2,305,166,000",,$639.29,-3.15%,$478.72,$795.06,Dodge & Cox,1
≡,AMZN - Amazon.com Inc.,1.93,Reduce 7.86%,9834700,$230.82,"$2,270,045,000",,$201.15,-12.85%,$161.38,$258.60,Dodge & Cox,1
≡,CMCSA - Comcast Corp.,1.92,,75418594,$29.89,"$2,254,262,000",,$31.55,5.55%,$23.89,$34.24,Dodge & Cox,1
≡,OXY - Occidental Petroleum,1.91,,54696940,$41.12,"$2,249,138,000",,$45.94,11.72%,$34.21,$51.45,Dodge & Cox,1
≡,MSFT - Microsoft Corp.,1.89,Reduce 6.52%,4590300,$483.62,"$2,219,961,000",,$396.86,-17.94%,$342.95,$553.50,Dodge & Cox,1
≡,BK - Bank of New York Mellon Corp.,1.88,Reduce 27.82%,19000524,$116.09,"$2,205,771,000",,$118.80,2.33%,$69.01,$128.76,Dodge & Cox,1
≡,FIS - Fidelity National Information Services,1.88,Add 14.81%,33304400,$66.46,"$2,213,410,000",,$47.52,-28.50%,$46.16,$81.76,Dodge & Cox,1
≡,WFC - Wells Fargo,1.83,Reduce 17.18%,23048541,$93.20,"$2,148,124,000",,$87.40,-6.22%,$57.18,$97.28,Dodge & Cox,1
≡,FISV - Fiserv Inc.,1.82,Add 20.10%,31869400,$67.17,"$2,140,668,000",,$63.45,-5.54%,$57.79,$238.59,Dodge & Cox,1
≡,SNY - Sanofi Aventis,1.76,Reduce 19.58%,42709825,$48.46,"$2,069,718,000",,$46.43,-4.19%,$44.62,$57.56,Dodge & Cox,1
≡,UNH - United Health Group Inc.,1.76,Reduce 3.57%,6279460,$330.11,"$2,072,913,000",,$289.09,-12.43%,$231.57,$594.32,Dodge & Cox,1
≡,CI - Cigna Group,1.75,Add 18.78%,7457383,$275.23,"$2,052,496,000",,$290.71,5.62%,$238.17,$344.64,Dodge & Cox,1
≡,CHTR - Charter Communications,1.74,Add 23.32%,9791376,$208.75,"$2,043,950,000",,$237.01,13.54%,$180.38,$437.06,Dodge & Cox,1
≡,HUM - Humana Inc.,1.65,,7551500,$256.13,"$1,934,166,000",,$184.99,-27.77%,$169.61,$313.18,Dodge & Cox,1
≡,GOOG - Alphabet Inc. CL C,1.64,Reduce 10.92%,6146460,$313.80,"$1,928,759,000",,$302.82,-3.50%,$142.27,$350.15,Dodge & Cox,1
≡,BKNG - Booking Holdings Inc.,1.61,Add 4.52%,353530,$5355.33,"$1,893,270,000",,$4140.15,-22.69%,$4020.54,$5818.25,Dodge & Cox,1
≡,ASHTF - Ashtead Group plc,1.54,,26496300,$68.23,"$1,807,712,000",,$71.25,4.43%,$44.80,$76.61,Dodge & Cox,1
≡,NSC - Norfolk Southern Corp.,1.53,Reduce 12.45%,6238800,$288.72,"$1,801,266,000",,$316.12,9.49%,$197.60,$319.94,Dodge & Cox,1
≡,GEHC - GE HealthCare Technologies Inc.,1.47,Add 17.23%,21100966,$82.02,"$1,730,701,000",,$81.61,-0.50%,$57.54,$93.09,Dodge & Cox,1
≡,TEL - TE Connectivity plc,1.42,Reduce 7.83%,7315975,$227.51,"$1,664,457,000",,$235.90,3.69%,$115.00,$249.84,Dodge & Cox,1
≡,COF - Capital One Financial,1.36,Reduce 25.85%,6601535,$242.36,"$1,599,948,000",,$206.74,-14.70%,$141.84,$259.64,Dodge & Cox,1
≡,BUD - Anheuser-Busch InBev,1.35,Reduce 10.05%,24746585,$64.04,"$1,584,771,000",,$79.29,23.81%,$51.43,$81.56,Dodge & Cox,1
≡,FTV - Fortive Corp.,1.34,Add 3.82%,28566975,$55.21,"$1,577,183,000",,$56.81,2.90%,$46.10,$63.54,Dodge & Cox,1
≡,APD - Air Products & Chemicals,1.29,Add 2.37%,6137551,$247.02,"$1,516,098,000",,$277.69,12.42%,$227.45,$313.12,Dodge & Cox,1
≡,SBAC - SBA Communications Corp.,1.28,Add 25.76%,7757000,$193.43,"$1,500,437,000",,$203.12,5.01%,$177.49,$241.44,Dodge & Cox,1
≡,ZBH - Zimmer Biomet Holdings,1.19,,15549900,$89.92,"$1,398,247,000",,$97.15,8.04%,$84.59,$113.56,Dodge & Cox,1
≡,BKR - Baker Hughes Co.,1.17,Reduce 8.52%,30154866,$45.54,"$1,373,253,000",,$59.86,31.44%,$32.93,$62.04,Dodge & Cox,1
≡,SUI - Sun Communities Inc.,1.15,,10948300,$123.91,"$1,356,604,000",,$131.47,6.10%,$103.13,$133.10,Dodge & Cox,1
≡,AON - Aon Plc,1.11,Add 104.83%,3684200,$352.88,"$1,300,080,000",,$325.96,-7.63%,$304.59,$409.47,Dodge & Cox,1
≡,ELAN - Elanco Animal Health Inc.,1.02,Reduce 4.01%,53122900,$22.63,"$1,202,171,000",,$24.86,9.85%,$8.02,$26.08,Dodge & Cox,1
≡,IFF - International Flavors & Fragrances Inc.,1.0,,17514000,$67.39,"$1,180,268,000",,$82.74,22.78%,$58.78,$84.47,Dodge & Cox,1
≡,HLNCF - Haleon plc,0.96,Reduce 1.72%,111605661,$10.11,"$1,128,333,000",,$5.75,-43.13%,$4.25,$5.77,Dodge & Cox,1
≡,WTW - Willis Towers Watson plc,0.94,Add 142.96%,3376496,$328.60,"$1,109,517,000",,$295.50,-10.07%,$275.60,$351.81,Dodge & Cox,1
≡,GS - Goldman Sachs Group,0.93,Reduce 21.64%,1239100,$879.00,"$1,089,169,000",,$916.04,4.21%,$432.73,$984.70,Dodge & Cox,1
≡,GE - GE Aerospace,0.92,Reduce 20.69%,3498700,$308.03,"$1,077,705,000",,$327.08,6.18%,$158.75,$332.79,Dodge & Cox,1
≡,CTSH - Cognizant Technology Solutions,0.82,Reduce 8.43%,11631677,$83.00,"$965,429,000",,$65.18,-21.47%,$64.28,$88.42,Dodge & Cox,1
≡,LPLA - LPL Financial Holdings Inc.,0.81,Add 15.94%,2649927,$357.17,"$946,474,000",,$322.19,-9.79%,$262.20,$402.91,Dodge & Cox,1
≡,TMUS - T-Mobile US Inc.,0.81,Add 66.65%,4664337,$203.04,"$947,047,000",,$219.61,8.16%,$181.36,$273.15,Dodge & Cox,1
≡,NVS - Novartis AG,0.8,Reduce 16.52%,6797608,$137.87,"$937,186,000",,$166.17,20.53%,$97.72,$167.29,Dodge & Cox,1
≡,BN - Brookfield Corp.,0.79,Buy,20332450,$45.89,"$933,056,000",,$47.78,4.12%,$28.95,$49.57,Dodge & Cox,1
≡,D - Dominion Energy Inc.,0.79,Reduce 3.14%,15820300,$58.59,"$926,911,000",,$65.65,12.05%,$46.43,$67.57,Dodge & Cox,1
≡,INCY - Incyte Corp.,0.76,Reduce 4.73%,8987414,$98.77,"$887,687,000",,$101.16,2.42%,$53.56,$112.29,Dodge & Cox,1
≡,AVTR - Avantor Inc.,0.73,,74871715,$11.46,"$858,030,000",,$9.05,-21.03%,$8.90,$18.02,Dodge & Cox,1
≡,RHHBY - Roche Holding AG ADR,0.73,Reduce 15.50%,16637999,$51.57,"$858,022,000",,$58.51,13.46%,$34.75,$58.87,Dodge & Cox,1
≡,BAX - Baxter International Inc.,0.63,,38623700,$19.11,"$738,099,000",,$20.74,8.53%,$17.39,$37.25,Dodge & Cox,1
≡,COP - ConocoPhillips,0.61,,7617834,$93.61,"$713,105,000",,$108.78,16.21%,$77.23,$112.10,Dodge & Cox,1
≡,FOXA - Fox Corporation,0.58,Reduce 12.42%,9349875,$73.07,"$683,195,000",,$56.43,-22.77%,$46.21,$76.39,Dodge & Cox,1
≡,ADM - Archer-Daniels-Midland,0.56,Add 15.07%,11515000,$57.49,"$661,997,000",,$68.57,19.27%,$39.58,$69.57,Dodge & Cox,1
≡,AEP - American Electric Power,0.56,Reduce 3.26%,5707400,$115.31,"$658,120,000",,$130.24,12.95%,$95.15,$132.78,Dodge & Cox,1
≡,TDY - Teledyne Technologies,0.56,,1287100,$510.73,"$657,361,000",,$649.35,27.14%,$419.00,$674.63,Dodge & Cox,1
≡,TAP - Molson Coors Beverage Co.,0.55,,13942525,$46.68,"$650,837,000",,$50.90,9.04%,$42.50,$62.82,Dodge & Cox,1
≡,HPQ - HP Inc.,0.5,,26237456,$22.28,"$584,571,000",,$18.49,-17.01%,$18.26,$33.78,Dodge & Cox,1
≡,ADBE - Adobe Inc.,0.49,Add 34.89%,1640100,$349.99,"$574,019,000",,$260.45,-25.58%,$251.10,$464.33,Dodge & Cox,1
≡,BMRN - BioMarin Pharmaceutical Inc.,0.49,,9769625,$59.43,"$580,609,000",,$59.95,0.87%,$50.76,$73.51,Dodge & Cox,1
≡,NBIX - Neurocrine Biosciences Inc.,0.48,,3964000,$141.83,"$562,214,000",,$127.76,-9.92%,$84.23,$160.18,Dodge & Cox,1
≡,MDT - Medtronic plc,0.47,,5743900,$96.06,"$551,759,000",,$96.41,0.36%,$77.73,$105.55,Dodge & Cox,1
≡,CARR - Carrier Global Corp.,0.45,,9932779,$52.84,"$524,848,000",,$66.43,25.72%,$50.03,$80.43,Dodge & Cox,1
≡,ALNY - Alnylam Pharmaceuticals,0.42,Reduce 15.27%,1233200,$397.65,"$490,382,000",,$332.61,-16.36%,$205.87,$495.55,Dodge & Cox,1
≡,VFC - V.F. Corp.,0.42,,27374300,$18.08,"$494,927,000",,$20.09,11.12%,$9.24,$26.10,Dodge & Cox,1
≡,LYB - LyondellBasell Industries,0.41,,11197363,$43.30,"$484,846,000",,$55.98,29.28%,$40.42,$72.64,Dodge & Cox,1
≡,STT - State Street Corp.,0.41,Reduce 31.77%,3709700,$129.01,"$478,588,000",,$128.00,-0.78%,$71.30,$137.05,Dodge & Cox,1
≡,GLPI - Gaming and Leisure Properties Inc.,0.39,,10141681,$44.69,"$453,232,000",,$47.27,5.77%,$41.17,$48.87,Dodge & Cox,1
≡,AEG - Aegon Ltd,0.38,Reduce 18.18%,57563139,$7.71,"$443,812,000",,$7.75,0.52%,$5.10,$8.15,Dodge & Cox,1
≡,CE - Celanese Corp.,0.36,,10127698,$42.28,"$428,199,000",,$55.74,31.84%,$35.13,$70.13,Dodge & Cox,1
≡,RAL - Ralliant Corp.,0.34,Add 15.16%,7893376,$50.91,"$401,852,000",,$44.50,-12.59%,$37.27,$57.02,Dodge & Cox,1
≡,FOX - Fox Corporation CL B,0.29,,5283865,$64.93,"$343,081,000",,$51.60,-20.53%,$42.96,$68.18,Dodge & Cox,1
≡,BMY - Bristol-Myers Squibb,0.23,Reduce 3.68%,5112039,$53.94,"$275,743,000",,$60.35,11.88%,$41.88,$62.05,Dodge & Cox,1
≡,MCHP - Microchip Technology,0.23,,4227400,$63.72,"$269,370,000",,$78.94,23.89%,$33.33,$83.35,Dodge & Cox,1
≡,NWSA - News Corp.,0.22,,9974090,$26.12,"$260,523,000",,$23.19,-11.22%,$22.20,$31.61,Dodge & Cox,1
≡,IEX - IDEX Corp.,0.12,Buy,808831,$177.94,"$143,923,000",,$209.21,17.57%,$151.00,$217.16,Dodge & Cox,1
≡,MSFT - Microsoft Corp.,6.2,Add 0.55%,142717,$483.62,"$69,021,000",,$396.86,-17.94%,$342.95,$553.50,David Katz - Matrix Asset Advisors,1
≡,MAVF - Matrix Advisors Value ETF,4.53,Add 0.16%,414930,$121.59,"$50,453,000",,$125.82,3.48%,$84.40,$128.38,David Katz - Matrix Asset Advisors,1
≡,GOOG - Alphabet Inc. CL C,4.45,Reduce 1.86%,157612,$313.80,"$49,459,000",,$302.82,-3.50%,$142.27,$350.15,David Katz - Matrix Asset Advisors,1
≡,MS - Morgan Stanley,4.16,Reduce 2.95%,260503,$177.53,"$46,247,000",,$171.54,-3.37%,$91.86,$191.62,David Katz - Matrix Asset Advisors,1
≡,JPM - JPMorgan Chase & Co.,3.94,Reduce 1.91%,136135,$322.22,"$43,866,000",,$307.13,-4.68%,$199.32,$335.87,David Katz - Matrix Asset Advisors,1
≡,AAPL - Apple Inc.,3.59,Reduce 1.18%,146802,$271.86,"$39,910,000",,$263.88,-2.94%,$168.48,$288.35,David Katz - Matrix Asset Advisors,1
≡,PNC - PNC Financial Services,3.58,Add 0.35%,191080,$208.73,"$39,884,000",,$231.24,10.78%,$140.02,$243.94,David Katz - Matrix Asset Advisors,1
≡,USB - U.S. Bancorp,3.4,Reduce 0.91%,709254,$53.36,"$37,846,000",,$58.17,9.01%,$34.10,$61.19,David Katz - Matrix Asset Advisors,1
≡,QCOM - QUALCOMM Inc.,3.34,Add 0.24%,217557,$171.05,"$37,213,000",,$142.63,-16.62%,$118.79,$204.90,David Katz - Matrix Asset Advisors,1
≡,MDT - Medtronic plc,3.19,Reduce 0.29%,369541,$96.06,"$35,498,000",,$96.41,0.36%,$77.73,$105.55,David Katz - Matrix Asset Advisors,1
≡,AMGN - Amgen,3.05,Reduce 2.52%,103549,$327.30,"$33,892,000",,$373.36,14.07%,$253.48,$385.12,David Katz - Matrix Asset Advisors,1
≡,BK - Bank of New York Mellon Corp.,2.73,Reduce 2.67%,261427,$116.09,"$30,349,000",,$118.80,2.33%,$69.01,$128.76,David Katz - Matrix Asset Advisors,1
≡,PEP - PepsiCo Inc.,2.64,Add 3.90%,204668,$143.52,"$29,374,000",,$161.92,12.82%,$123.93,$171.48,David Katz - Matrix Asset Advisors,1
≡,AMZN - Amazon.com Inc.,2.6,Reduce 0.42%,125319,$230.82,"$28,926,000",,$201.15,-12.85%,$161.38,$258.60,David Katz - Matrix Asset Advisors,1
≡,GS - Goldman Sachs Group,2.21,Reduce 2.36%,27996,$878.98,"$24,608,000",,$916.04,4.22%,$432.73,$984.70,David Katz - Matrix Asset Advisors,1
≡,TXN - Texas Instruments,2.09,Add 30.84%,133884,$173.49,"$23,228,000",,$225.69,30.09%,$135.67,$231.32,David Katz - Matrix Asset Advisors,1
≡,TSN - Tyson Foods,1.96,Add 2.51%,372014,$58.62,"$21,807,000",,$62.90,7.30%,$50.12,$66.41,David Katz - Matrix Asset Advisors,1
≡,NEE - NextEra Energy Inc.,1.93,Reduce 1.42%,267857,$80.28,"$21,504,000",,$92.71,15.48%,$60.35,$95.56,David Katz - Matrix Asset Advisors,1
≡,AEP - American Electric Power,1.92,Reduce 3.05%,185281,$115.31,"$21,365,000",,$130.24,12.95%,$95.15,$132.78,David Katz - Matrix Asset Advisors,1
≡,META - Meta Platforms Inc.,1.91,Add 14.40%,32186,$660.10,"$21,246,000",,$639.29,-3.15%,$478.72,$795.06,David Katz - Matrix Asset Advisors,1
≡,WFC - Wells Fargo,1.82,Reduce 0.91%,216756,$93.20,"$20,202,000",,$87.40,-6.22%,$57.18,$97.28,David Katz - Matrix Asset Advisors,1
≡,SBUX - Starbucks Corp.,1.71,Add 1.73%,226198,$84.21,"$19,048,000",,$95.39,13.28%,$73.47,$114.31,David Katz - Matrix Asset Advisors,1
≡,AMAT - Applied Materials,1.66,Reduce 0.99%,71798,$256.98,"$18,451,000",,$359.13,39.75%,$122.79,$376.32,David Katz - Matrix Asset Advisors,1
≡,CMCSA - Comcast Corp.,1.61,Reduce 29.10%,600301,$29.89,"$17,943,000",,$31.55,5.55%,$23.89,$34.24,David Katz - Matrix Asset Advisors,1
≡,VOO - Vanguard S&P 500 ETF,1.59,Add 3.24%,28186,$627.16,"$17,677,000",,$627.99,0.13%,$438.94,$641.81,David Katz - Matrix Asset Advisors,1
≡,HD - Home Depot,1.56,Add 5.02%,50466,$344.11,"$17,366,000",,$383.04,11.31%,$320.39,$424.01,David Katz - Matrix Asset Advisors,1
≡,MTB - M&T Bank Corp.,1.56,Reduce 1.07%,86333,$201.48,"$17,394,000",,$228.36,13.34%,$147.35,$239.00,David Katz - Matrix Asset Advisors,1
≡,LMT - Lockheed Martin Corp.,1.44,Add 43.88%,33077,$483.66,"$15,998,000",,$649.58,34.31%,$404.07,$656.34,David Katz - Matrix Asset Advisors,1
≡,FDX - FedEx Corp.,1.43,Reduce 0.76%,55079,$288.86,"$15,910,000",,$375.30,29.92%,$190.84,$381.99,David Katz - Matrix Asset Advisors,1
≡,LOW - Lowe's Cos.,1.41,Add 7.28%,65036,$241.16,"$15,684,000",,$281.16,16.59%,$202.31,$293.06,David Katz - Matrix Asset Advisors,1
≡,PYPL - PayPal Holdings Inc.,1.41,Add 6.53%,267919,$58.38,"$15,641,000",,$40.81,-30.10%,$38.46,$79.32,David Katz - Matrix Asset Advisors,1
≡,GNRC - Generac Holdings Inc.,1.38,Add 68.92%,112991,$136.37,"$15,409,000",,$233.46,71.20%,$99.50,$236.00,David Katz - Matrix Asset Advisors,1
≡,VEA - Vanguard FTSE Developed ETF,1.32,Add 6.60%,234854,$62.47,"$14,671,000",,$68.58,9.78%,$43.83,$69.40,David Katz - Matrix Asset Advisors,1
≡,VYM - Vanguard High Dvd Yield ETF,1.27,Add 10.27%,98624,$143.52,"$14,155,000",,$155.13,8.09%,$109.92,$157.29,David Katz - Matrix Asset Advisors,1
≡,TGT - Target Corp.,1.26,Reduce 19.21%,143580,$97.75,"$14,035,000",,$116.54,19.22%,$82.60,$125.93,David Katz - Matrix Asset Advisors,1
≡,TMO - Thermo Fisher Scientific,1.11,Reduce 0.79%,21341,$579.45,"$12,366,000",,$501.59,-13.44%,$384.82,$643.99,David Katz - Matrix Asset Advisors,1
≡,LHX - L3Harris Technologies Inc.,1.07,Reduce 1.85%,40674,$293.58,"$11,941,000",,$346.59,18.06%,$189.46,$369.59,David Katz - Matrix Asset Advisors,1
≡,IWF - iShares Russell 1000 Growth ETF,1.03,Add 3.55%,24187,$473.31,"$11,448,000",,$449.35,-5.06%,$307.77,$492.50,David Katz - Matrix Asset Advisors,1
≡,TEL - TE Connectivity plc,0.95,Reduce 2.08%,46558,$227.50,"$10,592,000",,$235.90,3.69%,$115.00,$249.84,David Katz - Matrix Asset Advisors,1
≡,GD - General Dynamics,0.9,Reduce 3.87%,29725,$336.65,"$10,007,000",,$342.52,1.74%,$234.67,$369.70,David Katz - Matrix Asset Advisors,1
≡,ABBV - AbbVie Inc.,0.79,Reduce 1.36%,38285,$228.50,"$8,748,000",,$232.86,1.91%,$159.05,$241.12,David Katz - Matrix Asset Advisors,1
≡,CSCO - Cisco Systems,0.78,Reduce 16.41%,112308,$77.03,"$8,651,000",,$76.85,-0.23%,$51.21,$88.19,David Katz - Matrix Asset Advisors,1
≡,IJR - Ishares Core S&P Small Cap E,0.68,Add 8.96%,62874,$120.18,"$7,556,000",,$130.81,8.85%,$88.15,$133.52,David Katz - Matrix Asset Advisors,1
≡,STZ - Constellation Brands,0.56,Add 16.81%,45412,$137.96,"$6,265,000",,$152.70,10.68%,$125.63,$192.99,David Katz - Matrix Asset Advisors,1
≡,BRK.B - Berkshire Hathaway CL B,0.52,Reduce 0.05%,11595,$502.63,"$5,828,000",,$503.41,0.16%,$455.19,$542.07,David Katz - Matrix Asset Advisors,1
≡,IWR - Ishares Russell Mid Cap ETF,0.51,Add 1.57%,58927,$96.27,"$5,673,000",,$101.66,5.60%,$72.42,$103.29,David Katz - Matrix Asset Advisors,1
≡,ACN - Accenture,0.47,Add 110.58%,19679,$268.31,"$5,280,000",,$219.89,-18.05%,$215.16,$383.40,David Katz - Matrix Asset Advisors,1
≡,VTV - Vanguard Value ETF,0.45,Add 26.06%,26279,$190.99,"$5,019,000",,$205.85,7.78%,$148.09,$208.20,David Katz - Matrix Asset Advisors,1
≡,MDY - SPDR S&P Midcap 400 ETF Trst,0.33,Add 2.33%,6116,$603.34,"$3,690,000",,$651.76,8.03%,$454.47,$662.60,David Katz - Matrix Asset Advisors,1
≡,TCHP - T Rowe Price Blue Chip Growth ETF,0.33,Reduce 2.04%,74722,$49.86,"$3,726,000",,$46.49,-6.76%,$32.67,$51.77,David Katz - Matrix Asset Advisors,1
≡,BAC - Bank of America Corp.,0.28,Reduce 0.57%,57421,$55.00,"$3,158,000",,$52.74,-4.11%,$32.52,$57.55,David Katz - Matrix Asset Advisors,1
≡,ZBH - Zimmer Biomet Holdings,0.24,Reduce 75.02%,30032,$89.90,"$2,700,000",,$97.15,8.06%,$84.59,$113.56,David Katz - Matrix Asset Advisors,1
≡,IWM - iShares Russell 2000 ETF,0.23,Reduce 1.35%,10326,$246.17,"$2,542,000",,$263.04,6.85%,$170.20,$271.60,David Katz - Matrix Asset Advisors,1
≡,VWO - Vanguard FTSE Emerging Marke,0.21,Add 4.13%,42633,$53.76,"$2,292,000",,$57.79,7.50%,$38.46,$58.61,David Katz - Matrix Asset Advisors,1
≡,IVV - Ishares Core S&P 500 ETF,0.2,Add 0.03%,3278,$684.87,"$2,245,000",,$685.84,0.14%,$479.35,$700.97,David Katz - Matrix Asset Advisors,1
≡,VUG - Vanguard Growth ETF,0.14,,3145,$488.08,"$1,535,000",,$459.53,-5.85%,$315.12,$504.86,David Katz - Matrix Asset Advisors,1
≡,EFA - iShares MSCI EAFE ETF,0.13,Add 0.20%,14854,$96.00,"$1,426,000",,$104.22,8.56%,$69.65,$105.24,David Katz - Matrix Asset Advisors,1
≡,NVDA - NVIDIA Corp.,0.13,Reduce 3.63%,8055,$186.47,"$1,502,000",,$184.97,-0.80%,$86.60,$212.18,David Katz - Matrix Asset Advisors,1
≡,VO - Vanguard Mid Cap ETF,0.13,Add 28.48%,5062,$290.20,"$1,469,000",,$301.86,4.02%,$221.13,$305.84,David Katz - Matrix Asset Advisors,1
≡,IWD - Ishares Russell 1000 Value E,0.12,Add 0.53%,6305,$210.31,"$1,326,000",,$223.20,6.13%,$160.97,$226.39,David Katz - Matrix Asset Advisors,1
≡,GOOGL - Alphabet Inc.,0.11,Reduce 0.13%,3942,$313.04,"$1,234,000",,$302.02,-3.52%,$140.14,$349.00,David Katz - Matrix Asset Advisors,1
≡,AXP - American Express,0.1,Reduce 0.07%,3066,$369.86,"$1,134,000",,$344.53,-6.85%,$218.83,$386.63,David Katz - Matrix Asset Advisors,1
≡,VTI - Vanguard Total Stock Mkt ETF,0.09,,3134,$335.35,"$1,051,000",,$337.07,0.51%,$234.39,$344.42,David Katz - Matrix Asset Advisors,1
≡,QQQ - Invesco Qqq Trust Series 1,0.08,Reduce 0.07%,1451,$614.75,"$892,000",,$601.30,-2.19%,$400.96,$636.60,David Katz - Matrix Asset Advisors,1
≡,COF - Capital One Financial,0.07,,3178,$242.29,"$770,000",,$206.74,-14.67%,$141.84,$259.64,David Katz - Matrix Asset Advisors,1
≡,SPYX - SPDR S&P 500 Fossil Fuel Res,0.07,,13023,$56.21,"$732,000",,$56.00,-0.37%,$39.30,$57.34,David Katz - Matrix Asset Advisors,1
≡,VIG - Vanguard Dividend Apprec ETF,0.07,Add 0.60%,3535,$219.80,"$777,000",,$227.18,3.36%,$167.25,$230.53,David Katz - Matrix Asset Advisors,1
≡,AFL - AFLAC Inc.,0.06,Add 0.11%,6243,$110.20,"$688,000",,$115.42,4.74%,$95.14,$118.69,David Katz - Matrix Asset Advisors,1
≡,JNJ - Johnson & Johnson,0.06,Reduce 0.16%,3106,$207.02,"$643,000",,$243.33,17.54%,$138.40,$246.35,David Katz - Matrix Asset Advisors,1
≡,ESGD - Ishares Trust Ishares Esg Aw,0.05,,6036,$95.10,"$574,000",,$102.99,8.30%,$69.68,$104.15,David Katz - Matrix Asset Advisors,1
≡,SDY - SPDR S&P Dividend ETF,0.05,Reduce 6.99%,3780,$139.15,"$526,000",,$154.55,11.07%,$117.40,$156.12,David Katz - Matrix Asset Advisors,1
≡,XOM - Exxon Mobil Corp.,0.05,Reduce 0.08%,4790,$120.25,"$576,000",,$146.19,21.57%,$94.55,$155.89,David Katz - Matrix Asset Advisors,1
≡,APH - Amphenol Corp.,0.04,,3056,$135.14,"$413,000",,$148.57,9.94%,$56.16,$167.04,David Katz - Matrix Asset Advisors,1
≡,ASTS - AST SpaceMobile Inc.,0.04,,5900,$72.71,"$429,000",,$83.03,14.19%,$18.22,$129.89,David Katz - Matrix Asset Advisors,1
≡,COST - Costco Co.,0.04,Reduce 0.18%,563,$863.23,"$486,000",,$1012.05,17.24%,$842.91,$1065.16,David Katz - Matrix Asset Advisors,1
≡,CVS - CVS Health Corp.,0.04,Reduce 0.03%,6175,$79.35,"$490,000",,$78.20,-1.45%,$56.79,$84.46,David Katz - Matrix Asset Advisors,1
≡,DHR - Danaher Corp.,0.04,Reduce 0.06%,1703,$229.01,"$390,000",,$206.36,-9.89%,$170.19,$242.80,David Katz - Matrix Asset Advisors,1
≡,GLD - SPDR Gold Trust,0.04,Add 2.58%,1075,$396.28,"$426,000",,$448.20,13.10%,$261.25,$509.70,David Katz - Matrix Asset Advisors,1
≡,NUE - Nucor Corp.,0.04,Add 0.73%,2468,$163.29,"$403,000",,$183.64,12.46%,$96.46,$196.90,David Katz - Matrix Asset Advisors,1
≡,PLTR - Palantir Technologies Inc.,0.04,Reduce 0.13%,2313,$177.69,"$411,000",,$133.02,-25.14%,$66.12,$207.52,David Katz - Matrix Asset Advisors,1
≡,SKYX - Skyx Platforms Corp,0.04,,201666,$2.17,"$438,000",,$2.14,-1.38%,$0.88,$3.29,David Katz - Matrix Asset Advisors,1
≡,V - Visa Inc.,0.04,Add 0.97%,1149,$350.74,"$403,000",,$319.50,-8.91%,$296.78,$373.34,David Katz - Matrix Asset Advisors,1
≡,WMT - Walmart Inc.,0.04,Reduce 0.40%,3716,$111.41,"$414,000",,$128.85,15.65%,$79.27,$134.69,David Katz - Matrix Asset Advisors,1
≡,AVGO - Broadcom Inc.,0.03,Reduce 1.79%,1099,$345.77,"$380,000",,$332.54,-3.83%,$137.28,$413.82,David Katz - Matrix Asset Advisors,1
≡,IJH - Ishares Core S&P Midcap ETF,0.03,Reduce 9.13%,5104,$66.03,"$337,000",,$71.37,8.09%,$49.59,$72.55,David Katz - Matrix Asset Advisors,1
≡,INTU - Intuit Inc.,0.03,Reduce 0.22%,450,$662.22,"$298,000",,$379.17,-42.74%,$375.40,$810.72,David Katz - Matrix Asset Advisors,1
≡,IWN - Ishares Russell 2000 Value E,0.03,,1765,$181.30,"$320,000",,$199.66,10.13%,$127.47,$203.01,David Katz - Matrix Asset Advisors,1
≡,LLY - Eli Lilly & Co.,0.03,Reduce 0.91%,325,$1076.92,"$350,000",,$1036.05,-3.80%,$620.46,$1132.06,David Katz - Matrix Asset Advisors,1
≡,MCD - McDonald's Corp.,0.03,,1090,$305.50,"$333,000",,$327.62,7.24%,$280.19,$335.67,David Katz - Matrix Asset Advisors,1
≡,MRK - Merck & Co.,0.03,Reduce 0.28%,2862,$105.17,"$301,000",,$121.57,15.59%,$71.26,$123.33,David Katz - Matrix Asset Advisors,1
≡,PG - Procter & Gamble,0.03,Reduce 0.23%,2194,$143.12,"$314,000",,$159.55,11.48%,$136.65,$175.18,David Katz - Matrix Asset Advisors,1
≡,SPYG - SPDR Portfolio S&P 500 Growt,0.03,,2998,$106.74,"$320,000",,$103.35,-3.18%,$68.35,$109.46,David Katz - Matrix Asset Advisors,1
≡,VB - Vanguard Small Cap ETF,0.03,Add 0.09%,1148,$257.84,"$296,000",,$276.04,7.06%,$188.37,$281.47,David Katz - Matrix Asset Advisors,1
≡,XLK - Technology Select Sect SPDR,0.03,,2316,$143.78,"$333,000",,$139.48,-2.99%,$85.84,$152.76,David Katz - Matrix Asset Advisors,1
≡,AON - Aon Plc,0.02,,648,$353.40,"$229,000",,$325.96,-7.76%,$304.59,$409.47,David Katz - Matrix Asset Advisors,1
≡,BMY - Bristol-Myers Squibb,0.02,Buy,3929,$53.96,"$212,000",,$60.35,11.84%,$41.88,$62.05,David Katz - Matrix Asset Advisors,1
≡,ETN - Eaton Corp.,0.02,Reduce 0.12%,862,$319.03,"$275,000",,$391.49,22.71%,$229.75,$408.45,David Katz - Matrix Asset Advisors,1
≡,IBM - International Business Machines,0.02,Reduce 3.08%,819,$296.70,"$243,000",,$258.31,-12.94%,$209.30,$323.06,David Katz - Matrix Asset Advisors,1
≡,IEMG - iShares Core MSCI Emerging Markets ETF,0.02,Add 2.76%,3837,$67.24,"$258,000",,$74.69,11.08%,$45.92,$75.89,David Katz - Matrix Asset Advisors,1
≡,IWB - Ishares Russell 1000 ETF,0.02,Reduce 7.19%,697,$373.03,"$260,000",,$374.31,0.34%,$262.02,$382.34,David Katz - Matrix Asset Advisors,1
≡,QQQM - Invesco Nasdaq 100 ETF,0.02,Reduce 21.93%,1054,$253.32,"$267,000",,$247.57,-2.27%,$165.07,$262.10,David Katz - Matrix Asset Advisors,1
≡,TSLA - Tesla Inc.,0.02,Reduce 15.29%,504,$450.40,"$227,000",,$410.63,-8.83%,$214.25,$498.83,David Katz - Matrix Asset Advisors,1
≡,UNH - United Health Group Inc.,0.02,Reduce 3.22%,721,$330.10,"$238,000",,$289.09,-12.42%,$231.57,$594.32,David Katz - Matrix Asset Advisors,1
≡,CGEN - Compugen Ltd,0.01,,93833,$1.53,"$144,000",,$1.68,9.80%,$1.13,$2.38,David Katz - Matrix Asset Advisors,1
≡,DCGO - Docgo Inc,0.01,,100000,$0.88,"$88,000",,$0.80,-9.09%,$0.66,$5.68,David Katz - Matrix Asset Advisors,1
≡,MRKR - Marker Therapeutics Inc.,0.0,,15000,$1.47,"$22,000",,$1.45,-1.36%,$0.81,$4.07,David Katz - Matrix Asset Advisors,1
≡,SCWO - 374water Inc,0.0,Buy,10000,$2.00,"$20,000",,$2.80,40.00%,$1.63,$10.90,David Katz - Matrix Asset Advisors,1
≡,BAX - Baxter International Inc.,5.12,Add 19.10%,1451625,$19.11,"$27,741,000",,$20.74,8.53%,$17.39,$37.25,Richard Pzena - Hancock Classic Value,1
≡,CVS - CVS Health Corp.,5.05,Reduce 17.18%,345036,$79.36,"$27,382,000",,$78.20,-1.46%,$56.79,$84.46,Richard Pzena - Hancock Classic Value,1
≡,HUM - Humana Inc.,5.03,Reduce 6.25%,106479,$256.13,"$27,272,000",,$184.99,-27.77%,$169.61,$313.18,Richard Pzena - Hancock Classic Value,1
≡,C - Citigroup Inc.,4.74,Reduce 20.77%,220168,$116.69,"$25,691,000",,$113.78,-2.49%,$54.10,$125.16,Richard Pzena - Hancock Classic Value,1
≡,WFC - Wells Fargo,4.27,Reduce 20.72%,248289,$93.20,"$23,141,000",,$87.40,-6.22%,$57.18,$97.28,Richard Pzena - Hancock Classic Value,1
≡,COF - Capital One Financial,4.17,Reduce 15.03%,93250,$242.36,"$22,600,000",,$206.74,-14.70%,$141.84,$259.64,Richard Pzena - Hancock Classic Value,1
≡,FMS - Fresenius Medical Care AG & Co KCaG,4.06,Reduce 9.11%,924306,$23.82,"$22,017,000",,$24.59,3.23%,$20.95,$29.71,Richard Pzena - Hancock Classic Value,1
≡,DG - Dollar General,3.96,Reduce 31.28%,161688,$132.77,"$21,467,000",,$149.68,12.74%,$68.50,$155.00,Richard Pzena - Hancock Classic Value,1
≡,MGA - Magna International Inc.,3.81,Reduce 28.44%,387524,$53.30,"$20,655,000",,$66.82,25.37%,$29.37,$69.94,Richard Pzena - Hancock Classic Value,1
≡,MET - MetLife Inc.,3.47,Reduce 12.33%,238102,$78.94,"$18,796,000",,$78.58,-0.46%,$63.33,$84.87,Richard Pzena - Hancock Classic Value,1
≡,GPN - Global Payments Inc.,3.43,Reduce 5.14%,240222,$77.40,"$18,593,000",,$69.77,-9.86%,$65.33,$106.01,Richard Pzena - Hancock Classic Value,1
≡,BAC - Bank of America Corp.,3.36,Reduce 14.50%,331322,$55.00,"$18,223,000",,$52.74,-4.11%,$32.52,$57.55,Richard Pzena - Hancock Classic Value,1
≡,LEA - Lear Corp.,3.31,Reduce 17.66%,156470,$114.60,"$17,931,000",,$136.70,19.28%,$72.17,$142.84,Richard Pzena - Hancock Classic Value,1
≡,BMY - Bristol-Myers Squibb,3.29,,330566,$53.94,"$17,831,000",,$60.35,11.88%,$41.88,$62.05,Richard Pzena - Hancock Classic Value,1
≡,CTSH - Cognizant Technology Solutions,3.13,Reduce 12.35%,204637,$83.00,"$16,985,000",,$65.18,-21.47%,$64.28,$88.42,Richard Pzena - Hancock Classic Value,1
≡,PPG - PPG Industries,3.1,Add 47.08%,164139,$102.46,"$16,818,000",,$129.18,26.08%,$88.43,$133.43,Richard Pzena - Hancock Classic Value,1
≡,TSN - Tyson Foods,3.1,Add 22.58%,287088,$58.62,"$16,829,000",,$62.90,7.30%,$50.12,$66.41,Richard Pzena - Hancock Classic Value,1
≡,CRBG - Corebridge Financial Inc.,3.02,,542353,$30.17,"$16,363,000",,$30.91,2.45%,$23.16,$36.03,Richard Pzena - Hancock Classic Value,1
≡,DOW - Dow Inc.,2.85,,660016,$23.38,"$15,431,000",,$31.42,34.39%,$19.82,$37.30,Richard Pzena - Hancock Classic Value,1
≡,SWKS - Skyworks Solutions Inc.,2.69,Reduce 7.73%,229807,$63.41,"$14,572,000",,$62.16,-1.97%,$46.48,$89.88,Richard Pzena - Hancock Classic Value,1
≡,SSNC - SS&C Technologies Holdings Inc.,2.62,Reduce 7.01%,162764,$87.42,"$14,229,000",,$71.45,-18.27%,$68.96,$90.51,Richard Pzena - Hancock Classic Value,1
≡,SHEL - Shell plc,2.6,Reduce 10.03%,192036,$73.48,"$14,111,000",,$77.94,6.07%,$56.81,$80.26,Richard Pzena - Hancock Classic Value,1
≡,DOX - Amdocs Ltd.,2.57,,172869,$80.51,"$13,918,000",,$68.42,-15.02%,$66.53,$93.63,Richard Pzena - Hancock Classic Value,1
≡,PFE - Pfizer Inc.,2.48,Reduce 12.52%,539579,$24.90,"$13,436,000",,$27.37,9.92%,$19.50,$27.94,Richard Pzena - Hancock Classic Value,1
≡,MDT - Medtronic plc,2.39,Reduce 18.54%,134672,$96.06,"$12,937,000",,$96.41,0.36%,$77.73,$105.55,Richard Pzena - Hancock Classic Value,1
≡,DAL - Delta Air Lines Inc.,2.25,Reduce 19.41%,175704,$69.40,"$12,194,000",,$70.85,2.09%,$34.41,$76.39,Richard Pzena - Hancock Classic Value,1
≡,NOV - Nov Inc.,2.08,Reduce 19.92%,720780,$15.63,"$11,266,000",,$19.07,22.01%,$10.48,$19.60,Richard Pzena - Hancock Classic Value,1
≡,VOYA - Voya Financial Inc.,2.03,Reduce 14.13%,147407,$74.49,"$10,980,000",,$74.39,-0.13%,$51.42,$79.99,Richard Pzena - Hancock Classic Value,1
≡,UBS - UBS AG,1.75,Reduce 31.38%,204593,$46.31,"$9,475,000",,$42.32,-8.62%,$24.95,$49.36,Richard Pzena - Hancock Classic Value,1
≡,EQH - Equitable Holdings Inc.,1.47,,167567,$47.65,"$7,985,000",,$45.25,-5.04%,$40.72,$55.97,Richard Pzena - Hancock Classic Value,1
≡,PVH - PVH Corp.,1.07,Reduce 16.14%,86460,$67.03,"$5,795,000",,$69.33,3.43%,$59.20,$89.75,Richard Pzena - Hancock Classic Value,1
≡,TEL - TE Connectivity plc,0.98,Reduce 45.85%,23452,$227.53,"$5,336,000",,$235.90,3.68%,$115.00,$249.84,Richard Pzena - Hancock Classic Value,1
≡,NWL - Newell Brands Inc.,0.77,Reduce 10.14%,1118778,$3.72,"$4,162,000",,$4.67,25.54%,$3.01,$6.71,Richard Pzena - Hancock Classic Value,1
≡,BRK.B - Berkshire Hathaway CL B,33.25,Reduce 30.58%,97600,$502.65,"$49,059,000",,$503.41,0.15%,$455.19,$542.07,Guy Spier - Aquamarine Capital,1
≡,AXP - American Express,16.3,Reduce 69.05%,65000,$369.95,"$24,047,000",,$344.53,-6.87%,$218.83,$386.63,Guy Spier - Aquamarine Capital,1
≡,MA - Mastercard Inc.,15.48,Reduce 39.16%,40000,$570.88,"$22,835,000",,$521.93,-8.57%,$462.92,$600.08,Guy Spier - Aquamarine Capital,1
≡,BRK.A - Berkshire Hathaway CL A,15.35,,30,$754800.00,"$22,644,000",,$754910.00,0.01%,$685150.00,$812855.00,Guy Spier - Aquamarine Capital,1
≡,MCO - Moody's Corp.,9.35,,27000,$510.85,"$13,793,000",,$423.22,-17.15%,$376.55,$546.88,Guy Spier - Aquamarine Capital,1
≡,RACE - Ferrari NV,6.48,Reduce 50.00%,30000,$318.70,"$9,561,000",,$374.99,17.66%,$328.00,$519.10,Guy Spier - Aquamarine Capital,1
≡,DJCO - Daily Journal Corp.,3.8,,11500,$487.30,"$5,604,000",,$476.93,-2.13%,$348.63,$674.75,Guy Spier - Aquamarine Capital,1
≡,RLI - RLI Corp.,4.88,Add 2.83%,726288,$63.98,"$46,468,000",,$60.77,-5.02%,$55.80,$78.68,FPA Queens Road Small Cap Value Fund,1
≡,UGI - UGI Corp.,4.83,Add 18.10%,1228590,$37.43,"$45,986,000",,$38.59,3.10%,$28.14,$41.34,FPA Queens Road Small Cap Value Fund,1
≡,SNX - SYNNEX Corp.,4.48,,284230,$150.23,"$42,700,000",,$159.86,6.41%,$91.00,$175.56,FPA Queens Road Small Cap Value Fund,1
≡,IDCC - InterDigital Inc.,3.87,Reduce 21.74%,115774,$318.38,"$36,860,000",,$366.42,15.09%,$178.79,$411.68,FPA Queens Road Small Cap Value Fund,1
≡,REVG-OLD - REV Group Inc.,3.44,,539334,$60.81,"$32,797,000",,$63.00,3.60%,$26.37,$69.92,FPA Queens Road Small Cap Value Fund,1
≡,NJR - New Jersey Resources,3.41,Add 40.62%,704091,$46.12,"$32,473,000",,$54.16,17.43%,$42.85,$54.70,FPA Queens Road Small Cap Value Fund,1
≡,OSK - Oshkosh Corp.,3.11,,235640,$125.63,"$29,603,000",,$168.47,34.10%,$75.59,$179.89,FPA Queens Road Small Cap Value Fund,1
≡,CSGS - CSG Systems International,3.03,,376114,$76.69,"$28,844,000",,$79.69,3.91%,$53.89,$80.67,FPA Queens Road Small Cap Value Fund,1
≡,AX - Axos Financial Inc.,2.93,,323282,$86.16,"$27,854,000",,$97.56,13.23%,$54.46,$101.92,FPA Queens Road Small Cap Value Fund,1
≡,SFBS - ServisFirst Bancshares Inc.,2.9,,384754,$71.79,"$27,621,000",,$86.65,20.70%,$65.57,$91.78,FPA Queens Road Small Cap Value Fund,1
≡,ARW - Arrow Electronics,2.89,Add 8.71%,249675,$110.18,"$27,509,000",,$152.79,38.67%,$86.50,$160.63,FPA Queens Road Small Cap Value Fund,1
≡,CNO - CNO Financial Group Inc.,2.85,Add 8.48%,639304,$42.47,"$27,151,000",,$43.12,1.53%,$34.18,$44.86,FPA Queens Road Small Cap Value Fund,1
≡,NNI - Nelnet Inc.,2.8,Add 0.57%,200594,$132.96,"$26,671,000",,$130.86,-1.58%,$97.44,$142.87,FPA Queens Road Small Cap Value Fund,1
≡,MDU - MDU Resources,2.77,Add 9.34%,1350277,$19.52,"$26,357,000",,$20.27,3.84%,$14.69,$21.34,FPA Queens Road Small Cap Value Fund,1
≡,JBTM - JBT Marel Corp.,2.74,,173045,$150.67,"$26,073,000",,$163.26,8.36%,$89.88,$170.19,FPA Queens Road Small Cap Value Fund,1
≡,MTG - MGIC Investment,2.74,Add 4.86%,891532,$29.22,"$26,051,000",,$26.85,-8.11%,$21.47,$29.80,FPA Queens Road Small Cap Value Fund,1
≡,PVH - PVH Corp.,2.61,,371552,$67.02,"$24,901,000",,$69.33,3.45%,$59.20,$89.75,FPA Queens Road Small Cap Value Fund,1
≡,SYNA - Synaptics Inc.,2.59,,332713,$74.02,"$24,627,000",,$85.40,15.37%,$41.80,$97.00,FPA Queens Road Small Cap Value Fund,1
≡,IMKTA - Ingles Markets Inc.,2.53,Add 19.99%,351864,$68.55,"$24,120,000",,$86.32,25.92%,$58.35,$90.49,FPA Queens Road Small Cap Value Fund,1
≡,VSH - Vishay Intertechnology,2.53,,1665006,$14.49,"$24,126,000",,$18.69,28.99%,$10.14,$22.00,FPA Queens Road Small Cap Value Fund,1
≡,LFUS - Littelfuse Inc.,2.49,,93761,$252.92,"$23,714,000",,$349.74,38.28%,$140.76,$367.35,FPA Queens Road Small Cap Value Fund,1
≡,AGCO - AGCO Corp.,2.46,Add 28.66%,224475,$104.32,"$23,417,000",,$138.50,32.76%,$73.04,$143.48,FPA Queens Road Small Cap Value Fund,1
≡,MSM - MSC Industrial Direct,2.28,,258539,$84.10,"$21,743,000",,$93.47,11.14%,$65.31,$96.99,FPA Queens Road Small Cap Value Fund,1
≡,SFM - Sprouts Farmers Market Inc.,2.21,Add 89.51%,264656,$79.67,"$21,085,000",,$67.56,-15.20%,$64.75,$182.00,FPA Queens Road Small Cap Value Fund,1
≡,FN - Fabrinet,2.09,Reduce 68.81%,43673,$455.27,"$19,883,000",,$496.78,9.12%,$148.55,$531.22,FPA Queens Road Small Cap Value Fund,1
≡,GIII - G-III Apparel Group,2.06,,677440,$28.96,"$19,619,000",,$30.63,5.77%,$20.27,$34.72,FPA Queens Road Small Cap Value Fund,1
≡,HMN - Horace Mann Educators,2.02,,415832,$46.18,"$19,203,000",,$43.13,-6.60%,$37.87,$47.96,FPA Queens Road Small Cap Value Fund,1
≡,SCHL - Scholastic Corp.,1.97,Add 12.34%,631707,$29.63,"$18,717,000",,$33.89,14.38%,$15.28,$35.98,FPA Queens Road Small Cap Value Fund,1
≡,UPBD - Upbound Group Inc.,1.95,Add 13.01%,1055661,$17.56,"$18,537,000",,$20.20,15.03%,$15.48,$27.98,FPA Queens Road Small Cap Value Fund,1
≡,LEVI - Levi Strauss & Co.,1.91,,878700,$20.74,"$18,224,000",,$21.83,5.26%,$11.83,$24.49,FPA Queens Road Small Cap Value Fund,1
≡,SAIC - Science Applications International Corp.,1.64,Reduce 23.17%,154904,$100.66,"$15,593,000",,$85.18,-15.38%,$81.08,$122.84,FPA Queens Road Small Cap Value Fund,1
≡,PLUS - ePlus Inc.,1.62,Add 759.16%,176077,$87.70,"$15,442,000",,$82.41,-6.03%,$53.50,$93.98,FPA Queens Road Small Cap Value Fund,1
≡,AAP - Advance Auto Parts,1.42,,343013,$39.30,"$13,480,000",,$56.74,44.38%,$28.24,$69.24,FPA Queens Road Small Cap Value Fund,1
≡,IAC - IAC Inc.,1.4,Reduce 15.98%,341303,$39.10,"$13,345,000",,$34.27,-12.35%,$29.56,$41.86,FPA Queens Road Small Cap Value Fund,1
≡,DAR - Darling Ingredients Inc.,1.25,,331396,$36.00,"$11,930,000",,$50.97,41.58%,$26.00,$52.88,FPA Queens Road Small Cap Value Fund,1
≡,ECG - Everus Construction Group Inc.,1.25,,139479,$85.56,"$11,934,000",,$101.53,18.67%,$31.38,$107.65,FPA Queens Road Small Cap Value Fund,1
≡,QRVO - Qorvo Inc.,1.21,,136153,$84.51,"$11,506,000",,$84.29,-0.26%,$49.46,$106.30,FPA Queens Road Small Cap Value Fund,1
≡,DCO - Ducommun Inc.,1.1,,109929,$95.13,"$10,458,000",,$125.19,31.60%,$51.76,$126.39,FPA Queens Road Small Cap Value Fund,1
≡,GGG - Graco Inc.,0.7,,81171,$81.98,"$6,654,000",,$94.30,15.03%,$71.10,$95.69,FPA Queens Road Small Cap Value Fund,1
≡,GPK - Graphic Packaging Hldg Co.,0.58,Add 33.28%,363852,$15.06,"$5,480,000",,$12.37,-17.86%,$11.83,$27.58,FPA Queens Road Small Cap Value Fund,1
≡,CNXC - Concentrix Corp.,0.55,Reduce 30.31%,125731,$41.58,"$5,228,000",,$31.78,-23.57%,$29.35,$64.11,FPA Queens Road Small Cap Value Fund,1
≡,VSEC - VSE Corp.,0.55,Reduce 14.86%,30204,$172.76,"$5,218,000",,$213.34,23.49%,$95.86,$225.00,FPA Queens Road Small Cap Value Fund,1
≡,CSW - CSW Industrials Inc.,0.45,Reduce 5.09%,14730,$293.55,"$4,324,000",,$294.09,0.18%,$229.97,$337.87,FPA Queens Road Small Cap Value Fund,1
≡,FSBC - Five Star Bancorp,0.37,,97223,$35.78,"$3,479,000",,$40.63,13.56%,$21.65,$42.26,FPA Queens Road Small Cap Value Fund,1
≡,FSTR - LB Foster Co.,0.29,,102635,$26.95,"$2,766,000",,$31.89,18.33%,$17.16,$32.63,FPA Queens Road Small Cap Value Fund,1
≡,DECK - Deckers Outdoor,0.26,,23807,$103.67,"$2,468,000",,$117.35,13.20%,$78.91,$156.61,FPA Queens Road Small Cap Value Fund,1
≡,GOOGL - Alphabet Inc.,6.12,Reduce 21.36%,1390001,$313.00,"$435,070,000",,$302.02,-3.51%,$140.14,$349.00,Steven Romick - FPA Crescent Fund,1
≡,ADI - Analog Devices,4.81,Reduce 5.61%,1260676,$271.20,"$341,895,000",,$337.51,24.45%,$156.76,$343.96,Steven Romick - FPA Crescent Fund,1
≡,META - Meta Platforms Inc.,4.25,Reduce 0.45%,457981,$660.09,"$302,309,000",,$639.29,-3.15%,$478.72,$795.06,Steven Romick - FPA Crescent Fund,1
≡,TEL - TE Connectivity plc,3.68,Reduce 18.66%,1148440,$227.51,"$261,282,000",,$235.90,3.69%,$115.00,$249.84,Steven Romick - FPA Crescent Fund,1
≡,C - Citigroup Inc.,3.6,Reduce 7.82%,2192317,$116.69,"$255,821,000",,$113.78,-2.49%,$54.10,$125.16,Steven Romick - FPA Crescent Fund,1
≡,GOOG - Alphabet Inc. CL C,3.4,Reduce 14.07%,769465,$313.80,"$241,458,000",,$302.82,-3.50%,$142.27,$350.15,Steven Romick - FPA Crescent Fund,1
≡,BDX - Becton Dickinson,3.22,Buy,1180043,$194.07,"$229,011,000",,$177.38,-8.60%,$126.24,$182.75,Steven Romick - FPA Crescent Fund,1
≡,HKHHF - Heineken Holding NV,3.18,,3088974,$73.23,"$226,201,000",,$80.50,9.93%,$65.91,$81.19,Steven Romick - FPA Crescent Fund,1
≡,JDEPY - JDE Peets NV,3.1,,5885188,$37.40,"$220,099,000",,$18.76,-49.84%,$8.48,$19.75,Steven Romick - FPA Crescent Fund,1
≡,IFF - International Flavors & Fragrances Inc.,3.0,Add 5.52%,3163067,$67.39,"$213,159,000",,$82.74,22.78%,$58.78,$84.47,Steven Romick - FPA Crescent Fund,1
≡,AMZN - Amazon.com Inc.,2.84,Reduce 3.66%,875695,$230.82,"$202,128,000",,$201.15,-12.85%,$161.38,$258.60,Steven Romick - FPA Crescent Fund,1
≡,SAFRF - Safran SA,2.67,,544912,$348.32,"$189,806,000",,$397.39,14.09%,$211.46,$400.51,Steven Romick - FPA Crescent Fund,1
≡,AZE.BR - Azelis Group NV,2.6,Buy,16929662,$10.93,"$184,967,000",,,,,,Steven Romick - FPA Crescent Fund,1
≡,PROSF - Prosus NV,2.51,,2882508,$61.92,"$178,486,000",,$49.30,-20.38%,$39.33,$72.77,Steven Romick - FPA Crescent Fund,1
≡,AON - Aon Plc,2.37,,477746,$352.88,"$168,587,000",,$325.96,-7.63%,$304.59,$409.47,Steven Romick - FPA Crescent Fund,1
≡,GLNCY - Glencore Plc,2.07,,26947501,$5.47,"$147,305,000",,$13.49,146.62%,$5.58,$14.67,Steven Romick - FPA Crescent Fund,1
≡,JEF - Jefferies Financial Group Inc.,1.99,,2277248,$61.97,"$141,121,000",,$51.98,-16.12%,$38.16,$70.00,Steven Romick - FPA Crescent Fund,1
≡,AMRZ.SW - AMRIZE Ltd.,1.85,,2429341,$54.08,"$131,379,000",,,,,,Steven Romick - FPA Crescent Fund,1
≡,FERG - Ferguson Enterprises Inc.,1.81,Reduce 0.95%,576928,$222.63,"$128,441,000",,$259.67,16.64%,$144.32,$271.64,Steven Romick - FPA Crescent Fund,1
≡,LPLA - LPL Financial Holdings Inc.,1.73,Reduce 12.69%,344126,$357.17,"$122,911,000",,$322.19,-9.79%,$262.20,$402.91,Steven Romick - FPA Crescent Fund,1
≡,CMCSA - Comcast Corp.,1.68,Reduce 43.62%,3996138,$29.89,"$119,445,000",,$31.55,5.55%,$23.89,$34.24,Steven Romick - FPA Crescent Fund,1
≡,ERFSF - Eurofins Scientific SE,1.68,,1637209,$73.13,"$119,729,000",,$79.31,8.45%,$47.99,$86.20,Steven Romick - FPA Crescent Fund,1
≡,028260.KS - Samsung C&T Corp.,1.58,Reduce 2.70%,675846,$166.09,"$112,253,000",,,,,,Steven Romick - FPA Crescent Fund,1
≡,FBIN - Fortune Brands Innovations Inc.,1.55,Add 19.90%,2196279,$50.02,"$109,858,000",,$52.55,5.06%,$44.04,$68.03,Steven Romick - FPA Crescent Fund,1
≡,ICLR - ICON plc,1.49,,580243,$182.22,"$105,732,000",,$88.62,-51.37%,$66.57,$211.00,Steven Romick - FPA Crescent Fund,1
≡,NXPI - NXP Semiconductors NV,1.47,,482460,$217.06,"$104,723,000",,$245.09,12.91%,$146.07,$256.36,Steven Romick - FPA Crescent Fund,1
≡,CFRUY - Compagnie Financiere Richemont Switz ADR,1.36,Reduce 14.67%,446942,$215.65,"$96,384,000",,$20.61,-90.44%,$14.54,$22.15,Steven Romick - FPA Crescent Fund,1
≡,LBRDK - Liberty Broadband Corp. CL C,1.29,Buy,1890532,$48.60,"$91,880,000",,$55.09,13.35%,$42.10,$97.16,Steven Romick - FPA Crescent Fund,1
≡,MTN - Vail Resorts Inc.,1.26,Add 6.98%,672835,$132.80,"$89,352,000",,$137.75,3.73%,$124.15,$167.80,Steven Romick - FPA Crescent Fund,1
≡,NPCPF - Nippon Paint Holdings Co Ltd,1.2,Buy,12787300,$6.70,"$85,620,000",,$6.99,4.33%,$6.13,$8.12,Steven Romick - FPA Crescent Fund,1
≡,MICC - Magnum Ice Cream Co NV,1.15,Buy,5106808,$15.96,"$81,512,000",,$15.91,-0.31%,$14.45,$19.93,Steven Romick - FPA Crescent Fund,1
≡,003550.KS - LG Corp.,1.14,,1442197,$56.03,"$80,803,000",,,,,,Steven Romick - FPA Crescent Fund,1
≡,HCMLF - Holcim Ltd.,1.13,,826751,$97.35,"$80,484,000",,$91.36,-6.15%,$65.01,$119.55,Steven Romick - FPA Crescent Fund,1
≡,PDRDY - Pernod-Ricard SA,1.12,Add 15.66%,926151,$85.63,"$79,305,000",,,,,,Steven Romick - FPA Crescent Fund,1
≡,NOV - Nov Inc.,1.11,Buy,5037287,$15.63,"$78,733,000",,$19.07,22.01%,$10.48,$19.60,Steven Romick - FPA Crescent Fund,1
≡,TMO - Thermo Fisher Scientific,1.1,Buy,134470,$579.45,"$77,919,000",,$501.59,-13.44%,$384.82,$643.99,Steven Romick - FPA Crescent Fund,1
≡,MAR - Marriott Int'l.,1.07,Reduce 15.20%,244440,$310.24,"$75,835,000",,$359.94,16.02%,$203.87,$370.00,Steven Romick - FPA Crescent Fund,1
≡,BIO - Bio-Rad Laboratories Inc.,1.04,,243903,$302.99,"$73,900,000",,$264.93,-12.56%,$211.43,$343.12,Steven Romick - FPA Crescent Fund,1
≡,KMX - CarMax Inc.,1.0,Add 20.72%,1836295,$38.64,"$70,954,000",,$42.25,9.34%,$30.26,$89.47,Steven Romick - FPA Crescent Fund,1
≡,CHTR - Charter Communications,0.96,Reduce 17.24%,325576,$208.75,"$67,964,000",,$237.01,13.54%,$180.38,$437.06,Steven Romick - FPA Crescent Fund,1
≡,KMI - Kinder Morgan,0.96,,2488164,$27.49,"$68,400,000",,$32.13,16.88%,$22.95,$32.58,Steven Romick - FPA Crescent Fund,1
≡,MKGAF - Merck KGaA,0.93,Buy,465134,$142.73,"$66,387,000",,$153.21,7.34%,$116.18,$159.34,Steven Romick - FPA Crescent Fund,1
≡,WFC - Wells Fargo,0.92,Reduce 13.92%,703204,$93.20,"$65,539,000",,$87.40,-6.22%,$57.18,$97.28,Steven Romick - FPA Crescent Fund,1
≡,NATL - NCR Atleos Corp.,0.89,,1660761,$38.11,"$63,292,000",,$42.38,11.20%,$22.30,$43.43,Steven Romick - FPA Crescent Fund,1
≡,WAB - WABTEC Corp.,0.84,,281311,$213.45,"$60,046,000",,$259.69,21.66%,$151.06,$262.40,Steven Romick - FPA Crescent Fund,1
≡,IMDZF - IMCD NV,0.82,Buy,640089,$90.76,"$58,097,000",,$107.03,17.93%,$86.28,$142.06,Steven Romick - FPA Crescent Fund,1
≡,DEI - Douglas Emmett Inc.,0.79,Add 24.24%,5119454,$10.99,"$56,263,000",,$9.97,-9.28%,$9.53,$16.55,Steven Romick - FPA Crescent Fund,1
≡,UBER - Uber Technologies Inc.,0.69,,602717,$81.71,"$49,248,000",,$70.53,-13.68%,$60.63,$101.99,Steven Romick - FPA Crescent Fund,1
≡,DELL - Dell Technologies Inc.,0.68,Reduce 8.49%,382985,$125.88,"$48,210,000",,$116.09,-7.78%,$65.04,$167.35,Steven Romick - FPA Crescent Fund,1
≡,HRSEF - Hirose Electric Co Ltd,0.68,Buy,438300,$110.66,"$48,504,000",,,,,,Steven Romick - FPA Crescent Fund,1
≡,VNO - Vornado Realty Trust,0.68,,1448615,$33.28,"$48,210,000",,$29.02,-12.80%,$28.08,$42.43,Steven Romick - FPA Crescent Fund,1
≡,271560.KS - ORION Corp.,0.67,Add 23.13%,651117,$73.28,"$47,711,000",,,,,,Steven Romick - FPA Crescent Fund,1
≡,MCDIF - McDermott International Inc.,0.6,,2851885,$15.00,"$42,778,000",,$26.23,74.87%,$6.50,$27.00,Steven Romick - FPA Crescent Fund,1
≡,VYX - NCR Voyix Corp.,0.52,Add 32.14%,3636184,$10.20,"$37,089,000",,$9.26,-9.22%,$7.55,$14.67,Steven Romick - FPA Crescent Fund,1
≡,6465.T - Hoshizaki Corp.,0.43,Add 15.89%,919020,$33.31,"$30,612,000",,,,,,Steven Romick - FPA Crescent Fund,1
≡,NTDOF - Nintendo Co. Ltd,0.43,Reduce 10.68%,455180,$67.51,"$30,731,000",,$55.55,-17.72%,$54.01,$101.01,Steven Romick - FPA Crescent Fund,1
≡,SDXOF - Sodexo SA,0.41,Buy,562744,$51.24,"$28,833,000",,$56.19,9.66%,$47.01,$75.34,Steven Romick - FPA Crescent Fund,1
≡,AVTR - Avantor Inc.,0.4,Buy,2490982,$11.46,"$28,547,000",,$9.05,-21.03%,$8.90,$18.02,Steven Romick - FPA Crescent Fund,1
≡,GPOR - Gulfport Energy Corp.,0.33,Reduce 25.54%,111713,$207.99,"$23,235,000",,$195.15,-6.17%,$153.27,$225.78,Steven Romick - FPA Crescent Fund,1
≡,SATS - EchoStar Corp.,0.26,Reduce 55.84%,170053,$108.70,"$18,485,000",,$113.00,3.96%,$14.90,$132.25,Steven Romick - FPA Crescent Fund,1
≡,AVGO - Broadcom Inc.,0.25,Reduce 31.95%,51455,$346.11,"$17,809,000",,$332.54,-3.92%,$137.28,$413.82,Steven Romick - FPA Crescent Fund,1
≡,0019.HK - Swire Pacific Ltd,0.24,,2098628,$8.06,"$16,918,000",,,,,,Steven Romick - FPA Crescent Fund,1
≡,RPHCF - Rohto Pharmaceutical Co Ltd,0.24,Buy,1007600,$16.76,"$16,891,000",,,,,,Steven Romick - FPA Crescent Fund,1
≡,PCG - PG&E Corp.,0.16,,720710,$16.07,"$11,582,000",,$18.02,12.13%,$12.91,$18.38,Steven Romick - FPA Crescent Fund,1
≡,SSDOY - Shiseido Co. Ltd.,0.02,Reduce 90.60%,83300,$14.55,"$1,212,000",,$21.76,49.55%,$13.60,$21.79,Steven Romick - FPA Crescent Fund,1
≡,AKAM - Akamai Technologies Inc.,3.26,Buy,34500,$89.51,"$3,088,000",,$108.42,21.13%,$67.51,$113.50,Hillman Value Fund,1
≡,DD - DuPont de Nemours Inc.,2.89,Add 90.33%,68900,$39.77,"$2,740,000",,$50.87,27.91%,$21.15,$52.66,Hillman Value Fund,1
≡,NUE - Nucor Corp.,2.84,Reduce 14.21%,16900,$159.47,"$2,695,000",,$183.64,15.16%,$96.46,$196.90,Hillman Value Fund,1
≡,USB - U.S. Bancorp,2.82,,54500,$49.05,"$2,673,000",,$58.17,18.59%,$34.10,$61.19,Hillman Value Fund,1
≡,WST - West Pharmaceutical Services,2.81,Reduce 6.50%,9600,$277.29,"$2,662,000",,$243.19,-12.30%,$186.77,$321.79,Hillman Value Fund,1
≡,GSK - GSK plc,2.8,Reduce 20.06%,55400,$47.85,"$2,651,000",,$60.87,27.21%,$31.38,$61.03,Hillman Value Fund,1
≡,HSY - Hershey Co.,2.76,Reduce 5.44%,13900,$188.06,"$2,614,000",,$219.40,16.66%,$146.80,$233.34,Hillman Value Fund,1
≡,WBD - Warner Bros. Discovery Inc.,2.75,Reduce 18.81%,108700,$24.00,"$2,609,000",,$28.75,19.79%,$7.52,$30.00,Hillman Value Fund,1
≡,BMY - Bristol-Myers Squibb,2.72,Reduce 15.62%,52400,$49.20,"$2,578,000",,$60.35,22.66%,$41.88,$62.05,Hillman Value Fund,1
≡,BIIB - Biogen Inc.,2.71,Reduce 27.69%,14100,$182.06,"$2,567,000",,$195.62,7.45%,$110.04,$202.41,Hillman Value Fund,1
≡,UPS - United Parcel Service,2.71,Reduce 15.90%,26800,$95.78,"$2,567,000",,$115.51,20.60%,$79.49,$120.73,Hillman Value Fund,1
≡,ASML - ASML Holding NV,2.68,Reduce 17.24%,2400,$1060.00,"$2,544,000",,$1419.78,33.94%,$573.49,$1491.51,Hillman Value Fund,1
≡,TSM - Taiwan Semiconductor S.A.,2.68,Reduce 10.36%,8700,$291.49,"$2,536,000",,$364.20,24.94%,$133.00,$380.00,Hillman Value Fund,1
≡,CVS - CVS Health Corp.,2.67,Reduce 13.22%,31500,$80.35,"$2,531,000",,$78.20,-2.68%,$56.79,$84.46,Hillman Value Fund,1
≡,ZBH - Zimmer Biomet Holdings,2.65,Reduce 4.56%,25800,$97.52,"$2,516,000",,$97.15,-0.38%,$84.59,$113.56,Hillman Value Fund,1
≡,IFF - International Flavors & Fragrances Inc.,2.59,Reduce 10.86%,35300,$69.49,"$2,453,000",,$82.74,19.07%,$58.78,$84.47,Hillman Value Fund,1
≡,KMX - CarMax Inc.,2.59,Add 46.08%,63400,$38.66,"$2,451,000",,$42.25,9.29%,$30.26,$89.47,Hillman Value Fund,1
≡,EL - Estee Lauder Cos.,2.58,Reduce 19.25%,26000,$94.08,"$2,446,000",,$112.14,19.20%,$47.76,$121.64,Hillman Value Fund,1
≡,NKE - NIKE Inc.,2.58,,37800,$64.63,"$2,443,000",,$64.82,0.29%,$51.34,$80.55,Hillman Value Fund,1
≡,DIS - Walt Disney Co.,2.57,Reduce 4.12%,23300,$104.46,"$2,434,000",,$105.44,0.94%,$79.22,$123.85,Hillman Value Fund,1
≡,KHC - Kraft Heinz Co.,2.57,Reduce 11.43%,95300,$25.51,"$2,431,000",,$23.78,-6.78%,$21.99,$31.87,Hillman Value Fund,1
≡,UNH - United Health Group Inc.,2.57,Reduce 6.33%,7400,$329.73,"$2,440,000",,$289.09,-12.33%,$231.57,$594.32,Hillman Value Fund,1
≡,BDX - Becton Dickinson,2.52,Reduce 17.45%,12300,$193.98,"$2,386,000",,$177.38,-8.56%,$126.24,$182.75,Hillman Value Fund,1
≡,PFE - Pfizer Inc.,2.52,Reduce 18.18%,92700,$25.74,"$2,386,000",,$27.37,6.33%,$19.50,$27.94,Hillman Value Fund,1
≡,MSFT - Microsoft Corp.,2.49,Reduce 7.69%,4800,$492.08,"$2,362,000",,$396.86,-19.35%,$342.95,$553.50,Hillman Value Fund,1
≡,BUD - Anheuser-Busch InBev,2.47,Reduce 10.59%,38000,$61.53,"$2,338,000",,$79.29,28.86%,$51.43,$81.56,Hillman Value Fund,1
≡,VZ - Verizon Communications,2.47,Reduce 11.76%,57000,$41.11,"$2,343,000",,$48.93,19.02%,$10.42,$50.24,Hillman Value Fund,1
≡,CPB - Campbell's Co.,2.44,Reduce 10.71%,75900,$30.47,"$2,313,000",,$27.77,-8.86%,$25.62,$41.73,Hillman Value Fund,1
≡,BF.B - Brown-Forman Corp.,2.43,Reduce 11.28%,79400,$28.98,"$2,301,000",,$29.26,0.97%,$25.13,$37.94,Hillman Value Fund,1
≡,TROW - T. Rowe Price Group,2.4,Reduce 15.27%,22200,$102.39,"$2,273,000",,$93.81,-8.38%,$74.96,$115.38,Hillman Value Fund,1
≡,CAG - Conagra Brands Inc.,2.39,,127100,$17.85,"$2,269,000",,$18.89,5.83%,$15.65,$26.52,Hillman Value Fund,1
≡,STZ - Constellation Brands,2.36,,16400,$136.40,"$2,237,000",,$152.70,11.95%,$125.63,$192.99,Hillman Value Fund,1
≡,CMCSA - Comcast Corp.,2.34,,83077,$26.69,"$2,217,000",,$31.55,18.21%,$23.89,$34.24,Hillman Value Fund,1
≡,FISV - Fiserv Inc.,2.28,Add 72.87%,35100,$61.48,"$2,158,000",,$63.45,3.20%,$57.79,$238.59,Hillman Value Fund,1
≡,DEO - Diageo ADR,2.25,Reduce 11.74%,23300,$91.63,"$2,135,000",,$96.45,5.26%,$84.52,$113.71,Hillman Value Fund,1
≡,BAX - Baxter International Inc.,2.24,Reduce 9.58%,113200,$18.74,"$2,121,000",,$20.74,10.67%,$17.39,$37.25,Hillman Value Fund,1
≡,ADBE - Adobe Inc.,2.23,Reduce 12.00%,6600,$320.15,"$2,113,000",,$260.45,-18.65%,$251.10,$464.33,Hillman Value Fund,1
≡,BA - Boeing Co.,2.19,Reduce 12.00%,11000,$189.00,"$2,079,000",,$244.04,29.12%,$128.88,$254.35,Hillman Value Fund,1
≡,CRM - Salesforce.com,2.19,Reduce 18.18%,9000,$230.56,"$2,075,000",,$184.29,-20.07%,$180.24,$327.60,Hillman Value Fund,1
≡,GM - General Motors,20.01,Reduce 34.19%,15178957,$81.32,"$1,234,353,000",,$81.22,-0.12%,$41.28,$87.62,Greenhaven Associates,1
≡,LEN - Lennar Corp.,16.82,Add 4.57%,10094147,$102.80,"$1,037,678,000",,$121.44,18.13%,$96.69,$142.99,Greenhaven Associates,1
≡,TOL - Toll Brothers,12.28,Add 0.40%,5603187,$135.22,"$757,663,000",,$163.83,21.16%,$85.93,$168.36,Greenhaven Associates,1
≡,PHM - PulteGroup Inc.,10.52,Reduce 0.64%,5534428,$117.26,"$648,967,000",,$141.58,20.74%,$87.56,$144.50,Greenhaven Associates,1
≡,DHI - D.R. Horton,8.13,Reduce 4.22%,3484146,$144.03,"$501,822,000",,$166.29,15.46%,$109.15,$183.45,Greenhaven Associates,1
≡,OSK - Oshkosh Corp.,5.13,Reduce 0.21%,2521296,$125.63,"$316,750,000",,$168.47,34.10%,$75.59,$179.89,Greenhaven Associates,1
≡,AVTR - Avantor Inc.,3.81,Add 11.95%,20500653,$11.46,"$234,937,000",,$9.05,-21.03%,$8.90,$18.02,Greenhaven Associates,1
≡,ARW - Arrow Electronics,3.39,Add 0.08%,1899971,$110.18,"$209,339,000",,$152.79,38.67%,$86.50,$160.63,Greenhaven Associates,1
≡,BAX - Baxter International Inc.,3.31,Add 70.05%,10693223,$19.11,"$204,347,000",,$20.74,8.53%,$17.39,$37.25,Greenhaven Associates,1
≡,LEA - Lear Corp.,3.3,Reduce 1.10%,1776038,$114.60,"$203,534,000",,$136.70,19.28%,$72.17,$142.84,Greenhaven Associates,1
≡,AVT - Avnet Inc.,3.06,Reduce 0.00%,3928866,$48.08,"$188,900,000",,$65.05,35.30%,$38.43,$67.57,Greenhaven Associates,1
≡,SLB - Schlumberger Ltd.,2.9,Buy,4660827,$38.38,"$178,883,000",,$49.84,29.86%,$30.19,$52.40,Greenhaven Associates,1
≡,MRP - Millrose Properties,2.23,Reduce 0.10%,4596584,$29.87,"$137,300,000",,$31.53,5.56%,$19.27,$34.32,Greenhaven Associates,1
≡,MTH - Meritage Homes Corp.,1.56,Add 0.85%,1465340,$65.80,"$96,419,000",,$80.15,21.81%,$58.19,$83.74,Greenhaven Associates,1
≡,NOV - Nov Inc.,1.46,Reduce 0.04%,5745138,$15.63,"$89,797,000",,$19.07,22.01%,$10.48,$19.60,Greenhaven Associates,1
≡,VBIL - Vanguard 0 3m T Bill ETF,0.94,Add 54.55%,772725,$75.43,"$58,287,000",,$75.53,0.13%,$72.55,$75.54,Greenhaven Associates,1
≡,LEN.B - Lennar Corp. CL B,0.56,,364059,$95.12,"$34,629,000",,$113.99,19.84%,$92.34,$136.11,Greenhaven Associates,1
≡,TFX - Teleflex,0.24,Buy,122079,$122.04,"$14,899,000",,$105.86,-13.26%,$100.18,$178.59,Greenhaven Associates,1
≡,C - Citigroup Inc.,0.06,Reduce 60.06%,33260,$116.69,"$3,881,000",,$113.78,-2.49%,$54.10,$125.16,Greenhaven Associates,1
≡,ICLR - ICON plc,0.05,Reduce 0.09%,17394,$182.25,"$3,170,000",,$88.62,-51.37%,$66.57,$211.00,Greenhaven Associates,1
≡,RHI - Robert Half International,0.05,Buy,104700,$27.16,"$2,844,000",,$24.81,-8.65%,$24.35,$58.16,Greenhaven Associates,1
≡,TMHC - Taylor Morrison Home Corp.,0.05,Buy,47500,$58.86,"$2,796,000",,$68.09,15.68%,$51.90,$72.50,Greenhaven Associates,1
≡,CRH - CRH plc,0.04,Reduce 20.00%,20000,$124.80,"$2,496,000",,$122.02,-2.23%,$75.94,$131.55,Greenhaven Associates,1
≡,A - Agilent Technologies,0.02,,10700,$136.07,"$1,456,000",,$123.87,-8.97%,$95.86,$159.98,Greenhaven Associates,1
≡,JPM - JPMorgan Chase & Co.,0.02,,4000,$322.25,"$1,289,000",,$307.13,-4.69%,$199.32,$335.87,Greenhaven Associates,1
≡,SCHW - Charles Schwab Corp.,0.02,Reduce 16.67%,12500,$99.92,"$1,249,000",,$93.08,-6.85%,$65.08,$107.14,Greenhaven Associates,1
≡,TEX - Terex Corp.,0.02,Reduce 98.69%,19422,$53.39,"$1,037,000",,$69.51,30.19%,$31.19,$71.50,Greenhaven Associates,1
≡,G - Genpact Ltd.,0.01,,10000,$46.80,"$468,000",,$37.73,-19.38%,$34.79,$54.67,Greenhaven Associates,1
≡,STLA - Stellantis N.V.,0.01,,36000,$10.89,"$392,000",,$7.83,-28.10%,$7.03,$13.12,Greenhaven Associates,1
≡,UNP - Union Pacific,0.01,,2032,$231.30,"$470,000",,$262.80,13.62%,$200.99,$265.37,Greenhaven Associates,1
≡,RYCEF - Rolls Royce Holdings plc,18.19,,41891727,$16.01,"$670,673,000",,$17.09,6.75%,$7.54,$17.75,Ruane Cunniff - Sequoia Fund,1
≡,FWONK - Liberty Media Corp Formula One Series C,7.77,,2743813,$104.45,"$286,591,000",,$86.74,-16.96%,$75.26,$109.36,Ruane Cunniff - Sequoia Fund,1
≡,GOOGL - Alphabet Inc.,7.62,,1155584,$243.10,"$280,922,000",,$302.02,24.24%,$140.14,$349.00,Ruane Cunniff - Sequoia Fund,1
≡,UMGNF - Universal Music Grp NV,6.8,,8699174,$28.83,"$250,838,000",,$23.82,-17.38%,$22.50,$33.49,Ruane Cunniff - Sequoia Fund,1
≡,CNSWF - Constellation Software Inc.,6.12,,83113,$2714.65,"$225,623,000",,$1737.54,-35.99%,$1612.70,$3994.67,Ruane Cunniff - Sequoia Fund,1
≡,SCHW - Charles Schwab Corp.,5.97,Reduce 8.89%,2307127,$95.47,"$220,261,000",,$93.08,-2.50%,$65.08,$107.14,Ruane Cunniff - Sequoia Fund,1
≡,ERFSF - Eurofins Scientific SE,5.76,,2926063,$72.53,"$212,236,000",,$79.31,9.35%,$47.99,$86.20,Ruane Cunniff - Sequoia Fund,1
≡,TSM - Taiwan Semiconductor S.A.,5.14,Reduce 2.58%,678985,$279.29,"$189,634,000",,$364.20,30.40%,$133.00,$380.00,Ruane Cunniff - Sequoia Fund,1
≡,COF - Capital One Financial,4.77,,828064,$212.58,"$176,030,000",,$206.74,-2.75%,$141.84,$259.64,Ruane Cunniff - Sequoia Fund,1
≡,ELV - Elevance Health Inc.,4.67,Add 27.29%,533318,$323.12,"$172,326,000",,$344.78,6.70%,$270.83,$451.93,Ruane Cunniff - Sequoia Fund,1
≡,ICE - Intercontinental Exchange Inc.,4.65,,1017373,$168.48,"$171,407,000",,$153.44,-8.93%,$142.74,$188.26,Ruane Cunniff - Sequoia Fund,1
≡,SAP - SAP SE,4.17,,575172,$267.54,"$153,880,000",,$201.47,-24.70%,$189.22,$313.28,Ruane Cunniff - Sequoia Fund,1
≡,ASHTF - Ashtead Group plc,3.95,,2182681,$66.77,"$145,747,000",,$71.25,6.71%,$44.80,$76.61,Ruane Cunniff - Sequoia Fund,1
≡,ICLR - ICON plc,2.99,,630488,$175.00,"$110,335,000",,$88.62,-49.36%,$66.57,$211.00,Ruane Cunniff - Sequoia Fund,1
≡,CACC - Credit Acceptance Corp.,2.77,Reduce 0.76%,218462,$466.93,"$102,006,000",,$491.36,5.23%,$401.90,$549.75,Ruane Cunniff - Sequoia Fund,1
≡,UNH - United Health Group Inc.,2.6,,277444,$345.30,"$95,801,000",,$289.09,-16.28%,$231.57,$594.32,Ruane Cunniff - Sequoia Fund,1
≡,META - Meta Platforms Inc.,1.4,Reduce 64.31%,70250,$734.38,"$51,590,000",,$639.29,-12.95%,$478.72,$795.06,Ruane Cunniff - Sequoia Fund,1
≡,BRK.B - Berkshire Hathaway CL B,1.07,,78394,$502.74,"$39,412,000",,$503.41,0.13%,$455.19,$542.07,Ruane Cunniff - Sequoia Fund,1
≡,CHTR - Charter Communications,1.02,Reduce 6.69%,136687,$275.10,"$37,603,000",,$237.01,-13.85%,$180.38,$437.06,Ruane Cunniff - Sequoia Fund,1
≡,LBRDK - Liberty Broadband Corp. CL C,1.01,,583728,$63.54,"$37,090,000",,$55.09,-13.30%,$42.10,$97.16,Ruane Cunniff - Sequoia Fund,1
≡,AMTM - Amentum Holdings Inc.,0.66,,1014578,$23.95,"$24,299,000",,$30.05,25.47%,$16.01,$38.11,Ruane Cunniff - Sequoia Fund,1
≡,LBRDA - Liberty Broadband Corp. CL A,0.59,,340760,$63.33,"$21,580,000",,$55.02,-13.12%,$42.05,$95.93,Ruane Cunniff - Sequoia Fund,1
≡,GLIBK - GCI Liberty Inc. Series C,0.12,Buy,116745,$37.27,"$4,351,000",,$39.42,5.77%,$28.11,$40.10,Ruane Cunniff - Sequoia Fund,1
≡,FWONA - Liberty Media Corp Formula One Series A,0.11,,42268,$95.23,"$4,025,000",,$79.63,-16.38%,$68.00,$99.52,Ruane Cunniff - Sequoia Fund,1
≡,GLBAV - GCI Liberty Inc. Series A,0.07,Buy,68152,$37.55,"$2,559,000",,,,,,Ruane Cunniff - Sequoia Fund,1
≡,CNX - CNX Resources Corp.,7.37,Add 3.25%,2200710,$32.12,"$70,687,000",,$39.83,24.00%,$27.68,$42.13,Mason Hawkins - Longleaf Partners,1
≡,MAT - Mattel Inc.,6.86,Add 12.91%,3910545,$16.83,"$65,814,000",,$16.84,0.06%,$13.95,$22.48,Mason Hawkins - Longleaf Partners,1
≡,KHC - Kraft Heinz Co.,6.84,,2521389,$26.04,"$65,657,000",,$23.78,-8.68%,$21.99,$31.87,Mason Hawkins - Longleaf Partners,1
≡,IAC - IAC Inc.,6.62,Reduce 4.50%,1865767,$34.07,"$63,567,000",,$34.27,0.59%,$29.56,$41.86,Mason Hawkins - Longleaf Partners,1
≡,EXXRF - Exor NV,6.6,,648645,$97.68,"$63,357,000",,$86.30,-11.65%,$80.60,$106.75,Mason Hawkins - Longleaf Partners,1
≡,FDX - FedEx Corp.,6.48,,263853,$235.81,"$62,219,000",,$375.30,59.15%,$190.84,$381.99,Mason Hawkins - Longleaf Partners,1
≡,ACI - Albertsons Co Inc.,6.34,Add 41.65%,3473855,$17.51,"$60,827,000",,$18.47,5.48%,$15.66,$22.50,Mason Hawkins - Longleaf Partners,1
≡,RYN - Rayonier Inc.,6.22,Buy,2249038,$26.54,"$59,689,000",,$23.65,-10.89%,$20.13,$25.78,Mason Hawkins - Longleaf Partners,1
≡,REGN - Regeneron Pharmaceuticals,5.78,Reduce 11.96%,98688,$562.27,"$55,489,000",,$793.53,41.13%,$475.17,$821.11,Mason Hawkins - Longleaf Partners,1
≡,PVH - PVH Corp.,5.68,Reduce 32.00%,650590,$83.77,"$54,500,000",,$69.33,-17.24%,$59.20,$89.75,Mason Hawkins - Longleaf Partners,1
≡,BIO - Bio-Rad Laboratories Inc.,4.95,Reduce 22.80%,169579,$280.39,"$47,548,000",,$264.93,-5.51%,$211.43,$343.12,Mason Hawkins - Longleaf Partners,1
≡,AVTR - Avantor Inc.,4.73,Buy,3639654,$12.48,"$45,423,000",,$9.05,-27.48%,$8.90,$18.02,Mason Hawkins - Longleaf Partners,1
≡,PCH-OLD - PotlatchDeltic Corp.,4.48,Buy,1055228,$40.75,"$43,001,000",,$42.25,3.68%,$35.60,$46.07,Mason Hawkins - Longleaf Partners,1
≡,MGM - MGM Resorts International,4.23,,1171391,$34.66,"$40,600,000",,$34.27,-1.13%,$25.30,$40.16,Mason Hawkins - Longleaf Partners,1
≡,FBIN - Fortune Brands Innovations Inc.,3.83,,688909,$53.39,"$36,781,000",,$52.55,-1.57%,$44.04,$68.03,Mason Hawkins - Longleaf Partners,1
≡,CNH - CNH Industrial NV,3.74,,3308474,$10.85,"$35,897,000",,$13.09,20.65%,$9.00,$14.27,Mason Hawkins - Longleaf Partners,1
≡,FIS - Fidelity National Information Services,3.63,Reduce 19.36%,528594,$65.94,"$34,855,000",,$47.52,-27.93%,$46.16,$81.76,Mason Hawkins - Longleaf Partners,1
≡,PYPL - PayPal Holdings Inc.,3.29,,470248,$67.06,"$31,535,000",,$40.81,-39.14%,$38.46,$79.32,Mason Hawkins - Longleaf Partners,1
≡,DIS - Walt Disney Co.,2.31,,193673,$114.50,"$22,176,000",,$105.44,-7.91%,$79.22,$123.85,Mason Hawkins - Longleaf Partners,1
≡,FCNCA - First Citizens Bancshares,3.0,,9160,$1789.19,"$16,389,000",,$1990.69,11.26%,$1468.99,$2232.21,Meridian Contrarian Fund,1
≡,PENG - Penguin Solutions Inc.,2.89,Reduce 22.96%,600782,$26.28,"$15,789,000",,$19.35,-26.37%,$14.20,$29.80,Meridian Contrarian Fund,1
≡,TCBI - Texas Capital Bancshares,2.74,Add 30.15%,177000,$84.53,"$14,962,000",,$104.37,23.47%,$59.37,$108.92,Meridian Contrarian Fund,1
≡,AXS - Axis Capital Holdings Ltd.,2.59,Reduce 18.23%,148000,$95.80,"$14,178,000",,$104.35,8.92%,$83.72,$109.89,Meridian Contrarian Fund,1
≡,EVRG - Evergy Inc.,2.56,,184000,$76.02,"$13,988,000",,$81.51,7.22%,$60.19,$83.19,Meridian Contrarian Fund,1
≡,BEPC - Brookfield Renewable Corp.,2.53,Reduce 9.68%,401300,$34.42,"$13,813,000",,$44.35,28.85%,$22.96,$45.18,Meridian Contrarian Fund,1
≡,DLTR - Dollar Tree Inc.,2.53,,146562,$94.37,"$13,831,000",,$128.52,36.19%,$61.80,$142.40,Meridian Contrarian Fund,1
≡,MIR - Mirion Technologies Inc,2.49,Reduce 29.77%,585000,$23.26,"$13,607,000",,$21.99,-5.46%,$12.00,$30.28,Meridian Contrarian Fund,1
≡,NVST - Envista Holdings Corp.,2.47,,663643,$20.37,"$13,518,000",,$28.07,37.80%,$14.22,$30.42,Meridian Contrarian Fund,1
≡,CACI - CACI International Inc.,2.39,,26200,$498.78,"$13,068,000",,$564.53,13.18%,$318.60,$683.50,Meridian Contrarian Fund,1
≡,ATZ.TO - Aritzia Inc.,2.36,,215216,$60.10,"$12,934,000",,,,,,Meridian Contrarian Fund,1
≡,CCK - Crown Holdings,2.36,,133642,$96.59,"$12,908,000",,$110.32,14.21%,$75.38,$115.85,Meridian Contrarian Fund,1
≡,CCJ - Cameco Corp.,2.28,Reduce 41.72%,148789,$83.86,"$12,477,000",,$112.94,34.68%,$34.91,$135.24,Meridian Contrarian Fund,1
≡,LASR - nLight Inc.,2.26,Reduce 10.33%,416717,$29.63,"$12,347,000",,$50.89,71.75%,$6.20,$55.92,Meridian Contrarian Fund,1
≡,BWXT - BWX Technologies Inc.,2.19,Reduce 51.58%,64997,$184.36,"$11,983,000",,$201.09,9.07%,$83.78,$220.57,Meridian Contrarian Fund,1
≡,SUI - Sun Communities Inc.,2.16,Add 36.13%,91600,$129.00,"$11,816,000",,$131.47,1.91%,$103.13,$133.10,Meridian Contrarian Fund,1
≡,TRMB - Trimble Inc.,2.08,,139656,$81.65,"$11,403,000",,$65.63,-19.62%,$52.91,$87.50,Meridian Contrarian Fund,1
≡,HNST - The Honest Company inc.,2.02,Add 5.30%,2999546,$3.68,"$11,038,000",,$2.18,-40.76%,$2.07,$6.43,Meridian Contrarian Fund,1
≡,NGD - New Gold Inc.,2.02,Reduce 13.01%,1538000,$7.18,"$11,043,000",,$10.77,50.00%,$2.60,$13.63,Meridian Contrarian Fund,1
≡,DBRG - DigitalBridge Group Inc.,1.95,Add 28.99%,912121,$11.70,"$10,672,000",,$15.41,31.71%,$6.39,$15.54,Meridian Contrarian Fund,1
≡,CEVA - CEVA Inc.,1.91,,395000,$26.41,"$10,432,000",,$20.45,-22.57%,$18.23,$38.94,Meridian Contrarian Fund,1
≡,PSN - Parsons Corp.,1.9,Add 212.50%,125000,$82.92,"$10,365,000",,$61.41,-25.94%,$54.56,$89.50,Meridian Contrarian Fund,1
≡,RRX - Regal Rexnord Corp.,1.83,,69600,$143.43,"$9,983,000",,$219.05,52.72%,$89.90,$229.30,Meridian Contrarian Fund,1
≡,CNM - Core & Main Inc Class A,1.76,,179000,$53.83,"$9,636,000",,$57.30,6.45%,$43.18,$67.18,Meridian Contrarian Fund,1
≡,CRC - California Resources Corp.,1.73,,178000,$53.18,"$9,466,000",,$56.62,6.47%,$30.19,$57.91,Meridian Contrarian Fund,1
≡,PL - Planet Labs PBC,1.72,Reduce 31.93%,724958,$12.98,"$9,410,000",,$22.21,71.11%,$2.79,$30.90,Meridian Contrarian Fund,1
≡,RAMP - LiveRamp Holdings Inc.,1.71,Add 25.88%,345314,$27.14,"$9,372,000",,$24.55,-9.54%,$21.71,$35.20,Meridian Contrarian Fund,1
≡,CWCO - Consolidated Water Co. Ltd,1.69,Add 23.10%,262000,$35.28,"$9,243,000",,$37.13,5.24%,$22.41,$39.12,Meridian Contrarian Fund,1
≡,WMS - Advanced Drainage Systems,1.67,Add 144.44%,66000,$138.70,"$9,154,000",,$170.77,23.12%,$93.54,$179.32,Meridian Contrarian Fund,1
≡,UHAL - U-Haul Holding Co.,1.65,Add 108.18%,157800,$57.07,"$9,006,000",,$50.25,-11.95%,$47.84,$75.19,Meridian Contrarian Fund,1
≡,AMD - Advanced Micro Devices,1.6,Reduce 29.87%,54000,$161.80,"$8,737,000",,$203.08,25.51%,$76.48,$267.08,Meridian Contrarian Fund,1
≡,VICI - VICI Properties Inc.,1.6,,268000,$32.61,"$8,739,000",,$29.86,-8.43%,$27.19,$33.01,Meridian Contrarian Fund,1
≡,LPLA - LPL Financial Holdings Inc.,1.57,,25835,$332.69,"$8,595,000",,$322.19,-3.16%,$262.20,$402.91,Meridian Contrarian Fund,1
≡,VSEC - VSE Corp.,1.52,,50000,$166.24,"$8,312,000",,$213.34,28.33%,$95.86,$225.00,Meridian Contrarian Fund,1
≡,PACK - Ranpak Holdings Corp. CL A,1.49,Add 11.57%,1446000,$5.62,"$8,127,000",,$5.65,0.53%,$2.91,$7.69,Meridian Contrarian Fund,1
≡,DNN - Denison Mines Corp.,1.45,Add 15.73%,2892000,$2.75,"$7,953,000",,$3.81,38.55%,$1.08,$4.43,Meridian Contrarian Fund,1
≡,PDFS - PDF Solutions Inc.,1.42,Add 361.54%,300000,$25.82,"$7,746,000",,$33.66,30.36%,$15.91,$36.99,Meridian Contrarian Fund,1
≡,LEGN - Legend Biotech Corp.,1.41,Reduce 12.28%,235821,$32.61,"$7,690,000",,$18.11,-44.46%,$16.24,$45.30,Meridian Contrarian Fund,1
≡,ADEA - Adeia Inc,1.36,,444000,$16.80,"$7,459,000",,$18.73,11.49%,$10.47,$20.33,Meridian Contrarian Fund,1
≡,PRGO - Perrigo Co.,1.25,Reduce 41.86%,307000,$22.27,"$6,837,000",,$14.44,-35.16%,$11.91,$29.27,Meridian Contrarian Fund,1
≡,CSTM - Constellium SE,1.23,Reduce 21.94%,451913,$14.88,"$6,724,000",,$23.41,57.33%,$7.33,$25.49,Meridian Contrarian Fund,1
≡,AMSC - American Superconductor Corp.,1.2,Reduce 29.41%,110432,$59.39,"$6,559,000",,$36.66,-38.27%,$13.98,$70.49,Meridian Contrarian Fund,1
≡,NEOG - Neogen Corp.,1.17,Add 28.49%,1116609,$5.71,"$6,376,000",,$10.99,92.47%,$3.87,$11.15,Meridian Contrarian Fund,1
≡,UVE - Universal Insurance Holdings Inc.,1.17,Reduce 22.29%,244000,$26.30,"$6,417,000",,$32.12,22.13%,$18.89,$35.52,Meridian Contrarian Fund,1
≡,BB - BlackBerry Ltd.,1.14,Reduce 5.20%,1276833,$4.88,"$6,231,000",,$3.42,-29.92%,$2.80,$6.24,Meridian Contrarian Fund,1
≡,HLMN - Hillman Solutions Corp.,1.13,Add 71.61%,671000,$9.18,"$6,160,000",,$9.04,-1.53%,$6.55,$10.85,Meridian Contrarian Fund,1
≡,TFX - Teleflex,1.12,Buy,50000,$122.36,"$6,118,000",,$105.86,-13.48%,$100.18,$178.59,Meridian Contrarian Fund,1
≡,VFC - V.F. Corp.,1.12,,423975,$14.43,"$6,118,000",,$20.09,39.22%,$9.24,$26.10,Meridian Contrarian Fund,1
≡,LUCK - Lucky Strike Entertainment Corp.,1.08,,578803,$10.24,"$5,927,000",,$8.24,-19.53%,$5.71,$12.04,Meridian Contrarian Fund,1
≡,CRSR - Corsair Gaming Inc.,1.02,Add 128.94%,625000,$8.92,"$5,575,000",,$5.56,-37.67%,$4.48,$13.02,Meridian Contrarian Fund,1
≡,ZBIO - Zenas BioPharma Inc.,0.99,,243812,$22.20,"$5,413,000",,$26.77,20.59%,$6.11,$44.60,Meridian Contrarian Fund,1
≡,AMBA - Ambarella Inc.,0.98,,65000,$82.52,"$5,364,000",,$65.79,-20.27%,$38.86,$96.69,Meridian Contrarian Fund,1
≡,CERT - Certara Inc.,0.96,,429000,$12.22,"$5,242,000",,$6.51,-46.73%,$6.45,$15.38,Meridian Contrarian Fund,1
≡,NXE - Nexgen Energy Ltd,0.81,Reduce 8.20%,492655,$8.95,"$4,409,000",,$11.62,29.83%,$3.91,$13.96,Meridian Contrarian Fund,1
≡,ORIC - ORIC Pharmaceuticals Inc.,0.81,,370000,$12.00,"$4,440,000",,$10.09,-15.92%,$3.90,$14.93,Meridian Contrarian Fund,1
≡,MAMA - Mama's Creations Inc,0.73,Add 8.57%,380000,$10.51,"$3,994,000",,$14.98,42.53%,$5.50,$16.68,Meridian Contrarian Fund,1
≡,JHX - James Hardie Industries PLC,0.66,Buy,188000,$19.21,"$3,611,000",,$25.28,31.60%,$16.46,$29.83,Meridian Contrarian Fund,1
≡,ZVIA - Zevia PBC,0.6,,1200000,$2.72,"$3,264,000",,$1.61,-40.81%,$1.55,$3.70,Meridian Contrarian Fund,1
≡,KRNT - Kornit Digital Ltd,0.48,Reduce 38.17%,196000,$13.50,"$2,646,000",,$15.70,16.30%,$11.93,$28.77,Meridian Contrarian Fund,1
≡,KNX - Knight-Swift Transportation,0.4,Reduce 50.54%,54813,$39.52,"$2,166,000",,$59.88,51.52%,$36.26,$62.20,Meridian Contrarian Fund,1
≡,GO - Grocery Outlet Holding Corp.,0.32,Buy,110000,$16.05,"$1,766,000",,$10.04,-37.45%,$8.96,$19.41,Meridian Contrarian Fund,1
≡,SG - Sweetgreen Inc Class A,0.32,,222157,$7.98,"$1,773,000",,$5.28,-33.83%,$5.00,$27.30,Meridian Contrarian Fund,1
≡,SNBR - Sleep Number Corp.,0.27,Buy,213000,$7.02,"$1,495,000",,$9.03,28.63%,$3.49,$18.50,Meridian Contrarian Fund,1
≡,NVTS - Navitas Semiconductor Corp.,0.14,Reduce 69.97%,106000,$7.22,"$765,000",,$8.22,13.85%,$1.52,$17.79,Meridian Contrarian Fund,1
≡,ALBO-OLD - Albireo Pharma Inc.,0.07,,150750,$2.43,"$367,000",,$44.15,1716.87%,$16.02,$45.23,Meridian Contrarian Fund,1
≡,IQV - IQVIA Holdings Inc.,7.03,,2660000,$189.94,"$505,240,000",,$164.44,-13.43%,$134.65,$247.05,Bill Nygren - Oakmark Select Fund,1
≡,WBD - Warner Bros. Discovery Inc.,6.1,Reduce 4.83%,22437000,$19.53,"$438,195,000",,$28.75,47.21%,$7.52,$30.00,Bill Nygren - Oakmark Select Fund,1
≡,PSX - Phillips 66,6.03,,3187000,$136.02,"$433,496,000",,$158.16,16.28%,$88.51,$163.79,Bill Nygren - Oakmark Select Fund,1
≡,FCNCA - First Citizens Bancshares,5.78,Reduce 5.03%,232132,$1789.16,"$415,321,000",,$1990.69,11.26%,$1468.99,$2232.21,Bill Nygren - Oakmark Select Fund,1
≡,LAD - Lithia Motors Inc.,5.75,,1309100,$316.00,"$413,676,000",,$301.04,-4.73%,$260.64,$376.21,Bill Nygren - Oakmark Select Fund,1
≡,ABNB - Airbnb Inc.,5.47,,3236900,$121.42,"$393,024,000",,$124.23,2.31%,$99.88,$162.58,Bill Nygren - Oakmark Select Fund,1
≡,GOOGL - Alphabet Inc.,5.31,Reduce 21.07%,1569620,$243.10,"$381,575,000",,$302.02,24.24%,$140.14,$349.00,Bill Nygren - Oakmark Select Fund,1
≡,CRM - Salesforce.com,5.05,Add 60.25%,1532000,$237.00,"$363,084,000",,$184.29,-22.24%,$180.24,$327.60,Bill Nygren - Oakmark Select Fund,1
≡,EFX - Equifax Inc.,4.54,Add 7.44%,1271000,$256.53,"$326,050,000",,$192.70,-24.88%,$166.02,$279.27,Bill Nygren - Oakmark Select Fund,1
≡,SCHW - Charles Schwab Corp.,4.5,Reduce 11.81%,3387640,$95.47,"$323,418,000",,$93.08,-2.50%,$65.08,$107.14,Bill Nygren - Oakmark Select Fund,1
≡,ICE - Intercontinental Exchange Inc.,4.48,,1910853,$168.48,"$321,941,000",,$153.44,-8.93%,$142.74,$188.26,Bill Nygren - Oakmark Select Fund,1
≡,COF - Capital One Financial,4.45,Reduce 16.79%,1504597,$212.58,"$319,847,000",,$206.74,-2.75%,$141.84,$259.64,Bill Nygren - Oakmark Select Fund,1
≡,COP - ConocoPhillips,4.43,,3366912,$94.59,"$318,476,000",,$108.78,15.00%,$77.23,$112.10,Bill Nygren - Oakmark Select Fund,1
≡,KDP - Keurig Dr Pepper Inc.,4.24,Add 27.12%,11946598,$25.51,"$304,758,000",,$29.13,14.19%,$24.82,$35.32,Bill Nygren - Oakmark Select Fund,1
≡,CBRE - CBRE Group,3.7,Reduce 28.74%,1689752,$157.56,"$266,237,000",,$141.24,-10.36%,$108.45,$174.27,Bill Nygren - Oakmark Select Fund,1
≡,DE - Deere & Co.,3.34,,525700,$457.26,"$240,382,000",,$600.84,31.40%,$400.36,$626.25,Bill Nygren - Oakmark Select Fund,1
≡,ALLY - Ally Financial Inc.,3.3,,6047800,$39.20,"$237,074,000",,$41.29,5.33%,$28.59,$46.93,Bill Nygren - Oakmark Select Fund,1
≡,PAYC - Paycom Software Inc.,2.99,,1033700,$208.14,"$215,154,000",,$122.32,-41.23%,$104.90,$266.71,Bill Nygren - Oakmark Select Fund,1
≡,CNC - Centene Corp.,2.91,Add 124.49%,5864000,$35.68,"$209,228,000",,$41.23,15.55%,$25.08,$66.03,Bill Nygren - Oakmark Select Fund,1
≡,APA - APA Corp.,2.53,Reduce 8.42%,7501200,$24.28,"$182,129,000",,$27.34,12.60%,$12.92,$28.56,Bill Nygren - Oakmark Select Fund,1
≡,ICLR - ICON plc,2.31,Add 36.94%,949000,$175.00,"$166,075,000",,$88.62,-49.36%,$66.57,$211.00,Bill Nygren - Oakmark Select Fund,1
≡,MOH - Molina Healthcare Inc.,2.31,Add 75.39%,867000,$191.36,"$165,909,000",,$135.68,-29.10%,$121.06,$359.97,Bill Nygren - Oakmark Select Fund,1
≡,CRL - Charles River Labs,1.79,Add 21.24%,822000,$156.46,"$128,610,000",,$158.53,1.32%,$91.86,$228.88,Bill Nygren - Oakmark Select Fund,1
≡,LBRDK - Liberty Broadband Corp. CL C,0.92,Reduce 13.77%,1044300,$63.54,"$66,355,000",,$55.09,-13.30%,$42.10,$97.16,Bill Nygren - Oakmark Select Fund,1
≡,CHTR - Charter Communications,0.7,,182500,$275.11,"$50,207,000",,$237.01,-13.85%,$180.38,$437.06,Bill Nygren - Oakmark Select Fund,1
≡,GLIBK - GCI Liberty Inc. Series C,0.04,Buy,78100,$37.27,"$2,911,000",,$39.42,5.77%,$28.11,$40.10,Bill Nygren - Oakmark Select Fund,1
≡,JNJ - Johnson & Johnson,5.91,Add 66.90%,23842,$185.43,"$4,421,000",,$243.33,31.22%,$138.40,$246.35,Charles Bobrinskoy - Ariel Focus Fund,1
≡,REZI - Resideo Technologies Inc.,5.59,Reduce 37.25%,96718,$43.18,"$4,176,000",,$36.42,-15.66%,$14.18,$45.29,Charles Bobrinskoy - Ariel Focus Fund,1
≡,BOKF - BOK Financial Corp.,5.33,,35784,$111.45,"$3,988,000",,$133.56,19.84%,$83.64,$138.42,Charles Bobrinskoy - Ariel Focus Fund,1
≡,AMG - Affiliated Managers Group,5.23,,16405,$238.40,"$3,911,000",,$323.01,35.49%,$139.20,$334.00,Charles Bobrinskoy - Ariel Focus Fund,1
≡,PHIN - PHINIA Inc.,4.95,,64415,$57.49,"$3,703,000",,$75.51,31.34%,$35.67,$78.90,Charles Bobrinskoy - Ariel Focus Fund,1
≡,SNA - Snap-On Inc.,4.95,,10682,$346.56,"$3,702,000",,$381.69,10.14%,$283.93,$390.13,Charles Bobrinskoy - Ariel Focus Fund,1
≡,BAC - Bank of America Corp.,4.93,Add 4.32%,71467,$51.59,"$3,687,000",,$52.74,2.23%,$32.52,$57.55,Charles Bobrinskoy - Ariel Focus Fund,1
≡,B - Barrick Mining Corp.,4.92,,112229,$32.77,"$3,678,000",,$46.65,42.36%,$16.74,$54.69,Charles Bobrinskoy - Ariel Focus Fund,1
≡,MHK - Mohawk Industries,4.92,,28524,$128.91,"$3,677,000",,$131.91,2.33%,$96.24,$143.13,Charles Bobrinskoy - Ariel Focus Fund,1
≡,APA - APA Corp.,4.55,,140070,$24.28,"$3,401,000",,$27.34,12.60%,$12.92,$28.56,Charles Bobrinskoy - Ariel Focus Fund,1
≡,PBH - Prestige Consumer Healthcare,4.49,Buy,53828,$62.40,"$3,359,000",,$66.27,6.20%,$57.25,$90.04,Charles Bobrinskoy - Ariel Focus Fund,1
≡,LMT - Lockheed Martin Corp.,4.38,Add 6.71%,6556,$499.24,"$3,273,000",,$649.58,30.11%,$404.07,$656.34,Charles Bobrinskoy - Ariel Focus Fund,1
≡,BYD - Boyd Gaming Corp.,4.21,,36441,$86.44,"$3,150,000",,$83.22,-3.73%,$58.55,$89.96,Charles Bobrinskoy - Ariel Focus Fund,1
≡,SJM - J.M. Smucker Co,4.18,,28750,$108.59,"$3,122,000",,$106.22,-2.18%,$90.55,$116.77,Charles Bobrinskoy - Ariel Focus Fund,1
≡,SLB - Schlumberger Ltd.,4.01,Add 89.44%,87294,$34.37,"$3,000,000",,$49.84,45.01%,$30.19,$52.40,Charles Bobrinskoy - Ariel Focus Fund,1
≡,CVX - Chevron Corp.,3.89,Add 6.46%,18745,$155.29,"$2,911,000",,$180.55,16.27%,$126.35,$184.71,Charles Bobrinskoy - Ariel Focus Fund,1
≡,LH - Labcorp Holdings Inc.,3.5,,9120,$287.06,"$2,618,000",,$276.67,-3.62%,$207.67,$292.94,Charles Bobrinskoy - Ariel Focus Fund,1
≡,MOS - Mosaic Co.,3.26,,70266,$34.68,"$2,437,000",,$29.08,-16.15%,$21.79,$37.63,Charles Bobrinskoy - Ariel Focus Fund,1
≡,FAF - First Amer'n Corp.,3.02,Add 28.27%,35162,$64.25,"$2,259,000",,$68.00,5.84%,$52.20,$68.75,Charles Bobrinskoy - Ariel Focus Fund,1
≡,ORCL - Oracle Corp.,2.88,Reduce 48.24%,7643,$281.30,"$2,150,000",,$153.97,-45.26%,$117.67,$344.21,Charles Bobrinskoy - Ariel Focus Fund,1
≡,AJG - Arthur J. Gallagher & Co.,2.63,Buy,6343,$309.79,"$1,965,000",,$214.00,-30.92%,$195.00,$348.84,Charles Bobrinskoy - Ariel Focus Fund,1
≡,MSGE - Madison Square Garden Entertainment Corp.,2.05,,33799,$45.24,"$1,529,000",,$63.05,39.37%,$28.29,$63.53,Charles Bobrinskoy - Ariel Focus Fund,1
≡,BWA - BorgWarner Inc.,1.87,,31842,$43.97,"$1,400,000",,$62.51,42.17%,$24.13,$70.08,Charles Bobrinskoy - Ariel Focus Fund,1
≡,GS - Goldman Sachs Group,1.5,Reduce 55.76%,1406,$796.59,"$1,120,000",,$916.04,15.00%,$432.73,$984.70,Charles Bobrinskoy - Ariel Focus Fund,1
≡,MSGS - Madison Square Garden Sports Corp.,1.31,Reduce 17.88%,4300,$226.98,"$976,000",,$293.78,29.43%,$173.26,$299.01,Charles Bobrinskoy - Ariel Focus Fund,1
≡,GNRC - Generac Holdings Inc.,1.02,Reduce 72.59%,4572,$167.32,"$765,000",,$233.46,39.53%,$99.50,$236.00,Charles Bobrinskoy - Ariel Focus Fund,1
≡,FISV - Fiserv Inc.,0.52,Buy,3010,$128.90,"$388,000",,$63.45,-50.78%,$57.79,$238.59,Charles Bobrinskoy - Ariel Focus Fund,1
≡,GNRC - Generac Holdings Inc.,3.59,Reduce 21.78%,189517,$167.40,"$31,725,000",,$233.46,39.46%,$99.50,$236.00,John Rogers - Ariel Appreciation Fund,1
≡,SPHR - Sphere Entertainment Co.,3.47,Reduce 16.29%,494037,$62.12,"$30,690,000",,$114.71,84.66%,$23.89,$118.13,John Rogers - Ariel Appreciation Fund,1
≡,MSGE - Madison Square Garden Entertainment Corp.,3.46,Add 3.89%,675498,$45.24,"$30,560,000",,$63.05,39.37%,$28.29,$63.53,John Rogers - Ariel Appreciation Fund,1
≡,NCLH - Norwegian Cruise Line Hlgs Ltd.,3.42,Add 3.57%,1227568,$24.63,"$30,235,000",,$24.10,-2.15%,$14.21,$27.41,John Rogers - Ariel Appreciation Fund,1
≡,CRL - Charles River Labs,3.35,Add 3.33%,189436,$156.46,"$29,639,000",,$158.53,1.32%,$91.86,$228.88,John Rogers - Ariel Appreciation Fund,1
≡,LH - Labcorp Holdings Inc.,3.25,,100026,$287.06,"$28,713,000",,$276.67,-3.62%,$207.67,$292.94,John Rogers - Ariel Appreciation Fund,1
≡,IPG-OLD - Interpublic Group,3.12,,988266,$27.91,"$27,583,000",,$24.58,-11.93%,$21.93,$31.81,John Rogers - Ariel Appreciation Fund,1
≡,KN - Knowles Corp.,3.1,Reduce 7.08%,1175335,$23.31,"$27,397,000",,$27.14,16.43%,$12.19,$27.73,John Rogers - Ariel Appreciation Fund,1
≡,MAT - Mattel Inc.,3.09,,1621719,$16.83,"$27,294,000",,$16.84,0.06%,$13.95,$22.48,John Rogers - Ariel Appreciation Fund,1
≡,CG - Carlyle Group,3.06,Reduce 11.50%,430929,$62.70,"$27,019,000",,$54.24,-13.49%,$32.17,$68.94,John Rogers - Ariel Appreciation Fund,1
≡,FAF - First Amer'n Corp.,3.04,Add 11.63%,418198,$64.24,"$26,865,000",,$68.00,5.85%,$52.20,$68.75,John Rogers - Ariel Appreciation Fund,1
≡,BIO - Bio-Rad Laboratories Inc.,2.85,Reduce 3.61%,89842,$280.39,"$25,191,000",,$264.93,-5.51%,$211.43,$343.12,John Rogers - Ariel Appreciation Fund,1
≡,LAZ - Lazard Inc.,2.76,Reduce 9.51%,461635,$52.78,"$24,365,000",,$51.68,-2.08%,$30.68,$58.75,John Rogers - Ariel Appreciation Fund,1
≡,JLL - Jones Lang Lasalle Inc.,2.75,Reduce 4.00%,81550,$298.28,"$24,325,000",,$286.83,-3.84%,$194.36,$363.06,John Rogers - Ariel Appreciation Fund,1
≡,GNTX - Gentex Corp.,2.71,,848245,$28.30,"$24,005,000",,$24.61,-13.04%,$19.98,$29.10,John Rogers - Ariel Appreciation Fund,1
≡,NVST - Envista Holdings Corp.,2.65,Reduce 3.60%,1150573,$20.37,"$23,437,000",,$28.07,37.80%,$14.22,$30.42,John Rogers - Ariel Appreciation Fund,1
≡,REZI - Resideo Technologies Inc.,2.59,Reduce 29.25%,530283,$43.18,"$22,898,000",,$36.42,-15.66%,$14.18,$45.29,John Rogers - Ariel Appreciation Fund,1
≡,MSGS - Madison Square Garden Sports Corp.,2.49,,97166,$227.00,"$22,057,000",,$293.78,29.42%,$173.26,$299.01,John Rogers - Ariel Appreciation Fund,1
≡,BOKF - BOK Financial Corp.,2.48,,196398,$111.44,"$21,887,000",,$133.56,19.85%,$83.64,$138.42,John Rogers - Ariel Appreciation Fund,1
≡,MIDD - Middleby Corp.,2.48,Add 15.72%,165316,$132.93,"$21,975,000",,$163.56,23.04%,$110.82,$182.73,John Rogers - Ariel Appreciation Fund,1
≡,OSW - OneSpaWorld Holdings Ltd,2.48,Add 3.22%,1038560,$21.14,"$21,955,000",,$23.38,10.60%,$14.12,$23.54,John Rogers - Ariel Appreciation Fund,1
≡,KEYS - Keysight Technologies Inc.,2.44,,123545,$174.92,"$21,610,000",,$234.39,34.00%,$121.43,$242.62,John Rogers - Ariel Appreciation Fund,1
≡,NVT - nVent Electric plc,2.43,,217685,$98.64,"$21,472,000",,$115.22,16.81%,$41.28,$120.85,John Rogers - Ariel Appreciation Fund,1
≡,NTRS - Northern Trust Corp.,2.38,Reduce 11.52%,156598,$134.60,"$21,078,000",,$147.23,9.38%,$80.06,$157.60,John Rogers - Ariel Appreciation Fund,1
≡,SLB - Schlumberger Ltd.,2.36,Add 14.54%,606602,$34.37,"$20,849,000",,$49.84,45.01%,$30.19,$52.40,John Rogers - Ariel Appreciation Fund,1
≡,CLB - Core Laboratories Inc.,2.12,Add 10.58%,1513465,$12.36,"$18,706,000",,$18.75,51.70%,$9.71,$20.35,John Rogers - Ariel Appreciation Fund,1
≡,SCHW - Charles Schwab Corp.,2.09,Reduce 13.19%,193841,$95.47,"$18,506,000",,$93.08,-2.50%,$65.08,$107.14,John Rogers - Ariel Appreciation Fund,1
≡,KKR - KKR & Co. L.P.,2.08,Reduce 15.11%,141527,$129.95,"$18,391,000",,$102.55,-21.09%,$85.62,$153.15,John Rogers - Ariel Appreciation Fund,1
≡,SWK - Stanley Black & Decker Inc.,2.06,,245677,$74.33,"$18,261,000",,$90.90,22.29%,$52.01,$93.37,John Rogers - Ariel Appreciation Fund,1
≡,CBRE - CBRE Group,2.05,,114785,$157.56,"$18,086,000",,$141.24,-10.36%,$108.45,$174.27,John Rogers - Ariel Appreciation Fund,1
≡,PBH - Prestige Consumer Healthcare,2.05,Buy,290755,$62.40,"$18,143,000",,$66.27,6.20%,$57.25,$90.04,John Rogers - Ariel Appreciation Fund,1
≡,FISV - Fiserv Inc.,1.95,Add 36.84%,133940,$128.93,"$17,269,000",,$63.45,-50.79%,$57.79,$238.59,John Rogers - Ariel Appreciation Fund,1
≡,AXTA - Axalta Coating Systems Ltd.,1.9,Add 5.24%,585944,$28.62,"$16,770,000",,$34.95,22.12%,$26.28,$37.50,John Rogers - Ariel Appreciation Fund,1
≡,ADT - ADT Inc.,1.85,Reduce 5.15%,1881141,$8.71,"$16,385,000",,$7.75,-11.02%,$7.08,$8.87,John Rogers - Ariel Appreciation Fund,1
≡,SJM - J.M. Smucker Co,1.66,Add 6.35%,135116,$108.60,"$14,674,000",,$106.22,-2.19%,$90.55,$116.77,John Rogers - Ariel Appreciation Fund,1
≡,KMX - CarMax Inc.,1.64,Add 4.94%,323429,$44.87,"$14,512,000",,$42.25,-5.84%,$30.26,$89.47,John Rogers - Ariel Appreciation Fund,1
≡,MANU - Manchester United plc,1.51,Reduce 5.30%,883528,$15.14,"$13,377,000",,$17.66,16.64%,$12.05,$19.65,John Rogers - Ariel Appreciation Fund,1
≡,LFUS - Littelfuse Inc.,1.49,Reduce 15.94%,51029,$259.01,"$13,217,000",,$349.74,35.03%,$140.76,$367.35,John Rogers - Ariel Appreciation Fund,1
≡,AFL - AFLAC Inc.,1.46,,115387,$111.70,"$12,889,000",,$115.42,3.33%,$95.14,$118.69,John Rogers - Ariel Appreciation Fund,1
≡,TAP - Molson Coors Beverage Co.,1.41,,275903,$45.25,"$12,485,000",,$50.90,12.49%,$42.50,$62.82,John Rogers - Ariel Appreciation Fund,1
≡,KMT - Kennametal Inc.,0.88,Reduce 37.58%,373802,$20.93,"$7,824,000",,$39.06,86.62%,$16.76,$41.74,John Rogers - Ariel Appreciation Fund,1
≡,MOH - Molina Healthcare Inc.,43.49,Buy,125000,$191.36,"$23,920,000",,$135.68,-29.10%,$121.06,$359.97,Michael Burry - Scion Asset Management,1
≡,LULU - Lululemon Athletica Inc.,32.35,Add 100.00%,100000,$177.93,"$17,793,000",,$177.72,-0.12%,$159.25,$374.41,Michael Burry - Scion Asset Management,1
≡,SLM - SLM Corp.,24.16,Buy,480054,$27.68,"$13,288,000",,$23.90,-13.66%,$23.51,$34.67,Michael Burry - Scion Asset Management,1
